交通类型代码,交通类型中文,stop_id,stop_name,stop_lat,stop_lon,zone_id,wheelchair_boarding,stop_name_泰文,stop_name_英文,分类依据
UNKNOWN,未分类／关联异常,469,หมู่บ้านจามจุรี หนองจอก;Muban Cham Churi Nong Chok,13.850150828571783,100.88336482644081,469,1,หมู่บ้านจามจุรี หนองจอก,Muban Cham Churi Nong Chok,未被行程或票价规则引用
UNKNOWN,未分类／关联异常,721,"บริษัทออโตแพคจำกัด;Autopack Co.,Ltd.",13.730817805,100.29939886,721,1,บริษัทออโตแพคจำกัด,"Autopack Co.,Ltd.",未被行程或票价规则引用
UNKNOWN,未分类／关联异常,722,ตรงข้ามอู่วิริยะ;Bunsong Car Care (Opposie),13.72456314,100.2989851,722,1,ตรงข้ามอู่วิริยะ,Bunsong Car Care (Opposie),未被行程或票价规则引用
UNKNOWN,未分类／关联异常,758,โรงเรียนบ้านใหม่พัฒนา;Ban Mai Pattana School,13.9581231238146,100.550837796737,758,1,โรงเรียนบ้านใหม่พัฒนา,Ban Mai Pattana School,未被行程或票价规则引用
UNKNOWN,未分类／关联异常,763,ตรงข้ามโรงเรียนบ้านใหม่พัฒนา;Ban Mai Pattana School (Opposite),13.95809425075568,100.55053103347346,763,1,ตรงข้ามโรงเรียนบ้านใหม่พัฒนา,Ban Mai Pattana School (Opposite),未被行程或票价规则引用
UNKNOWN,未分类／关联异常,772,แยกอรุณอัมรินทร์(บริษัทสุราบางยี่ขัน);Arun Ammarin Intersection,13.769765367,100.48663235,772,1,แยกอรุณอัมรินทร์(บริษัทสุราบางยี่ขัน),Arun Ammarin Intersection,未被行程或票价规则引用
UNKNOWN,未分类／关联异常,850,หมู่บ้านภาสกร 2;Phatsakon 2 Village,13.63379501,100.36633556,850,1,หมู่บ้านภาสกร 2,Phatsakon 2 Village,未被行程或票价规则引用
UNKNOWN,未分类／关联异常,951,หลังแยกบางลำพู;Behind Bang Lamphu intersection,13.762669533,100.49740203,951,1,หลังแยกบางลำพู,Behind Bang Lamphu intersection,未被行程或票价规则引用
UNKNOWN,未分类／关联异常,973,ซอยโพธิ์แก้ว 5;Soi Pho Kaeo 5,13.799846018,100.64040168,973,1,ซอยโพธิ์แก้ว 5,Soi Pho Kaeo 5,未被行程或票价规则引用
UNKNOWN,未分类／关联异常,979,ตรงข้ามสนามฟุตบอลซอยโพธิ์แก้ว;Soccer Field Soi Pho Kaew,13.79970284122745,100.63834369182587,979,1,ตรงข้ามสนามฟุตบอลซอยโพธิ์แก้ว,Soccer Field Soi Pho Kaew,未被行程或票价规则引用
UNKNOWN,未分类／关联异常,989,โรงเรียนอนุราชประสิทธิ์;Anurat Prasit School,13.872787215,100.49558583,989,1,โรงเรียนอนุราชประสิทธิ์,Anurat Prasit School,未被行程或票价规则引用
UNKNOWN,未分类／关联异常,1014,"อาคารแปซิฟิคเฟลล์,สุขุมวิทซอย7;Pacific Building, Sukhumwit Soi 7",13.740692203929822,100.55542575891225,1014,1,"อาคารแปซิฟิคเฟลล์,สุขุมวิทซอย7","Pacific Building, Sukhumwit Soi 7",未被行程或票价规则引用
UNKNOWN,未分类／关联异常,1016,ตรงข้ามสวนเบญจศิริ;Benjasiri Park (Opposite),13.731573374135976,100.56830577912244,1016,1,ตรงข้ามสวนเบญจศิริ,Benjasiri Park (Opposite),未被行程或票价规则引用
UNKNOWN,未分类／关联异常,1020,ซอยสุขุมวิท 40(ยูเนสโก้);Soi Sukhumvit 40 (Unesco),13.722618889,100.58094223,1020,1,ซอยสุขุมวิท 40(ยูเนสโก้),Soi Sukhumvit 40 (Unesco),未被行程或票价规则引用
UNKNOWN,未分类／关联异常,1071,สมาคมเตชะสัมพันธ์;Techa Samphan Association,13.680950970740575,100.54787729431422,1071,1,สมาคมเตชะสัมพันธ์,Techa Samphan Association,未被行程或票价规则引用
UNKNOWN,未分类／关联异常,1079,โรงปูน;Cement Plant,13.675341747,100.53298342,1079,1,โรงปูน,Cement Plant,未被行程或票价规则引用
UNKNOWN,未分类／关联异常,1298,ประชาราษฎร์สาย 1 ซอย 15;Pracharat Sai 1 Soi 15,13.807112771,100.52154014,1298,1,ประชาราษฎร์สาย 1 ซอย 15,Pracharat Sai 1 Soi 15,未被行程或票价规则引用
UNKNOWN,未分类／关联异常,1541,หลังแยกบ้านแขก;After Ban Khaek Intersection,13.729449497,100.49432534,1541,1,หลังแยกบ้านแขก,After Ban Khaek Intersection,未被行程或票价规则引用
UNKNOWN,未分类／关联异常,1542,วงเวียนใหญ่ (นิรันดร์รัตน์);Wong Wian Yai (Niranrat),13.727791648,100.49375489,1542,1,วงเวียนใหญ่ (นิรันดร์รัตน์),Wong Wian Yai (Niranrat),未被行程或票价规则引用
UNKNOWN,未分类／关联异常,1553,โรงเรียนต้นส้ม;Ton Som School,13.752571133,100.47802522,1553,1,โรงเรียนต้นส้ม,Ton Som School,未被行程或票价规则引用
UNKNOWN,未分类／关联异常,1804,ปัอมมหากาฬ;Mahakan Fort Park,13.7537220324101,100.504965374496,1804,1,ปัอมมหากาฬ,Mahakan Fort Park,未被行程或票价规则引用
UNKNOWN,未分类／关联异常,1807,วงเวียน 22 กรกฎา;22 July Circle,13.741516604,100.51305869,1807,1,วงเวียน 22 กรกฎา,22 July Circle,未被行程或票价规则引用
UNKNOWN,未分类／关联异常,1867,ซอยมิตรไมตรี 28;Soi Mitmaitri 28,13.851839994,100.80082532,1867,1,ซอยมิตรไมตรี 28,Soi Mitmaitri 28,未被行程或票价规则引用
UNKNOWN,未分类／关联异常,1958,พุทธมณฑลสาย 3 ซอย 20;Phutthamonthon Sai 3 Soi 20,13.784279799,100.36396393,1958,1,พุทธมณฑลสาย 3 ซอย 20,Phutthamonthon Sai 3 Soi 20,未被行程或票价规则引用
UNKNOWN,未分类／关联异常,1972,ซอยหมู่บ้านสุชา;Soi Muban Sucha,13.710755278,100.36423534,1972,1,ซอยหมู่บ้านสุชา,Soi Muban Sucha,未被行程或票价规则引用
UNKNOWN,未分类／关联异常,1980,โรงเรียนกสินธรอนุสรณ์ตรงข้ามกสิณธรคาเดมี่;Kasinthorn Academy,13.743588878,100.36359376,1980,1,โรงเรียนกสินธรอนุสรณ์ตรงข้ามกสิณธรคาเดมี่,Kasinthorn Academy,未被行程或票价规则引用
UNKNOWN,未分类／关联异常,1985,พุทธมณฑลสาย 3 ซอย 23;Phutthamonthon Sai 3 Soi 23,13.785752681,100.36356154,1985,1,พุทธมณฑลสาย 3 ซอย 23,Phutthamonthon Sai 3 Soi 23,未被行程或票价规则引用
UNKNOWN,未分类／关联异常,1997,แฟลตสามเสน;Flaet Samsen,13.783207093,100.53432789,1997,1,แฟลตสามเสน,Flaet Samsen,未被行程或票价规则引用
UNKNOWN,未分类／关联异常,2009,"ซอยม่วงสกุล 1,โรงเรียนศาลเจ้าห้าวนุกูลวิทยา;Soi Muangsakul",13.6637982,100.42882238,2009,1,"ซอยม่วงสกุล 1,โรงเรียนศาลเจ้าห้าวนุกูลวิทยา",Soi Muangsakul,未被行程或票价规则引用
UNKNOWN,未分类／关联异常,2181,ตลาดโพธิ์สุวรรณ์(ขาเข้า);Pho Suwan Market,13.83468348,100.63761577,2181,1,ตลาดโพธิ์สุวรรณ์(ขาเข้า),Pho Suwan Market,未被行程或票价规则引用
UNKNOWN,未分类／关联异常,2248,โรงพยาบาลสัตว์แชมเปี่ยนส์;Chapions Animal Hospital,13.70682993,100.29758569,2248,1,โรงพยาบาลสัตว์แชมเปี่ยนส์,Chapions Animal Hospital,未被行程或票价规则引用
UNKNOWN,未分类／关联异常,2323,หมู่บ้านมหามงคล;Maha Mongkhon Village,13.742554068,100.39541829,2323,1,หมู่บ้านมหามงคล,Maha Mongkhon Village,未被行程或票价规则引用
UNKNOWN,未分类／关联异常,2375,แยกอรุณอัมรินทร์;Arun Amarin Intersection,13.76707281688815,100.4864193597898,2375,1,แยกอรุณอัมรินทร์,Arun Amarin Intersection,未被行程或票价规则引用
UNKNOWN,未分类／关联异常,2759,ซอยสาธุประดิษฐ์ 58;Sathu Pradit Soi 58,13.687645653891087,100.52223814694693,2759,1,ซอยสาธุประดิษฐ์ 58,Sathu Pradit Soi 58,未被行程或票价规则引用
UNKNOWN,未分类／关联异常,2785,ตรงข้ามร้านมาสเตอร์สุกี้;Master Suki (Opposite),13.756169567,100.74765073,2785,1,ตรงข้ามร้านมาสเตอร์สุกี้,Master Suki (Opposite),未被行程或票价规则引用
UNKNOWN,未分类／关联异常,2918,แยกทองหล่อเหนือ(ขาออก);Thong Lo Intersrction (North),13.743562344,100.59022146,2918,1,แยกทองหล่อเหนือ(ขาออก),Thong Lo Intersrction (North),未被行程或票价规则引用
UNKNOWN,未分类／关联异常,2971,ตรงข้ามสถานีตำรวจดับเพลิงบางอ้อ;Bang Ao Fire Station,13.802616696,100.51157715,2971,1,ตรงข้ามสถานีตำรวจดับเพลิงบางอ้อ,Bang Ao Fire Station,未被行程或票价规则引用
UNKNOWN,未分类／关联异常,2988,"วัดกลาง,วัดจันทาราม;Wat Klang, Chantharam Temple",13.722220538,100.48163299,2988,1,"วัดกลาง,วัดจันทาราม","Wat Klang, Chantharam Temple",未被行程或票价规则引用
UNKNOWN,未分类／关联异常,3016,ซอยวุฒากาศ 47;Soi Wutthakat 47,13.706113775,100.46841472,3016,1,ซอยวุฒากาศ 47,Soi Wutthakat 47,未被行程或票价规则引用
UNKNOWN,未分类／关联异常,3183,โรงแรมนาซ่าเวกัส;Nava Vegas Hotel,13.7430098,100.60139817,3183,1,โรงแรมนาซ่าเวกัส,Nava Vegas Hotel,未被行程或票价规则引用
UNKNOWN,未分类／关联异常,3355,ซอยอินทามระ 51;Soi Inthamara 51,13.78380708,100.56720659,3355,1,ซอยอินทามระ 51,Soi Inthamara 51,未被行程或票价规则引用
UNKNOWN,未分类／关联异常,3399,"ซอยไสวสุวรรณ,วัดอนัมนิกายาราม(วัดญวณ);Soi Saisuwan",13.811484883,100.52166539,3399,1,"ซอยไสวสุวรรณ,วัดอนัมนิกายาราม(วัดญวณ)",Soi Saisuwan,未被行程或票价规则引用
UNKNOWN,未分类／关联异常,3491,ตลาดวงเวียนใหญ่;Wongwian Yai Market,13.723938855327306,100.49244600849187,3491,1,ตลาดวงเวียนใหญ่,Wongwian Yai Market,未被行程或票价规则引用
UNKNOWN,未分类／关联异常,3517,ตรงข้ามหมู่บ้านภาสกร 2;Phasakorn Village 2 (Opposite),13.633802018,100.36665761,3517,1,ตรงข้ามหมู่บ้านภาสกร 2,Phasakorn Village 2 (Opposite),未被行程或票价规则引用
UNKNOWN,未分类／关联异常,3610,สะพานปลา;Fish Marketing,13.712366152,100.51233011,3610,1,สะพานปลา,Fish Marketing,未被行程或票价规则引用
UNKNOWN,未分类／关联异常,3622,จราจรกลาง;Central Traffic,13.747140882,100.49810761,3622,1,จราจรกลาง,Central Traffic,未被行程或票价规则引用
UNKNOWN,未分类／关联异常,3739,ซอยโชคดี;Soi Chok Di,13.71894522,100.56268236,3739,1,ซอยโชคดี,Soi Chok Di,未被行程或票价规则引用
UNKNOWN,未分类／关联异常,3939,โรงแรมแฮปปี้อิน;Happy In Hotel,13.770869892733538,100.47991194945614,3939,1,โรงแรมแฮปปี้อิน,Happy In Hotel,未被行程或票价规则引用
UNKNOWN,未分类／关联异常,3945,"โรงพยาบาลศรีวิชัย,วัดรวก;Srivichai Hospital, Wat Ruak",13.756173733,100.46942117,3945,1,"โรงพยาบาลศรีวิชัย,วัดรวก","Srivichai Hospital, Wat Ruak",未被行程或票价规则引用
UNKNOWN,未分类／关联异常,3954,ตรงข้ามสถานีตำรวจบางกอกใหญ่;Police Station Bangkok Yai (Opposite),13.730516688,100.47375622,3954,1,ตรงข้ามสถานีตำรวจบางกอกใหญ่,Police Station Bangkok Yai (Opposite),未被行程或票价规则引用
UNKNOWN,未分类／关联异常,4035,ซอยเจียรสวัสดิ์;Soi Chain Sawat,13.71292768,100.58187737,4035,1,ซอยเจียรสวัสดิ์,Soi Chain Sawat,未被行程或票价规则引用
UNKNOWN,未分类／关联异常,4037,กวงกลการ;Kwong Kollakarn Limited Partnership,13.714473453,100.5775336,4037,1,กวงกลการ,Kwong Kollakarn Limited Partnership,未被行程或票价规则引用
UNKNOWN,未分类／关联异常,4048,โรงแรมมณเฑียร;Montien Hotel Bangkok,13.731028684,100.53268555,4048,1,โรงแรมมณเฑียร,Montien Hotel Bangkok,未被行程或票价规则引用
UNKNOWN,未分类／关联异常,4060,คลองเตย;Khlong Toei,13.722515769,100.55406784,4060,1,คลองเตย,Khlong Toei,未被行程或票价规则引用
UNKNOWN,未分类／关联异常,4062,ตรงข้ามการไฟฟ้าคลองเตย;Electicity Authority Klong Toei (Opposite),13.721311339,100.55668766,4062,1,ตรงข้ามการไฟฟ้าคลองเตย,Electicity Authority Klong Toei (Opposite),未被行程或票价规则引用
UNKNOWN,未分类／关联异常,4071,ตรงข้ามซอยฟาร์มวัฒนา;Soi Farmwattana (Opposite),13.713004358,100.58642019,4071,1,ตรงข้ามซอยฟาร์มวัฒนา,Soi Farmwattana (Opposite),未被行程或票价规则引用
UNKNOWN,未分类／关联异常,4072,โรงเรียนพระโขนงวิทยา;Phra Khanong Witthaya School,13.71289186440317,100.58904932614668,4072,1,โรงเรียนพระโขนงวิทยา,Phra Khanong Witthaya School,未被行程或票价规则引用
UNKNOWN,未分类／关联异常,4081,"โรงไก่,ซอยปรีดีพนมยงค์ 45;Pridi Banomyong Soi 45",13.73592115797608,100.59790777683943,4081,1,"โรงไก่,ซอยปรีดีพนมยงค์ 45",Pridi Banomyong Soi 45,未被行程或票价规则引用
UNKNOWN,未分类／关联异常,4145,หมู่บ้านมณียา;Maneeya Village,13.881376856,100.45832355,4145,1,หมู่บ้านมณียา,Maneeya Village,未被行程或票价规则引用
UNKNOWN,未分类／关联异常,4259,ซอยบ้านเอื้ออาทร 7;Soi Baan Uea Athon 7,13.747785511,100.65677551,4259,1,ซอยบ้านเอื้ออาทร 7,Soi Baan Uea Athon 7,未被行程或票价规则引用
UNKNOWN,未分类／关联异常,4298,ใต้สะพานแขวน;Suspenion Bridge,13.685780306,100.52012701,4298,1,ใต้สะพานแขวน,Suspenion Bridge,未被行程或票价规则引用
UNKNOWN,未分类／关联异常,4418,มณฑลทหารบกที่ 11 (ฝั่งพระราม 5);11th Military Circle (Rama 5 side),13.7854547,100.52551144,4418,1,มณฑลทหารบกที่ 11 (ฝั่งพระราม 5),11th Military Circle (Rama 5 side),未被行程或票价规则引用
UNKNOWN,未分类／关联异常,4469,ตรงข้ามสำนักงานเขตคลองสามวา;Opposite Khlong Sam Wa District Office,13.860118946,100.70235994,4469,1,ตรงข้ามสำนักงานเขตคลองสามวา,Opposite Khlong Sam Wa District Office,未被行程或票价规则引用
UNKNOWN,未分类／关联异常,4531,แยกวัดสิงห์(ถนนกัลปพฤกษ์ขาออก);Wat Sing Intersection,13.694656363,100.43781001,4531,1,แยกวัดสิงห์(ถนนกัลปพฤกษ์ขาออก),Wat Sing Intersection,未被行程或票价规则引用
UNKNOWN,未分类／关联异常,4532,แยกวัดสิงห์(ถนนกัลปพฤกษ์ขาเข้า);Wat Sing Intersection,13.694875264,100.43745596,4532,1,แยกวัดสิงห์(ถนนกัลปพฤกษ์ขาเข้า),Wat Sing Intersection,未被行程或票价规则引用
UNKNOWN,未分类／关联异常,4534,แยกบางบอน(ถนนกัลปพฤกษ์ขาออก);Bang Bon Intersection,13.686666363,100.42627115,4534,1,แยกบางบอน(ถนนกัลปพฤกษ์ขาออก),Bang Bon Intersection,未被行程或票价规则引用
UNKNOWN,未分类／关联异常,4543,ตรงข้ามหมู่บ้านพรทวีวิลล่า;Phonthawi Villa Village (Opposite),13.76292251,100.34726937,4543,1,ตรงข้ามหมู่บ้านพรทวีวิลล่า,Phonthawi Villa Village (Opposite),未被行程或票价规则引用
UNKNOWN,未分类／关联异常,4547,"ซอยเลียบคลอง 9,ตรงข้ามซอยทวีวัฒนา 9;Soi Liap Klong 9",13.743455998594813,100.35649756435103,4547,1,"ซอยเลียบคลอง 9,ตรงข้ามซอยทวีวัฒนา 9",Soi Liap Klong 9,未被行程或票价规则引用
UNKNOWN,未分类／关联异常,4554,ปากทางเลียบคลองทวีวัฒนา;Liap Khlong Thawi Watthana,13.718312051,100.36828179,4554,1,ปากทางเลียบคลองทวีวัฒนา,Liap Khlong Thawi Watthana,未被行程或票价规则引用
UNKNOWN,未分类／关联异常,4568,สายน้ำผึ้ง;Sainamphueng,13.719766444,100.5652633,4568,1,สายน้ำผึ้ง,Sainamphueng,未被行程或票价规则引用
UNKNOWN,未分类／关联异常,4601,ท่าปล่อยรถ สายใต้ใหม่ (ตลิ่งชัน);Bus Terminal (Southern) (Talingchan),13.7801207060946,100.426006055848,4601,1,ท่าปล่อยรถ สายใต้ใหม่ (ตลิ่งชัน),Bus Terminal (Southern) (Talingchan),未被行程或票价规则引用
UNKNOWN,未分类／关联异常,4649,สะพานวันชาติ;Wan Chat Bridge,13.758952154,100.50327737,4649,1,สะพานวันชาติ,Wan Chat Bridge,未被行程或票价规则引用
UNKNOWN,未分类／关联异常,4751,มหาวิทยาลัยกรุงเทพธนบุรี;Bangkokthonburi University,13.766758985490078,100.34544263305308,4751,1,มหาวิทยาลัยกรุงเทพธนบุรี,Bangkokthonburi University,未被行程或票价规则引用
UNKNOWN,未分类／关联异常,4761,อู่ไทยสมายล์บัส เคหะธนบุรี (จุดสิ้นสุด);Bus Depot Viriyawong,13.650371411108,100.419080699649,4761,1,อู่ไทยสมายล์บัส เคหะธนบุรี (จุดสิ้นสุด),Bus Depot Viriyawong,未被行程或票价规则引用
UNKNOWN,未分类／关联异常,4880,ก่อนแยกถนนคุ้มเกล้า-เจ้าคุณทหาร;Khum Klao - Chaokhun Thahan Road Intersection,13.752326958,100.77824485,4880,1,ก่อนแยกถนนคุ้มเกล้า-เจ้าคุณทหาร,Khum Klao - Chaokhun Thahan Road Intersection,未被行程或票价规则引用
UNKNOWN,未分类／关联异常,4881,"บริษัท ไทยคริปตอน จำกัด;Thaicripton Co.,Ltd",13.755441065,100.75145498,4881,1,บริษัท ไทยคริปตอน จำกัด,"Thaicripton Co.,Ltd",未被行程或票价规则引用
UNKNOWN,未分类／关联异常,4882,พิศิษฐ์ดีเซลเทอร์โบ;Pisit Diesel Turbo,13.755771027,100.74846192,4882,1,พิศิษฐ์ดีเซลเทอร์โบ,Pisit Diesel Turbo,未被行程或票价规则引用
UNKNOWN,未分类／关联异常,4895,ตรงข้ามท่าพระอาทิตย์;Opposite Tha Phra Athit,13.763179675,100.49502195,4895,1,ตรงข้ามท่าพระอาทิตย์,Opposite Tha Phra Athit,未被行程或票价规则引用
UNKNOWN,未分类／关联异常,4896,ตรงข้ามวังมะลิวัลย์;Opposite Wang Maliwan,13.762127697,100.49369081,4896,1,ตรงข้ามวังมะลิวัลย์,Opposite Wang Maliwan,未被行程或票价规则引用
UNKNOWN,未分类／关联异常,4901,"ตรงข้ามหมู่บ้านอิ่มอำพร ,ร้านก้วยเตี๋ยวหมูต้มยำ,;Im Amporn Village (Opposite)",13.727174724,100.45498157,4901,1,"ตรงข้ามหมู่บ้านอิ่มอำพร ,ร้านก้วยเตี๋ยวหมูต้มยำ,",Im Amporn Village (Opposite),未被行程或票价规则引用
UNKNOWN,未分类／关联异常,4917,สำนักงานเขตบางกอกใหญ่;Bangkok Yai District Office,13.723473119795875,100.47641200435103,4917,1,สำนักงานเขตบางกอกใหญ่,Bangkok Yai District Office,未被行程或票价规则引用
UNKNOWN,未分类／关联异常,5113,คาซ่าวิลล์;Casa Ville,13.887865190160111,100.45062141606935,5113,1,คาซ่าวิลล์,Casa Ville,未被行程或票价规则引用
UNKNOWN,未分类／关联异常,5130,ท่าปล่อยรถสาย 14;Bus Terminal Line14,13.785703910431556,100.51128653393067,5130,1,ท่าปล่อยรถสาย 14,Bus Terminal Line14,未被行程或票价规则引用
UNKNOWN,未分类／关联异常,5147,สภอ. บางกรวย;Police Station Bang Kruai,13.8163214,100.4495721,5147,1,สภอ. บางกรวย,Police Station Bang Kruai,未被行程或票价规则引用
UNKNOWN,未分类／关联异常,5155,ราชพฤกษ์ 6 มหาวิทยาลัยสยาม;Siam University,13.730443744,100.45203693,5155,1,ราชพฤกษ์ 6 มหาวิทยาลัยสยาม,Siam University,未被行程或票价规则引用
UNKNOWN,未分类／关联异常,5193,สามเจริญพานิช;Samcharoen Thailand Mall,13.798265211,100.50911472,5193,1,สามเจริญพานิช,Samcharoen Thailand Mall,未被行程或票价规则引用
UNKNOWN,未分类／关联异常,5277,พุทธมณฑลสาย 1 ซอย 26;Phutthamonthon 1 Soi 26,13.77117671,100.42616788,5277,1,พุทธมณฑลสาย 1 ซอย 26,Phutthamonthon 1 Soi 26,未被行程或票价规则引用
UNKNOWN,未分类／关联异常,5280,โลตัส เอ็กซ์เพรส;Lotus Express,13.76017736,100.42708151,5280,1,โลตัส เอ็กซ์เพรส,Lotus Express,未被行程或票价规则引用
UNKNOWN,未分类／关联异常,5281,บ้านโสภา (ถนนบางเชือกหนัง);Baan Sopha (Bang Chueak Nhang Road),13.74691051,100.42756095,5281,1,บ้านโสภา (ถนนบางเชือกหนัง),Baan Sopha (Bang Chueak Nhang Road),未被行程或票价规则引用
UNKNOWN,未分类／关联异常,5282,ก่อนถึงวัดตะล่อม;Wat Talom,13.74325383,100.4276575,5282,1,ก่อนถึงวัดตะล่อม,Wat Talom,未被行程或票价规则引用
UNKNOWN,未分类／关联异常,5286,ร้านอาหารบ้านอิสรางกูร;Baan Isarangkura Restaurant,13.78983113,100.43992526,5286,1,ร้านอาหารบ้านอิสรางกูร,Baan Isarangkura Restaurant,未被行程或票价规则引用
UNKNOWN,未分类／关联异常,5287,ร้านหมูสะเต๊ะ;Satey Pork Bistro,13.79272841,100.43617889,5287,1,ร้านหมูสะเต๊ะ,Satey Pork Bistro,未被行程或票价规则引用
UNKNOWN,未分类／关联异常,5295,พุทธมณฑลสาย 1 ซอย 25;Phutthamonthon 1 Soi 25,13.76783335,100.42581818,5295,1,พุทธมณฑลสาย 1 ซอย 25,Phutthamonthon 1 Soi 25,未被行程或票价规则引用
UNKNOWN,未分类／关联异常,5297,ร้านส้มตำคุณแดง;Somtum Khon Dang,13.75943129,100.4268619,5297,1,ร้านส้มตำคุณแดง,Somtum Khon Dang,未被行程或票价规则引用
UNKNOWN,未分类／关联异常,5298,ร้านกะทะบางกอก;Katha Bangkok Restaurent,13.74506915,100.42727764,5298,1,ร้านกะทะบางกอก,Katha Bangkok Restaurent,未被行程或票价规则引用
UNKNOWN,未分类／关联异常,5301,บ้านตะเกียงดาว (พุทธมณฑลสาย 1 ซอย 9);Takengdaow (Phutthamonthon 1 Soi 9),13.72737849,100.42775776,5301,1,บ้านตะเกียงดาว (พุทธมณฑลสาย 1 ซอย 9),Takengdaow (Phutthamonthon 1 Soi 9),未被行程或票价规则引用
UNKNOWN,未分类／关联异常,5322,ศูนย์ราชการแจ้งวัฒนะ อาคาร A;Government Complex Chaengwattana,13.889318,100.569475,5322,1,ศูนย์ราชการแจ้งวัฒนะ อาคาร A,Government Complex Chaengwattana,未被行程或票价规则引用
UNKNOWN,未分类／关联异常,9190,จุดขึ้นลง;visual stop,13.725254,100.492807,9190,2,จุดขึ้นลง,visual stop,未被行程或票价规则引用
UNKNOWN,未分类／关联异常,13873,วัดป่าห้าพระองค์;Wat Pa Ha Phra Ong,14.052290862372024,100.66366240382195,13873,1,วัดป่าห้าพระองค์,Wat Pa Ha Phra Ong,未被行程或票价规则引用
UNKNOWN,未分类／关联异常,13887,หมู่บ้านชวนชื่นทาวน์ รังสิต-คลอง3;Chuan Chuen Town Rangsit-Klong 3,14.016484032563163,100.66375628113747,13887,1,หมู่บ้านชวนชื่นทาวน์ รังสิต-คลอง3,Chuan Chuen Town Rangsit-Klong 3,未被行程或票价规则引用
UNKNOWN,未分类／关联异常,13919,ก่อนแยกปู่โพธิ์;Phupho section,13.968185862878322,100.55212944746017,13919,1,ก่อนแยกปู่โพธิ์,Phupho section,未被行程或票价规则引用
UNKNOWN,未分类／关联异常,13976,ต่างระดับผาสุก;On Nut Interchange,13.717017443610075,100.65745174884796,13976,1,ต่างระดับผาสุก,On Nut Interchange,未被行程或票价规则引用
UNKNOWN,未分类／关联异常,14002,โรงเรียนมะเซาะฮะตุดดีน 2;Saphansoong,13.781123448159017,100.70583209395409,14002,1,โรงเรียนมะเซาะฮะตุดดีน 2,Saphansoong,未被行程或票价规则引用
UNKNOWN,未分类／关联异常,14005,ธาราเลค;Tara Lake Hotel,13.78715523796646,100.70450708270073,14005,1,ธาราเลค,Tara Lake Hotel,未被行程或票价规则引用
UNKNOWN,未分类／关联异常,14010,ตรงข้ามทองธาราวิลล่า;Opp Thong Thara Villa,13.775925121278252,100.70591390132904,14010,1,ตรงข้ามทองธาราวิลล่า,Opp Thong Thara Villa,未被行程或票价规则引用
UNKNOWN,未分类／关联异常,14012,ตรงข้ามหมู่บ้านนลินวิลล์พลัส;Opp Nalin Ville 5,13.771155219236443,100.71021348237991,14012,1,ตรงข้ามหมู่บ้านนลินวิลล์พลัส,Opp Nalin Ville 5,未被行程或票价规则引用
UNKNOWN,未分类／关联异常,14013,หมู่บ้านนลินซิตี้ 2;Nalin City 2,13.767054745038433,100.72077065706253,14013,1,หมู่บ้านนลินซิตี้ 2,Nalin City 2,未被行程或票价规则引用
UNKNOWN,未分类／关联异常,14149,หมู่บ้านหนองแขม;Nong Khaem Village,13.684041184572806,100.3533536195755,14149,1,หมู่บ้านหนองแขม,Nong Khaem Village,未被行程或票价规则引用
UNKNOWN,未分类／关联异常,14155,ตรงข้ามหมู่บ้านหนองแขม;Opp Nong Khaem Village,13.683930426374316,100.35334154963493,14155,1,ตรงข้ามหมู่บ้านหนองแขม,Opp Nong Khaem Village,未被行程或票价规则引用
UNKNOWN,未分类／关联异常,14253,เพชรเจริญรุ่งเรือง;-,13.573374340266938,100.45336246490479,14253,1,เพชรเจริญรุ่งเรือง,,未被行程或票价规则引用
UNKNOWN,未分类／关联异常,14254,ตรงข้ามเพชรเจริญรุ่งเรือง;-,13.573434308052788,100.45325517654419,14254,1,ตรงข้ามเพชรเจริญรุ่งเรือง,,未被行程或票价规则引用
UNKNOWN,未分类／关联异常,14257,ทางเข้า มจธ.บางขุนเทียน;KMUTT Bang Khun Thian (entrance),13.570988653016155,100.44039934873581,14257,1,ทางเข้า มจธ.บางขุนเทียน,KMUTT Bang Khun Thian (entrance),未被行程或票价规则引用
UNKNOWN,未分类／关联异常,14283,ท่ารถกระทรวงพาณิชย์ (สาย 191);Ministry of Commerce bus terminal (line 191),13.8758596080719,100.482953935862,14283,1,ท่ารถกระทรวงพาณิชย์ (สาย 191),Ministry of Commerce bus terminal (line 191),未被行程或票价规则引用
UNKNOWN,未分类／关联异常,14320,ตลาดบัวพัฒนา;Bua Phatthana Market,13.845569953217597,100.60143515467644,14320,1,ตลาดบัวพัฒนา,Bua Phatthana Market,未被行程或票价规则引用
UNKNOWN,未分类／关联异常,14321,ตลาดบัวพัฒนา;Bua Phatthana Market,13.845267857070624,100.60114413499832,14321,1,ตลาดบัวพัฒนา,Bua Phatthana Market,未被行程或票价规则引用
UNKNOWN,未分类／关联异常,14325,ตลาดบัวพัฒนา;Bua Phatthana Market,13.845365517505899,100.60109585523605,14325,1,ตลาดบัวพัฒนา,Bua Phatthana Market,未被行程或票价规则引用
UNKNOWN,未分类／关联异常,14384,ปู่เจ้าสมิงพราย;Phuchao Saming Phray,13.65695990577559,100.53771525621414,14384,1,ปู่เจ้าสมิงพราย,Phuchao Saming Phray,未被行程或票价规则引用
UNKNOWN,未分类／关联异常,14435,นิคมอุตสาหกรรมลาดกระบัง;Lat Krabang Industrial Estate,13.757930020165128,100.79003468155861,14435,1,นิคมอุตสาหกรรมลาดกระบัง,Lat Krabang Industrial Estate,未被行程或票价规则引用
UNKNOWN,未分类／关联异常,14753,ตรงข้ามเขตปลอดอากร สุวรรณภูมิ (ประตู 1) (จุดที่ 2);Opposite Suvarnabhumi Airport Free Zone (Entrance 1) (Stop 2),13.713914023656805,100.75296923518181,14753,1,ตรงข้ามเขตปลอดอากร สุวรรณภูมิ (ประตู 1) (จุดที่ 2),Opposite Suvarnabhumi Airport Free Zone (Entrance 1) (Stop 2),未被行程或票价规则引用
UNKNOWN,未分类／关联异常,14882,"ชุมชนสันติสุข,วุฒากาศ 26;Santisuk Community,Watthakat 26",13.710147391269631,100.47001227736473,14882,1,"ชุมชนสันติสุข,วุฒากาศ 26","Santisuk Community,Watthakat 26",未被行程或票价规则引用
UNKNOWN,未分类／关联异常,14899,ท่ารถบางบอน (สาย 43);Bangbon Bus Terminal (43),13.626373424879398,100.3573890030384,14899,1,ท่ารถบางบอน (สาย 43),Bangbon Bus Terminal (43),未被行程或票价规则引用
UNKNOWN,未分类／关联异常,14905,ท่ารถสวนเจ้าเชตุ (สาย 48);Suan Chao Chet Bus Terminal (48),13.745511746649724,100.49484014511108,14905,1,ท่ารถสวนเจ้าเชตุ (สาย 48),Suan Chao Chet Bus Terminal (48),未被行程或票价规则引用
UNKNOWN,未分类／关联异常,14909,ซอยวุฒากาศ 11;Wutthakat 11,13.714616270470064,100.47204539179802,14909,1,ซอยวุฒากาศ 11,Wutthakat 11,未被行程或票价规则引用
UNKNOWN,未分类／关联异常,15065,อู่บรมราชชนนี;Borommaratchachonnani Bus Depot,13.786061792989766,100.38994899663051,15065,1,อู่บรมราชชนนี,Borommaratchachonnani Bus Depot,未被行程或票价规则引用
UNKNOWN,未分类／关联异常,15111,ตรงข้าม รพ.สต.สวนหลวง;Opposite Suan Luang Health Promoting Hospital,13.673598411825706,100.30178681015968,15111,1,ตรงข้าม รพ.สต.สวนหลวง,Opposite Suan Luang Health Promoting Hospital,未被行程或票价规则引用
UNKNOWN,未分类／关联异常,15205,ซอยหมู่บ้านศิริเกษม;Soi Muban Sirikasem,13.734345315936382,100.36408724307142,15205,1,ซอยหมู่บ้านศิริเกษม,Soi Muban Sirikasem,未被行程或票价规则引用
UNKNOWN,未分类／关联异常,15233,ทางเข้ากระทรวงสาธารณสุข;Ministry Of Public Health,13.84778020174222,100.51460925187286,15233,1,ทางเข้ากระทรวงสาธารณสุข,Ministry Of Public Health,未被行程或票价规则引用
UNKNOWN,未分类／关联异常,15234,รพ.ศรีธัญญา;Srithanya Hospital,13.846187630105186,100.51598190036574,15234,1,รพ.ศรีธัญญา,Srithanya Hospital,未被行程或票价规则引用
UNKNOWN,未分类／关联异常,15235,สำนักงานประกันสังคม;Social Security Office,13.845455883969995,100.52579237791996,15235,1,สำนักงานประกันสังคม,Social Security Office,未被行程或票价规则引用
UNKNOWN,未分类／关联异常,15236,ตรงข้ามสำนักงาน อ.ย; Opposite Food And Drug Administration,13.846337918052464,100.52675710753357,15236,1,ตรงข้ามสำนักงาน อ.ย,Opposite Food And Drug Administration,未被行程或票价规则引用
UNKNOWN,未分类／关联异常,15237,สำนักงาน อย.;Food and Drug Administration,13.84638915883527,100.52706638927292,15237,1,สำนักงาน อย.,Food and Drug Administration,未被行程或票价规则引用
UNKNOWN,未分类／关联异常,15299,สำนักงานประกันสังคมบางเสาธง;Bang Sao Thong Social Security Office,13.562192690743208,100.77041566371918,15299,1,สำนักงานประกันสังคมบางเสาธง,Bang Sao Thong Social Security Office,未被行程或票价规则引用
UNKNOWN,未分类／关联异常,15433,ซอยหมู่บ้านบัวขาว 64;Soi Buakhao Village 64,13.7886567021914,100.717195247418,15433,1,ซอยหมู่บ้านบัวขาว 64,Soi Buakhao Village 64,未被行程或票价规则引用
UNKNOWN,未分类／关联异常,15434,หมู่บ้านเดอะวิลล่า รามคำแหง-สุวรรณภูมิ;The Villa Ramkhamhaeng-Suvarnabhumi Village,13.787354250308981,100.71742535151786,15434,1,หมู่บ้านเดอะวิลล่า รามคำแหง-สุวรรณภูมิ,The Villa Ramkhamhaeng-Suvarnabhumi Village,未被行程或票价规则引用
UNKNOWN,未分类／关联异常,15435,ซอยหมู่บ้านบัวขาว 19;Soi Buakhao Village 19,13.788668696511955,100.71729451417923,15435,1,ซอยหมู่บ้านบัวขาว 19,Soi Buakhao Village 19,未被行程或票价规则引用
UNKNOWN,未分类／关联异常,15441,ซอยหมู่บ้านบัวขาว 11;Soi Buakhao Village 11,13.790429610113057,100.71744740009308,15441,1,ซอยหมู่บ้านบัวขาว 11,Soi Buakhao Village 11,未被行程或票价规则引用
UNKNOWN,未分类／关联异常,15442,ทวีทรัพย์อพาร์ทเม้นท์คอนเทนเนอร์;Thaweesap Apartment Container,13.79632967810008,100.72097662756124,15442,1,ทวีทรัพย์อพาร์ทเม้นท์คอนเทนเนอร์,Thaweesap Apartment Container,未被行程或票价规则引用
UNKNOWN,未分类／关联异常,15445,หมู่บ้านเพอร์เฟคเพลส รามคำแหง-สุวรรณภูมิ 2;Perfect Place Ramkhamhaeng-Suvarnabhumi 2 Village,13.785083270003945,100.71847248888616,15445,1,หมู่บ้านเพอร์เฟคเพลส รามคำแหง-สุวรรณภูมิ 2,Perfect Place Ramkhamhaeng-Suvarnabhumi 2 Village,未被行程或票价规则引用
UNKNOWN,未分类／关联异常,15447,ซอยหมู่บ้านบัวขาว 27;Soi Buakhao Village 27,13.783103236550435,100.72100803256035,15447,1,ซอยหมู่บ้านบัวขาว 27,Soi Buakhao Village 27,未被行程或票价规则引用
UNKNOWN,未分类／关联异常,15449,ซอยหมู่บ้านบัวขาว 35;Soi Buakhao Village 35,13.782112620775841,100.72183705803702,15449,1,ซอยหมู่บ้านบัวขาว 35,Soi Buakhao Village 35,未被行程或票价规则引用
UNKNOWN,未分类／关联异常,15545,ซอยราษฎร์อุทิศ 10;Soi Rat Uthit 10,13.824015971051045,100.75864344835281,15545,1,ซอยราษฎร์อุทิศ 10,Soi Rat Uthit 10,未被行程或票价规则引用
UNKNOWN,未分类／关联异常,15546,ตรงข้ามหมู่บ้านนนทิชา;Opposite Nonthicha Village,13.825383338311765,100.76058000326157,15546,1,ตรงข้ามหมู่บ้านนนทิชา,Opposite Nonthicha Village,未被行程或票价规则引用
UNKNOWN,未分类／关联异常,15552,มัสยิดอัลมาดานี;Masjid Al Madanee,13.8356604740286,100.77788695693,15552,1,มัสยิดอัลมาดานี,Masjid Al Madanee,未被行程或票价规则引用
UNKNOWN,未分类／关联异常,15686,ซอยอ่อนนุช 30;Soi Onnut 30,13.708905731310557,100.61805948615074,15686,1,ซอยอ่อนนุช 30,Soi Onnut 30,未被行程或票价规则引用
UNKNOWN,未分类／关联异常,15688,ตรงข้ามวัดแจ้งลำหิน;Opposite Wat Chaeng Lam Hin,13.933983877493814,100.71309551596642,15688,1,ตรงข้ามวัดแจ้งลำหิน,Opposite Wat Chaeng Lam Hin,未被行程或票价规则引用
UNKNOWN,未分类／关联异常,15693,วัดยาง (จุดที่2);Wat Yang (Location 2),13.70922754727117,100.61991825699806,15693,1,วัดยาง (จุดที่2),Wat Yang (Location 2),未被行程或票价规则引用
UNKNOWN,未分类／关联异常,15789,ก่อนสะพานรังสิตคลอง 4 (จุดที่ 2);Before Rangsit Khlong 4 Bridge (Stop 2),14.000532379347517,100.68853721022606,15789,1,ก่อนสะพานรังสิตคลอง 4 (จุดที่ 2),Before Rangsit Khlong 4 Bridge (Stop 2),未被行程或票价规则引用
UNKNOWN,未分类／关联异常,15804,ท่ารถเซ็นทรัลศาลายา;Central Salaya Bus Terminal,13.786868104436442,100.27789723143069,15804,1,ท่ารถเซ็นทรัลศาลายา,Central Salaya Bus Terminal,未被行程或票价规则引用
UNKNOWN,未分类／关联异常,15821,ท่ารถนวมินทร์ (สาย 178);Nawamin Bus Terminal (178),13.808669653046712,100.65199211239815,15821,1,ท่ารถนวมินทร์ (สาย 178),Nawamin Bus Terminal (178),未被行程或票价规则引用
UNKNOWN,未分类／关联异常,15845,หอศิลป์สมเด็จพระนางเจ้าสิริกิติ์;Queen Sirikit Art Gallery,13.756876192470475,100.50471469759941,15845,1,หอศิลป์สมเด็จพระนางเจ้าสิริกิติ์,Queen Sirikit Art Gallery,未被行程或票价规则引用
UNKNOWN,未分类／关联异常,15858,รพ.เอกชัย;Ekachai Hospital,13.559413327228967,100.29139651151712,15858,1,รพ.เอกชัย,Ekachai Hospital,未被行程或票价规则引用
UNKNOWN,未分类／关联异常,15952,โลตัสพระราม 1;Lotus Rama 1,13.748611672595983,100.52406826153172,15952,1,โลตัสพระราม 1,Lotus Rama 1,未被行程或票价规则引用
UNKNOWN,未分类／关联异常,15965,เสาตอม่อ KN-06-08;Pole KN-06-08,13.79939677838516,100.4234330356121,15965,1,เสาตอม่อ KN-06-08,Pole KN-06-08,未被行程或票价规则引用
UNKNOWN,未分类／关联异常,16035,หมู่บ้านพฤกษา 5;Baan Pruksa Village 5,13.733469313558953,100.29922261834145,16035,1,หมู่บ้านพฤกษา 5,Baan Pruksa Village 5,未被行程或票价规则引用
UNKNOWN,未分类／关联异常,16036,ตรงข้ามหมู่บ้านพฤกษา 5;Opposite Baan Pruksa Village 5,13.733156650196527,100.29952973127365,16036,1,ตรงข้ามหมู่บ้านพฤกษา 5,Opposite Baan Pruksa Village 5,未被行程或票价规则引用
UNKNOWN,未分类／关联异常,16039,ถนนท่าเกวียน - สาย5;-,13.74171044831234,100.29972419142723,16039,1,ถนนท่าเกวียน - สาย5,,未被行程或票价规则引用
UNKNOWN,未分类／关联异常,16041,โรงแรมเทพอินน์;Tep Inn Hotel,13.741499408009375,100.30007421970367,16041,1,โรงแรมเทพอินน์,Tep Inn Hotel,未被行程或票价规则引用
UNKNOWN,未分类／关联异常,16072,ซอยบ้านตากแดด;-,13.823489858080102,100.46373054385185,16072,1,ซอยบ้านตากแดด,,未被行程或票价规则引用
UNKNOWN,未分类／关联异常,16074,หลังคลองอ้อมนนท์;Behind Klong Om Non,13.82258999378291,100.47079280018806,16074,1,หลังคลองอ้อมนนท์,Behind Klong Om Non,未被行程或票价规则引用
UNKNOWN,未分类／关联异常,16075,ก่อนคลองอ้อมนนท์;Before Khlong Om Non,13.822204522629413,100.47114148736,16075,1,ก่อนคลองอ้อมนนท์,Before Khlong Om Non,未被行程或票价规则引用
UNKNOWN,未分类／关联异常,16076,หมู่บ้านนนทรี 5;Nontsee 5,13.82338697941465,100.47521844506264,16076,1,หมู่บ้านนนทรี 5,Nontsee 5,未被行程或票价规则引用
UNKNOWN,未分类／关联异常,16077,ตรงข้ามหมู้บ้านนนทรี 5;Opposite Nontsee 5,13.82291816466751,100.47539547085762,16077,1,ตรงข้ามหมู้บ้านนนทรี 5,Opposite Nontsee 5,未被行程或票价规则引用
UNKNOWN,未分类／关联异常,16081,โลตัสนครอินทร์;Lotus Nakhon In,13.824921038850729,100.48076257109642,16081,1,โลตัสนครอินทร์,Lotus Nakhon In,未被行程或票价规则引用
UNKNOWN,未分类／关联异常,16082,อู่ไทยสมายล์บัส สาขาเลี่ยงเมืองนนท์ (ไม่รับผู้โดยสารที่จุดนี้);Thai Smile Bus,13.873818113462534,100.49387723207474,16082,1,อู่ไทยสมายล์บัส สาขาเลี่ยงเมืองนนท์ (ไม่รับผู้โดยสารที่จุดนี้),Thai Smile Bus,未被行程或票价规则引用
UNKNOWN,未分类／关联异常,16188,สวนรมณีนาถ;Rommaninat Park,13.747698963347142,100.50334945321083,16188,1,สวนรมณีนาถ,Rommaninat Park,未被行程或票价规则引用
UNKNOWN,未分类／关联异常,16194,(จุดส่งผู้โดยสาร) สถานีกลางกรุงเทพอภิวัฒน์;-,13.799026897648377,100.54167687892914,16194,1,(จุดส่งผู้โดยสาร) สถานีกลางกรุงเทพอภิวัฒน์,,未被行程或票价规则引用
UNKNOWN,未分类／关联异常,16207,หมู่บ้านไพรินศิริ;Pairinsiri Village,14.006399708122757,100.66377237439156,16207,1,หมู่บ้านไพรินศิริ,Pairinsiri Village,未被行程或票价规则引用
UNKNOWN,未分类／关联异常,16232,ตรงข้ามวัดป่าห้าพระองค์;Opposite Wat Pa Ha Phra Ong,14.052163367146333,100.66355645656586,16232,1,ตรงข้ามวัดป่าห้าพระองค์,Opposite Wat Pa Ha Phra Ong,未被行程或票价规则引用
UNKNOWN,未分类／关联异常,16496,"โรงพิมพ์ธนบัตรแห่งประเทศไทย (นครชัยศรี);Banknote Printing Works, Bank of Thailand",13.777559786772438,100.22334292531013,16496,1,โรงพิมพ์ธนบัตรแห่งประเทศไทย (นครชัยศรี),"Banknote Printing Works, Bank of Thailand",未被行程或票价规则引用
UNKNOWN,未分类／关联异常,16497,พิพิธภัณฑ์หุ่นขี้ผึ้งไทย;Thai Human Imagery Museum,13.772218100430033,100.20775258541107,16497,1,พิพิธภัณฑ์หุ่นขี้ผึ้งไทย,Thai Human Imagery Museum,未被行程或票价规则引用
UNKNOWN,未分类／关联异常,16499,"ตรงข้ามโรงพิมพ์ธนบัตร นครชัยศรี;Opposite Banknote Printing Works, Bank of Thailand",13.777228947029673,100.22379219532013,16499,1,ตรงข้ามโรงพิมพ์ธนบัตร นครชัยศรี,"Opposite Banknote Printing Works, Bank of Thailand",未被行程或票价规则引用
UNKNOWN,未分类／关联异常,16582,หมู่บ้านมณฑล 7-8;Monthon 7-8 Village,13.72124256275227,100.36694571375847,16582,1,หมู่บ้านมณฑล 7-8,Monthon 7-8 Village,未被行程或票价规则引用
UNKNOWN,未分类／关联异常,16602,นิคมอุตสาหกรรมนำไกร (จุดสุดท้าย);Nam Krai Industrial Estate. (End),13.714720499873733,100.82612112164497,16602,1,นิคมอุตสาหกรรมนำไกร (จุดสุดท้าย),Nam Krai Industrial Estate. (End),未被行程或票价规则引用
UNKNOWN,未分类／关联异常,16603,ซอยหมู่บ้านบัวขาว 33 (จุดสุดท้าย);Soi Muban Buakhaow 33 (Stop),13.782587451191166,100.72160750627518,16603,1,ซอยหมู่บ้านบัวขาว 33 (จุดสุดท้าย),Soi Muban Buakhaow 33 (Stop),未被行程或票价规则引用
UNKNOWN,未分类／关联异常,16604,สถานีบางซื่อ (จุดสุดท้าย);Bang Sue Grand Station (Stop),13.803349516534794,100.53940370678902,16604,1,สถานีบางซื่อ (จุดสุดท้าย),Bang Sue Grand Station (Stop),未被行程或票价规则引用
UNKNOWN,未分类／关联异常,16605,สถานีรถไฟสามเสน (จุดสุดท้าย);Samsen Railway Station (Stop),13.780295058036959,100.5301071703434,16605,1,สถานีรถไฟสามเสน (จุดสุดท้าย),Samsen Railway Station (Stop),未被行程或票价规则引用
UNKNOWN,未分类／关联异常,16606,กรมยุทธศาสตร์ทหารบก (จุดสุดท้าย); Directorate of Operations (Stop),13.784519035457347,100.53159579634666,16606,1,กรมยุทธศาสตร์ทหารบก (จุดสุดท้าย),Directorate of Operations (Stop),未被行程或票价规则引用
UNKNOWN,未分类／关联异常,16607,อู่เรียบทางด่วนรามอินทรา (จุดสุดท้าย);Liab Duan Ramintra Bus Depot (Stop),13.844771741425808,100.6368912756443,16607,1,อู่เรียบทางด่วนรามอินทรา (จุดสุดท้าย),Liab Duan Ramintra Bus Depot (Stop),未被行程或票价规则引用
UNKNOWN,未分类／关联异常,16612,ท่ารถ MRT ศูนย์วัฒนธรรมแห่งประเทศไทย (สาย 137) จุดสุดท้าย;Bus Stop MRT Thailand Cultural Centre Station Bus Terminal (137),13.764642361311894,100.56968584656715,16612,1,ท่ารถ MRT ศูนย์วัฒนธรรมแห่งประเทศไทย (สาย 137) จุดสุดท้าย,Bus Stop MRT Thailand Cultural Centre Station Bus Terminal (137),未被行程或票价规则引用
UNKNOWN,未分类／关联异常,16619,อู่คลองเตย (จุดสุดท้าย);Klongtoey Bus Depot (Stop),13.71573021982616,100.56530579924583,16619,1,อู่คลองเตย (จุดสุดท้าย),Klongtoey Bus Depot (Stop),未被行程或票价规则引用
UNKNOWN,未分类／关联异常,16620,เซ็นทรัลพระราม 3 (จุดสุดท้าย);Central Rama 3 (Stop),13.697555899463282,100.53821548819542,16620,1,เซ็นทรัลพระราม 3 (จุดสุดท้าย),Central Rama 3 (Stop),未被行程或票价规则引用
UNKNOWN,未分类／关联异常,16622,อาคารปัญจธานี (จุดสุดท้าย);Panjathani Tower (Stop),13.696052275985176,100.53710639476776,16622,1,อาคารปัญจธานี (จุดสุดท้าย),Panjathani Tower (Stop),未被行程或票价规则引用
UNKNOWN,未分类／关联异常,16623,BRT ราชพฤกษ์ (จุดสุดท้าย);BRT Ratchapruek (Stop),13.716020757794988,100.47915861010551,16623,1,BRT ราชพฤกษ์ (จุดสุดท้าย),BRT Ratchapruek (Stop),未被行程或票价规则引用
UNKNOWN,未分类／关联异常,16624,ท่ารถเสาชิงช้า (สาย42) จุดสุดท้าย;Sao Ching Cha Bus Depot (Stop) ,13.74940417053238,100.50176963210106,16624,1,ท่ารถเสาชิงช้า (สาย42) จุดสุดท้าย,Sao Ching Cha Bus Depot (Stop),未被行程或票价规则引用
UNKNOWN,未分类／关联异常,16625,ซอยลาดหญ้า 8 (จุดสุดท้าย);Soi Latya 8 (Stop),13.727836098067751,100.49986526370049,16625,1,ซอยลาดหญ้า 8 (จุดสุดท้าย),Soi Latya 8 (Stop),未被行程或票价规则引用
UNKNOWN,未分类／关联异常,16626,เดอะมอลล์ท่าพระ (จุดสุดท้าย);The Mall Tha Phra (The final point),13.713050218109602,100.47891452908516,16626,1,เดอะมอลล์ท่าพระ (จุดสุดท้าย),The Mall Tha Phra (The final point),未被行程或票价规则引用
UNKNOWN,未分类／关联异常,16627,ตรงข้ามเดอะมอลล์ท่าพระ (จุดสุดท้าย);Opposite The Mall Tha Phra (Stop),13.713347273769413,100.47855243086815,16627,1,ตรงข้ามเดอะมอลล์ท่าพระ (จุดสุดท้าย),Opposite The Mall Tha Phra (Stop),未被行程或票价规则引用
UNKNOWN,未分类／关联异常,16628,อู่ไทยสมายล์บัส แสมดำ (จุดสุดท้าย);Thai Smile Bus Samae Dam Bus Depot,13.625445433596939,100.43625801801682,16628,1,อู่ไทยสมายล์บัส แสมดำ (จุดสุดท้าย),Thai Smile Bus Samae Dam Bus Depot,未被行程或票价规则引用
UNKNOWN,未分类／关联异常,16629,แยกวังแดง (จุดสิ้นสุด);Wang Daeng Intersection,13.7685956877091,100.50719439983368,16629,1,แยกวังแดง (จุดสิ้นสุด),Wang Daeng Intersection,未被行程或票价规则引用
UNKNOWN,未分类／关联异常,16630,ตรงข้ามตลาดสี่เสาเทเวศร์ (จุดสุดท้าย);Opposite Si Sao Thewet Market,13.770462259777467,100.5052538216114,16630,1,ตรงข้ามตลาดสี่เสาเทเวศร์ (จุดสุดท้าย),Opposite Si Sao Thewet Market,未被行程或票价规则引用
UNKNOWN,未分类／关联异常,16631,หลังแยกไฟฉาย (ฝั่งพรานนก) -จุดสุดท้าย;After Fai Chai Intersection (Phrannok Side) ,13.755045986000637,100.47043204307556,16631,1,หลังแยกไฟฉาย (ฝั่งพรานนก) -จุดสุดท้าย,After Fai Chai Intersection (Phrannok Side),未被行程或票价规则引用
UNKNOWN,未分类／关联异常,16632,วัดรวกสุทธาราม (จุดสุดท้าย);Wat Ruak Suttharam,13.7570885215472,100.46910166740417,16632,1,วัดรวกสุทธาราม (จุดสุดท้าย),Wat Ruak Suttharam,未被行程或票价规则引用
UNKNOWN,未分类／关联异常,16633,ปากทางเข้าถนนฉิมพลี (ฝั่ง สน.ตลิ่งชัน) -จุดสิ้นสุด;Entrance Chimphli Road (Talingchan Police Station Side ),13.78009968258008,100.44543519616127,16633,1,ปากทางเข้าถนนฉิมพลี (ฝั่ง สน.ตลิ่งชัน) -จุดสิ้นสุด,Entrance Chimphli Road (Talingchan Police Station Side ),未被行程或票价规则引用
UNKNOWN,未分类／关联异常,16634,อู่บรมราชชนนี (จุดสิ้นสุด);Borommaratchachonnani Bus Depot,13.78607158520147,100.38987457752228,16634,1,อู่บรมราชชนนี (จุดสิ้นสุด),Borommaratchachonnani Bus Depot,未被行程或票价规则引用
UNKNOWN,未分类／关联异常,16700,หลังแยกเทเวศร์ (จุดสิ้นสุด);After Thewet Intersection,13.768707708504762,100.50459802150726,16700,1,หลังแยกเทเวศร์ (จุดสิ้นสุด),After Thewet Intersection,未被行程或票价规则引用
UNKNOWN,未分类／关联异常,16940,อุทยานผีเสื้อและแมลง กรุงเทพฯ;Bangkok Butterfly Garden and Insectarium,13.808943145155707,100.5551952123642,16940,1,อุทยานผีเสื้อและแมลง กรุงเทพฯ,Bangkok Butterfly Garden and Insectarium,未被行程或票价规则引用
UNKNOWN,未分类／关联异常,16941,พิพิธภัณฑ์เด็กกรุงเทพมหานคร แห่งที่ 1;Children’s Discovery Museum,13.803000480080021,100.55143877863884,16941,1,พิพิธภัณฑ์เด็กกรุงเทพมหานคร แห่งที่ 1,Children’s Discovery Museum,未被行程或票价规则引用
UNKNOWN,未分类／关联异常,17472,เกาะช้าง ท่าเรือเซนเตอร์พ้อย;Koh Chang Center Point Pier,12.14022049084928,102.30604469776154,17472,1,เกาะช้าง ท่าเรือเซนเตอร์พ้อย,Koh Chang Center Point Pier,未被行程或票价规则引用
UNKNOWN,未分类／关联异常,17499,สถานีขนส่งผู้โดยสาร อ.ปัว;Pua District Passenger Transport Station,19.17717151612092,100.90484395623207,17499,1,สถานีขนส่งผู้โดยสาร อ.ปัว,Pua District Passenger Transport Station,未被行程或票价规则引用
UNKNOWN,未分类／关联异常,17540,ด้านหลังสถานีกลางกรุงเทพอภิวัฒน์ (shuttle) (จุดสิ้นสุด);Rear Krung Thep Aphiwat Central Terminal,13.80509599333659,100.5408065021038,17540,1,ด้านหลังสถานีกลางกรุงเทพอภิวัฒน์ (shuttle) (จุดสิ้นสุด),Rear Krung Thep Aphiwat Central Terminal,未被行程或票价规则引用
UNKNOWN,未分类／关联异常,17668,สถานีขนส่งผู้โดยสารอ.สากเหล็ก;Sak Lek District Passenger Terminal,16.495438910737043,100.47748759388924,17668,2,สถานีขนส่งผู้โดยสารอ.สากเหล็ก,Sak Lek District Passenger Terminal,未被行程或票价规则引用
UNKNOWN,未分类／关联异常,17720,สถานีขนส่งผู้โดยสาร จ.เชียงราย แห่งที่ 3;Chiang Rai Passenger Bus Terminal No. 3,19.89594640799482,99.83273416757584,17720,2,สถานีขนส่งผู้โดยสาร จ.เชียงราย แห่งที่ 3,Chiang Rai Passenger Bus Terminal No. 3,未被行程或票价规则引用
UNKNOWN,未分类／关联异常,17773,จุดจอดหนองบัวแดง สวัสดีอีสาน (ร้านตั้งขายดี);Nong Bua Daeng Bus Stop,17.31539436095849,103.114705234766,17773,2,จุดจอดหนองบัวแดง สวัสดีอีสาน (ร้านตั้งขายดี),Nong Bua Daeng Bus Stop,未被行程或票价规则引用
UNKNOWN,未分类／关联异常,17866,จุดจอด ต.โนนสะอาด;Non Sa-at Bus Stop,16.969185366823407,102.89293617010117,17866,2,จุดจอด ต.โนนสะอาด,Non Sa-at Bus Stop,未被行程或票价规则引用
UNKNOWN,未分类／关联异常,17867,จุดจอด อ.บ้านแท่น;Ban Thaen District Bus Stop,16.40807522643013,102.34985455870628,17867,2,จุดจอด อ.บ้านแท่น,Ban Thaen District Bus Stop,未被行程或票价规则引用
UNKNOWN,未分类／关联异常,17901,แยกชันสูตร;Sip Chan Suth Intersection,14.927636349026303,100.27044519782066,17901,2,แยกชันสูตร,Sip Chan Suth Intersection,未被行程或票价规则引用
UNKNOWN,未分类／关联异常,17921,จุดจอดแยกพนัสนิคม;Phanat Nikhom Intersection Bus Stop,13.450076009594396,101.1760501563549,17921,2,จุดจอดแยกพนัสนิคม,Phanat Nikhom Intersection Bus Stop,未被行程或票价规则引用
UNKNOWN,未分类／关联异常,17940,รถตู้(ลุงวัฒน์); Uncle Wat's Van Station,16.215278545974588,100.42269006371498,17940,2,รถตู้(ลุงวัฒน์),Uncle Wat's Van Station,未被行程或票价规则引用
UNKNOWN,未分类／关联异常,17951,ท่าปล่อยรถ;ท่าปล่อยรถ,13.712457408542372,100.47172620892525,17951,2,ท่าปล่อยรถ,,未被行程或票价规则引用
UNKNOWN,未分类／关联异常,18042,ตรงข้ามซอยสาหร่าย;Opposite Soi Sa-rai.,13.580884535709444,100.45245051383972,18042,2,ตรงข้ามซอยสาหร่าย,Opposite Soi Sa-rai.,未被行程或票价规则引用
UNKNOWN,未分类／关联异常,18117,ซอยสวนจำปี;Soi Suan Champi,13.686999060704416,100.38255751132965,18117,2,ซอยสวนจำปี,Soi Suan Champi,未被行程或票价规则引用
UNKNOWN,未分类／关联异常,18141,อู่พระราม 9 (จุดสุดท้าย);Bus Depot Rama 9 (End),13.759345971536012,100.57273283600807,18141,2,อู่พระราม 9 (จุดสุดท้าย),Bus Depot Rama 9 (End),未被行程或票价规则引用
UNKNOWN,未分类／关联异常,18184,หมู่บ้านโชคชัยปัญจทรัพย์ 44 (จุดสิ้นสุด);Chokchai Panchasap 44 Village (The end point),13.787875499582066,100.35937115550041,18184,2,หมู่บ้านโชคชัยปัญจทรัพย์ 44 (จุดสิ้นสุด),Chokchai Panchasap 44 Village (The end point),未被行程或票价规则引用
UNKNOWN,未分类／关联异常,18249,ตรงข้ามหมู่บ้านนลินวิลล์ 4;Opposite Nalin ville Village 4,13.774474101849467,100.70686876773834,18249,2,ตรงข้ามหมู่บ้านนลินวิลล์ 4,Opposite Nalin ville Village 4,未被行程或票价规则引用
UNKNOWN,未分类／关联异常,18372,โรงเรียนป้อมนาคราชสวาทยานนท์;Pom Nakarat Swathayanon School,13.596343970735237,100.5822558466586,18372,1,โรงเรียนป้อมนาคราชสวาทยานนท์,Pom Nakarat Swathayanon School,未被行程或票价规则引用
UNKNOWN,未分类／关联异常,18374,พระสมุทรเจดีย์;Phra Samut Chedi,13.597792406545018,100.58406240474619,18374,1,พระสมุทรเจดีย์,Phra Samut Chedi,未被行程或票价规则引用
UNKNOWN,未分类／关联异常,18375,โรงเรียนป้อมนาคราชสวาทยานนท์;Pomnakarachswatyanon School,13.596725902723763,100.58254410674009,18375,1,โรงเรียนป้อมนาคราชสวาทยานนท์,Pomnakarachswatyanon School,未被行程或票价规则引用
UNKNOWN,未分类／关联异常,18379,ตรงข้ามหมู่บ้านป้อมปราการ;Opposite Pom Prakarn Village,13.581860426640619,100.57758890308497,18379,1,ตรงข้ามหมู่บ้านป้อมปราการ,Opposite Pom Prakarn Village,未被行程或票价规则引用
UNKNOWN,未分类／关联异常,18388,อู่ทหารเรือพระจุลจอมเกล้า;Phra Chulachomklao Naval Dockyard,13.548697161949733,100.57242944232829,18388,1,อู่ทหารเรือพระจุลจอมเกล้า,Phra Chulachomklao Naval Dockyard,未被行程或票价规则引用
UNKNOWN,未分类／关联异常,18391,ป้อมพระจุลจอมเกล้า;Phra Chulachomklao Fort,13.537740870393819,100.58243561290318,18391,1,ป้อมพระจุลจอมเกล้า,Phra Chulachomklao Fort,未被行程或票价规则引用
UNKNOWN,未分类／关联异常,18392,ตรงข้ามซอยหมอบาง;Opposite Soi Mo Bang,13.57853030149143,100.57497040168333,18392,1,ตรงข้ามซอยหมอบาง,Opposite Soi Mo Bang,未被行程或票价规则引用
