异常ID,严重级别,实体类型,酒店ID,标准平台ID,原始平台名称,实体记录哈希,规则代码,异常描述,证据字段,处理状态,数据质量等级,发现批次ID,发现时间
0207271008e8128c34d5d4cf42edb653c273b4b22c61280ebbf01ecc68da0262,P0,售卖方案,ChIJCWbW7MWY4jARuQATRiSHlA0,bookmybooking,BookMyBooking.com,8becedd6578845eab30be577146c50e124a703af0a9855f33b5b79c6f6ff317d,bookmybooking_semantic_false_positive,当前价格记录来自已知误采区块，不得用于房价比较,"{""优惠标签"": """", ""入住人数"": """", ""其他权益"": """", ""原价"": """", ""取消政策"": """", ""币种"": ""USD"", ""库存提示"": """", ""当前价"": ""13.72"", ""支付方式"": """", ""早餐"": """", ""确认政策"": """", ""税费"": """"}",待修复,R,20260903-220154-csv-8204aff0,2026-09-03T22:05:57-07:00
074a3d3ec46a06627c84b3b3ede8a646c882258c901ac7d50c21d20493d76afd,P0,售卖方案,ChIJCWbW7MWY4jARuQATRiSHlA0,bookmybooking,BookMyBooking.com,c35b94e63e50e225db8c7375b3aaada6b17be1a9928d588a862e0158b08a444e,bookmybooking_semantic_false_positive,当前价格记录来自已知误采区块，不得用于房价比较,"{""优惠标签"": """", ""入住人数"": """", ""其他权益"": """", ""原价"": """", ""取消政策"": """", ""币种"": ""USD"", ""库存提示"": """", ""当前价"": ""17.82"", ""支付方式"": """", ""早餐"": """", ""确认政策"": """", ""税费"": """"}",待修复,R,20260906-092202-csv-fb22d95c,2026-09-06T09:52:19-07:00
09e3de9fdbf959217d7bbdb91dead674fa08f52dd51a1aae30cef728a3ec372b,P0,售卖方案,ChIJCWbW7MWY4jARuQATRiSHlA0,bookmybooking,BookMyBooking.com,9bd22516ecadecfec9be2ec469aba8a33c4e779047b40c1c2808421a6dfa6193,bookmybooking_semantic_false_positive,当前价格记录来自已知误采区块，不得用于房价比较,"{""优惠标签"": """", ""入住人数"": """", ""其他权益"": """", ""原价"": """", ""取消政策"": """", ""币种"": ""USD"", ""库存提示"": """", ""当前价"": ""17.74"", ""支付方式"": """", ""早餐"": """", ""确认政策"": """", ""税费"": """"}",待修复,R,20260903-220154-csv-8204aff0,2026-09-03T22:05:57-07:00
0a99331c914579de813c66c88bab5947796d5464a40518715940f9c942021968,P0,售卖方案,ChIJCWbW7MWY4jARuQATRiSHlA0,bookmybooking,BookMyBooking.com,43c47baa91346e4fd58e3b848bda4df1494c5fabffcd36174e94bd4576c6363d,bookmybooking_semantic_false_positive,当前价格记录来自已知误采区块，不得用于房价比较,"{""优惠标签"": """", ""入住人数"": """", ""其他权益"": """", ""原价"": """", ""取消政策"": """", ""币种"": ""USD"", ""库存提示"": """", ""当前价"": ""13.66"", ""支付方式"": """", ""早餐"": """", ""确认政策"": """", ""税费"": """"}",待修复,R,20260906-092202-csv-fb22d95c,2026-09-06T09:52:19-07:00
0c00ebe8ac1ea06d8243c80e9fca9746e36836549c6c18b99c65f324d2a769ab,P0,售卖方案,ChIJCWbW7MWY4jARuQATRiSHlA0,bookmybooking,BookMyBooking.com,bcb0fd9e365de4f7ebce113e25a90b891ba41d95af22d27a22eab2dabcde42bb,bookmybooking_semantic_false_positive,当前价格记录来自已知误采区块，不得用于房价比较,"{""优惠标签"": """", ""入住人数"": """", ""其他权益"": """", ""原价"": """", ""取消政策"": """", ""币种"": ""USD"", ""库存提示"": """", ""当前价"": ""15.52"", ""支付方式"": """", ""早餐"": """", ""确认政策"": """", ""税费"": """"}",待修复,R,20260903-220154-csv-8204aff0,2026-09-03T22:05:57-07:00
0d6a21d3e29a73a7897e1731df4b331595e3d003b6a315bd48e55be7a98230ff,P0,售卖方案,ChIJCWbW7MWY4jARuQATRiSHlA0,bookmybooking,BookMyBooking.com,62ce10722630daf279b754654196335021bdc6ddf648a55b926019e36b2eacf9,bookmybooking_semantic_false_positive,当前价格记录来自已知误采区块，不得用于房价比较,"{""优惠标签"": """", ""入住人数"": """", ""其他权益"": """", ""原价"": """", ""取消政策"": """", ""币种"": ""USD"", ""库存提示"": """", ""当前价"": ""21.83"", ""支付方式"": """", ""早餐"": """", ""确认政策"": """", ""税费"": """"}",待修复,R,20260906-092202-csv-fb22d95c,2026-09-06T09:52:19-07:00
125ea5d8935ec50f629de5d659557e60ede24c7ebd28259721c72fff673a9946,P0,售卖方案,ChIJCWbW7MWY4jARuQATRiSHlA0,bookmybooking,BookMyBooking.com,286fcd9a8585427021188df4ed8486a03b2a246c24bd723a11ea4de5090c1f54,bookmybooking_semantic_false_positive,当前价格记录来自已知误采区块，不得用于房价比较,"{""优惠标签"": """", ""入住人数"": """", ""其他权益"": """", ""原价"": """", ""取消政策"": """", ""币种"": ""USD"", ""库存提示"": """", ""当前价"": ""15.59"", ""支付方式"": """", ""早餐"": """", ""确认政策"": """", ""税费"": """"}",待修复,R,20260906-092202-csv-fb22d95c,2026-09-06T09:52:19-07:00
13e73570a255afea533c3c27e96086af3202f1c8e01be7d22f5193eda8df39e2,P0,售卖方案,ChIJCWbW7MWY4jARuQATRiSHlA0,bookmybooking,BookMyBooking.com,2abc4e60992ec1c2e4b2da4caccc54a818744e40c898dde8929d2f1a3d6b29bc,bookmybooking_semantic_false_positive,当前价格记录来自已知误采区块，不得用于房价比较,"{""优惠标签"": """", ""入住人数"": """", ""其他权益"": """", ""原价"": """", ""取消政策"": """", ""币种"": ""USD"", ""库存提示"": """", ""当前价"": ""21.49"", ""支付方式"": """", ""早餐"": """", ""确认政策"": """", ""税费"": """"}",待修复,R,20260903-220154-csv-8204aff0,2026-09-03T22:05:57-07:00
14ed998ead43f0ca27b9636c86a59ad4c92bcbed027df5b9bc39eed239820088,P0,房型,ChIJCWbW7MWY4jARuQATRiSHlA0,bookmybooking,BookMyBooking.com,042faa0be0413ec84f7969da27d7265db39e6f5192a463c7accbd2d92901f7e5,bookmybooking_semantic_false_positive,平台专属解析规则修复前，该记录不得进入 T3/T4,Tower Club Suite River View- Lounge Access,待修复,R,20260906-092202-csv-fb22d95c,2026-09-06T09:52:19-07:00
157d5fcd9a6a9de4fa927414a7d9af2faa854451c1ca3bb1dbf63212d8016748,P0,售卖方案,ChIJCWbW7MWY4jARuQATRiSHlA0,bookmybooking,BookMyBooking.com,1ee5045aec987feaa2bf5ba98c674805970c3185f928c46872b53151480d00cb,bookmybooking_semantic_false_positive,当前价格记录来自已知误采区块，不得用于房价比较,"{""优惠标签"": """", ""入住人数"": """", ""其他权益"": """", ""原价"": """", ""取消政策"": """", ""币种"": ""USD"", ""库存提示"": """", ""当前价"": ""12.66"", ""支付方式"": """", ""早餐"": """", ""确认政策"": """", ""税费"": """"}",待修复,R,20260903-220154-csv-8204aff0,2026-09-03T22:05:57-07:00
1a060f35f889ee7f5b5c1c1c126d435337ffd1852f689e6378a79c9ef8972452,P0,售卖方案,ChIJCWbW7MWY4jARuQATRiSHlA0,bookmybooking,BookMyBooking.com,a56d7ae79396fa879523ba543daf739c53bfdea9d325523e47ee545136cefb30,bookmybooking_semantic_false_positive,当前价格记录来自已知误采区块，不得用于房价比较,"{""优惠标签"": """", ""入住人数"": """", ""其他权益"": """", ""原价"": """", ""取消政策"": """", ""币种"": ""USD"", ""库存提示"": """", ""当前价"": ""20.25"", ""支付方式"": """", ""早餐"": """", ""确认政策"": """", ""税费"": """"}",待修复,R,20260903-220154-csv-8204aff0,2026-09-03T22:05:57-07:00
1d3098f8ae30438b4c5393488160aafb218eae9e9e7cef441366cd05b2dc270e,P0,售卖方案,ChIJCWbW7MWY4jARuQATRiSHlA0,bookmybooking,BookMyBooking.com,21c2c48495819c1968118336d9830089c6cef9aaad52f273628fc2972d62d2f6,bookmybooking_semantic_false_positive,当前价格记录来自已知误采区块，不得用于房价比较,"{""优惠标签"": """", ""入住人数"": """", ""其他权益"": """", ""原价"": """", ""取消政策"": """", ""币种"": ""USD"", ""库存提示"": """", ""当前价"": ""12.72"", ""支付方式"": """", ""早餐"": """", ""确认政策"": """", ""税费"": """"}",待修复,R,20260903-220154-csv-8204aff0,2026-09-03T22:05:57-07:00
1dde81d2b9b4b81fe299db3b8b73fcc8c03bffb54421a01f7aeaafed210da0d0,P0,售卖方案,ChIJCWbW7MWY4jARuQATRiSHlA0,bookmybooking,BookMyBooking.com,7a7046f8a53cc9552d3e952d2d9fb78568299f01f93e4c952a980452a62789bd,bookmybooking_semantic_false_positive,当前价格记录来自已知误采区块，不得用于房价比较,"{""优惠标签"": """", ""入住人数"": """", ""其他权益"": """", ""原价"": """", ""取消政策"": """", ""币种"": ""USD"", ""库存提示"": """", ""当前价"": ""20.25"", ""支付方式"": """", ""早餐"": """", ""确认政策"": """", ""税费"": """"}",待修复,R,20260903-220154-csv-8204aff0,2026-09-03T22:05:57-07:00
23a3e8c4f1179c9f704404d5a63bb95085fa0e6dc078bdd32e5bbf52fbbeb8cb,P0,售卖方案,ChIJCWbW7MWY4jARuQATRiSHlA0,bookmybooking,BookMyBooking.com,4887d579796ac86d2b74fbedcb8ddc5c9497fabd859e2dfefb6defe680022427,bookmybooking_semantic_false_positive,当前价格记录来自已知误采区块，不得用于房价比较,"{""优惠标签"": """", ""入住人数"": """", ""其他权益"": """", ""原价"": """", ""取消政策"": """", ""币种"": ""USD"", ""库存提示"": """", ""当前价"": ""82.10"", ""支付方式"": """", ""早餐"": """", ""确认政策"": """", ""税费"": """"}",待修复,R,20260903-220154-csv-8204aff0,2026-09-03T22:05:57-07:00
263795968b50223d7f9b8baaf6fab65ceaf1f64e903414e173aaaddf3a2b3400,P0,售卖方案,ChIJCWbW7MWY4jARuQATRiSHlA0,bookmybooking,BookMyBooking.com,3da4d2a32debd8bc4a65fd08ba037848581706fd894891b1d9a1d55272d54280,bookmybooking_semantic_false_positive,当前价格记录来自已知误采区块，不得用于房价比较,"{""优惠标签"": """", ""入住人数"": """", ""其他权益"": """", ""原价"": """", ""取消政策"": """", ""币种"": ""USD"", ""库存提示"": """", ""当前价"": ""16.54"", ""支付方式"": """", ""早餐"": """", ""确认政策"": """", ""税费"": """"}",待修复,R,20260906-092202-csv-fb22d95c,2026-09-06T09:52:19-07:00
27ce8b609f12aeb4b4394a81cf232e1500893518ef10d7f3a08db118153ec4ff,P0,房型,ChIJCWbW7MWY4jARuQATRiSHlA0,bookmybooking,BookMyBooking.com,35affc4049af522d86967fa4b21c421eba562c972e9686adb13e9ce8e38d5f18,bookmybooking_semantic_false_positive,平台专属解析规则修复前，该记录不得进入 T3/T4,lebua Suite City View-breakfast,待修复,R,20260906-092202-csv-fb22d95c,2026-09-06T09:52:19-07:00
2a91fffcf961a41361c37dd005f4397a6b2b10fb81c19564e602c3ce4585cfd4,P0,售卖方案,ChIJCWbW7MWY4jARuQATRiSHlA0,bookmybooking,BookMyBooking.com,cb7b1f791c8779bb47b43de9f881fe4014c9d62f3a13d88753d4d39021f640ff,bookmybooking_semantic_false_positive,当前价格记录来自已知误采区块，不得用于房价比较,"{""优惠标签"": """", ""入住人数"": """", ""其他权益"": """", ""原价"": """", ""取消政策"": """", ""币种"": ""USD"", ""库存提示"": """", ""当前价"": ""12.72"", ""支付方式"": """", ""早餐"": """", ""确认政策"": """", ""税费"": """"}",待修复,R,20260903-220154-csv-8204aff0,2026-09-03T22:05:57-07:00
2bc027a5b076a82c478c93df35bbd09a97b643614e9a36cbf2e4496a073ac9a9,P0,售卖方案,ChIJCWbW7MWY4jARuQATRiSHlA0,bookmybooking,BookMyBooking.com,3505fdf929a0e44f81d3c23542cc6003d7d7eb0e031ff30070c00d0572da3693,bookmybooking_semantic_false_positive,当前价格记录来自已知误采区块，不得用于房价比较,"{""优惠标签"": """", ""入住人数"": """", ""其他权益"": """", ""原价"": """", ""取消政策"": """", ""币种"": ""USD"", ""库存提示"": """", ""当前价"": ""18.82"", ""支付方式"": """", ""早餐"": """", ""确认政策"": """", ""税费"": """"}",待修复,R,20260903-220154-csv-8204aff0,2026-09-03T22:05:57-07:00
2efdd1639fff1dc8d92a51a66b7f1e43798d27270d1b9aba13b9b16de8860e65,P0,售卖方案,ChIJCWbW7MWY4jARuQATRiSHlA0,bookmybooking,BookMyBooking.com,e496462400265ac80461a08a9e510e85682ac40f15a84eb901fb7a6c1727a922,bookmybooking_semantic_false_positive,当前价格记录来自已知误采区块，不得用于房价比较,"{""优惠标签"": """", ""入住人数"": """", ""其他权益"": """", ""原价"": """", ""取消政策"": """", ""币种"": ""USD"", ""库存提示"": """", ""当前价"": ""16.54"", ""支付方式"": """", ""早餐"": """", ""确认政策"": """", ""税费"": """"}",待修复,R,20260903-220154-csv-8204aff0,2026-09-03T22:05:57-07:00
327935bdc189104b9e92ba48ec66b5ad532ced26083597acd242c58208cb4d18,P0,售卖方案,ChIJCWbW7MWY4jARuQATRiSHlA0,bookmybooking,BookMyBooking.com,6947a7a17b53a32af10b2c0115932d7e2a5eaa7672a445429f86ef0d15321f86,bookmybooking_semantic_false_positive,当前价格记录来自已知误采区块，不得用于房价比较,"{""优惠标签"": """", ""入住人数"": """", ""其他权益"": """", ""原价"": """", ""取消政策"": """", ""币种"": ""USD"", ""库存提示"": """", ""当前价"": ""13.72"", ""支付方式"": """", ""早餐"": """", ""确认政策"": """", ""税费"": """"}",待修复,R,20260906-092202-csv-fb22d95c,2026-09-06T09:52:19-07:00
33a5b5d1ea2d5c37a599531a503be30889eeeeac8bb788ee7cefbf11f0c0bdb7,P0,售卖方案,ChIJCWbW7MWY4jARuQATRiSHlA0,bookmybooking,BookMyBooking.com,e40e517dd0cdedc7b8a7b40b14e21ba60d4273e1e6464d5f6f6b8f9ea9a44bbf,bookmybooking_semantic_false_positive,当前价格记录来自已知误采区块，不得用于房价比较,"{""优惠标签"": """", ""入住人数"": """", ""其他权益"": """", ""原价"": """", ""取消政策"": """", ""币种"": ""USD"", ""库存提示"": """", ""当前价"": ""17.74"", ""支付方式"": """", ""早餐"": """", ""确认政策"": """", ""税费"": """"}",待修复,R,20260903-220154-csv-8204aff0,2026-09-03T22:05:57-07:00
3866a1a00965e71007062a8e2cc679f1ecce12f16c5d407cfa0d109b28cb7760,P0,售卖方案,ChIJCWbW7MWY4jARuQATRiSHlA0,bookmybooking,BookMyBooking.com,8776034ebab4bf76885a619e0474672e04d6a2c44811facefaf03653a4a3ddca,bookmybooking_semantic_false_positive,当前价格记录来自已知误采区块，不得用于房价比较,"{""优惠标签"": """", ""入住人数"": """", ""其他权益"": """", ""原价"": """", ""取消政策"": """", ""币种"": ""USD"", ""库存提示"": """", ""当前价"": ""15.59"", ""支付方式"": """", ""早餐"": """", ""确认政策"": """", ""税费"": """"}",待修复,R,20260903-220154-csv-8204aff0,2026-09-03T22:05:57-07:00
3c594b6676cb0caf3974c73b8893a2380ad3ce64163187b25bc3d2d6c40b5d7f,P0,售卖方案,ChIJCWbW7MWY4jARuQATRiSHlA0,bookmybooking,BookMyBooking.com,64f4d85e90477b37723347e77a4d9237a38ae4c1ca19760d7011059e80e72b5f,bookmybooking_semantic_false_positive,当前价格记录来自已知误采区块，不得用于房价比较,"{""优惠标签"": """", ""入住人数"": """", ""其他权益"": """", ""原价"": """", ""取消政策"": """", ""币种"": ""USD"", ""库存提示"": """", ""当前价"": ""17.84"", ""支付方式"": """", ""早餐"": """", ""确认政策"": """", ""税费"": """"}",待修复,R,20260903-220154-csv-8204aff0,2026-09-03T22:05:57-07:00
40cd7bcd3a3243c45803bda231f1c2b63d521544e4f3d7d53f589eadf5181fd2,P0,售卖方案,ChIJCWbW7MWY4jARuQATRiSHlA0,bookmybooking,BookMyBooking.com,777b899e1ec3e84ba273906cd750dac24b8fc7aea6c4be9c2a85e6c5fa4ebc92,bookmybooking_semantic_false_positive,当前价格记录来自已知误采区块，不得用于房价比较,"{""优惠标签"": """", ""入住人数"": """", ""其他权益"": """", ""原价"": """", ""取消政策"": """", ""币种"": ""USD"", ""库存提示"": """", ""当前价"": ""13.72"", ""支付方式"": """", ""早餐"": """", ""确认政策"": """", ""税费"": """"}",待修复,R,20260906-092202-csv-fb22d95c,2026-09-06T09:52:19-07:00
41a35086e2626578a60a869a57ffcaa71fdb09cdc24e0648d7d5e4ff801dbb0c,P0,售卖方案,ChIJCWbW7MWY4jARuQATRiSHlA0,bookmybooking,BookMyBooking.com,527b6d7611da3c33dbc27608b22a988400bad7d505f6b784feb39cc3f831aa1b,bookmybooking_semantic_false_positive,当前价格记录来自已知误采区块，不得用于房价比较,"{""优惠标签"": """", ""入住人数"": """", ""其他权益"": """", ""原价"": """", ""取消政策"": """", ""币种"": ""USD"", ""库存提示"": """", ""当前价"": ""13.72"", ""支付方式"": """", ""早餐"": """", ""确认政策"": """", ""税费"": """"}",待修复,R,20260903-220154-csv-8204aff0,2026-09-03T22:05:57-07:00
43ab3d28347c4442164b2b2c32092d21cd90685afee4ce3339fb1f1d7d75fc92,P0,售卖方案,ChIJCWbW7MWY4jARuQATRiSHlA0,bookmybooking,BookMyBooking.com,f09488a5518c01c12ae4340a188832e52e54a4f15f540a0f7af5150423db6e71,bookmybooking_semantic_false_positive,当前价格记录来自已知误采区块，不得用于房价比较,"{""优惠标签"": """", ""入住人数"": """", ""其他权益"": """", ""原价"": """", ""取消政策"": """", ""币种"": ""USD"", ""库存提示"": """", ""当前价"": ""15.52"", ""支付方式"": """", ""早餐"": """", ""确认政策"": """", ""税费"": """"}",待修复,R,20260906-092202-csv-fb22d95c,2026-09-06T09:52:19-07:00
44991f0324d90740769b873431f20036fbe201b0f473551d5a5e93646065ea84,P0,售卖方案,ChIJCWbW7MWY4jARuQATRiSHlA0,bookmybooking,BookMyBooking.com,94c1236dd678eb7712867b3c7bd74a16e73fb5c01fcbcbc619cf2a10ffbcb5ce,bookmybooking_semantic_false_positive,当前价格记录来自已知误采区块，不得用于房价比较,"{""优惠标签"": """", ""入住人数"": """", ""其他权益"": """", ""原价"": """", ""取消政策"": """", ""币种"": ""USD"", ""库存提示"": """", ""当前价"": ""23.17"", ""支付方式"": """", ""早餐"": """", ""确认政策"": """", ""税费"": """"}",待修复,R,20260906-092202-csv-fb22d95c,2026-09-06T09:52:19-07:00
46e15bf9713652eb5168f7b363b96c5b94fbebbd68b38cb10efd4ec068f0c370,P0,售卖方案,ChIJCWbW7MWY4jARuQATRiSHlA0,bookmybooking,BookMyBooking.com,aa6f5b3a43dcfbbd60cb20c06a870be5ab1c598f3d294a42613b3a8faddb9953,bookmybooking_semantic_false_positive,当前价格记录来自已知误采区块，不得用于房价比较,"{""优惠标签"": """", ""入住人数"": """", ""其他权益"": """", ""原价"": """", ""取消政策"": """", ""币种"": ""USD"", ""库存提示"": """", ""当前价"": ""82.10"", ""支付方式"": """", ""早餐"": """", ""确认政策"": """", ""税费"": """"}",待修复,R,20260906-092202-csv-fb22d95c,2026-09-06T09:52:19-07:00
46f1a18eb32b1184c8e18750a0293a6a876bb9c8abea7c40b79bea7f6509bbe9,P0,售卖方案,ChIJCWbW7MWY4jARuQATRiSHlA0,bookmybooking,BookMyBooking.com,accbc9bd70d628d8158eb5a8c6b2b5c90e144141b8cd1cca86bc7ac04675538c,bookmybooking_semantic_false_positive,当前价格记录来自已知误采区块，不得用于房价比较,"{""优惠标签"": """", ""入住人数"": """", ""其他权益"": """", ""原价"": """", ""取消政策"": """", ""币种"": ""USD"", ""库存提示"": """", ""当前价"": ""16.45"", ""支付方式"": """", ""早餐"": """", ""确认政策"": """", ""税费"": """"}",待修复,R,20260906-092202-csv-fb22d95c,2026-09-06T09:52:19-07:00
4891dc9a6465a4cfa833967e178365d69e0b57709c5d69fdfd5e6eddd52e1359,P0,售卖方案,ChIJCWbW7MWY4jARuQATRiSHlA0,bookmybooking,BookMyBooking.com,d5e47430b7215ee274a35b7f31c299eb628d4731967370451570634ec8a8490a,bookmybooking_semantic_false_positive,当前价格记录来自已知误采区块，不得用于房价比较,"{""优惠标签"": """", ""入住人数"": """", ""其他权益"": """", ""原价"": """", ""取消政策"": """", ""币种"": ""USD"", ""库存提示"": """", ""当前价"": ""21.83"", ""支付方式"": """", ""早餐"": """", ""确认政策"": """", ""税费"": """"}",待修复,R,20260903-220154-csv-8204aff0,2026-09-03T22:05:57-07:00
493bda7fc48cd743810355f0d35f87d34d35aff5420d462b8235368f018a798c,P0,售卖方案,ChIJCWbW7MWY4jARuQATRiSHlA0,bookmybooking,BookMyBooking.com,93006fc52e96d1db3751a478039c342eaabe29e98569c06cfeb4d2c05dc806fb,bookmybooking_semantic_false_positive,当前价格记录来自已知误采区块，不得用于房价比较,"{""优惠标签"": """", ""入住人数"": """", ""其他权益"": """", ""原价"": """", ""取消政策"": """", ""币种"": ""USD"", ""库存提示"": """", ""当前价"": ""12.72"", ""支付方式"": """", ""早餐"": """", ""确认政策"": """", ""税费"": """"}",待修复,R,20260906-092202-csv-fb22d95c,2026-09-06T09:52:19-07:00
4b38de3b79a0dd2e55cfec29d6b364e4832ad88847a12e396bfec672a8689d7c,P0,售卖方案,ChIJCWbW7MWY4jARuQATRiSHlA0,bookmybooking,BookMyBooking.com,65fce4bd6dc906bdcee8ad60e3cba705e25ff94133144c2bef8c0f85972c0e8a,bookmybooking_semantic_false_positive,当前价格记录来自已知误采区块，不得用于房价比较,"{""优惠标签"": """", ""入住人数"": """", ""其他权益"": """", ""原价"": """", ""取消政策"": """", ""币种"": ""USD"", ""库存提示"": """", ""当前价"": ""16.73"", ""支付方式"": """", ""早餐"": """", ""确认政策"": """", ""税费"": """"}",待修复,R,20260906-092202-csv-fb22d95c,2026-09-06T09:52:19-07:00
4cd47b807e8f69d730d533eec5cdf3fd87a380ddcd8d82477864e9085ffe242f,P0,售卖方案,ChIJCWbW7MWY4jARuQATRiSHlA0,bookmybooking,BookMyBooking.com,ca4e5cb0f83ffd8dde293d1db7800ec0aae79f0072da2263a79a51998fed7656,bookmybooking_semantic_false_positive,当前价格记录来自已知误采区块，不得用于房价比较,"{""优惠标签"": """", ""入住人数"": """", ""其他权益"": """", ""原价"": """", ""取消政策"": """", ""币种"": ""USD"", ""库存提示"": """", ""当前价"": ""15.52"", ""支付方式"": """", ""早餐"": """", ""确认政策"": """", ""税费"": """"}",待修复,R,20260903-220154-csv-8204aff0,2026-09-03T22:05:57-07:00
4e1ee9ec6e9805df2566f82f29f32728a6122cb5088ee0d8d16f003be5711f5a,P0,售卖方案,ChIJCWbW7MWY4jARuQATRiSHlA0,bookmybooking,BookMyBooking.com,c76f0bfd8b0ca1e9956cd1e3ec50073cd3169b5e539e333c68a37f273f40c7dc,bookmybooking_semantic_false_positive,当前价格记录来自已知误采区块，不得用于房价比较,"{""优惠标签"": """", ""入住人数"": """", ""其他权益"": """", ""原价"": """", ""取消政策"": """", ""币种"": ""USD"", ""库存提示"": """", ""当前价"": ""12.66"", ""支付方式"": """", ""早餐"": """", ""确认政策"": """", ""税费"": """"}",待修复,R,20260906-092202-csv-fb22d95c,2026-09-06T09:52:19-07:00
530c9bbe01a60e44955398ca2d6bb5d96ab729c94713388b23508d001d31f651,P0,售卖方案,ChIJCWbW7MWY4jARuQATRiSHlA0,bookmybooking,BookMyBooking.com,4f0a4b49918c6727dbca0f53c92b844dfb04257928e0727a5eef291afba682dc,bookmybooking_semantic_false_positive,当前价格记录来自已知误采区块，不得用于房价比较,"{""优惠标签"": """", ""入住人数"": """", ""其他权益"": """", ""原价"": """", ""取消政策"": """", ""币种"": ""USD"", ""库存提示"": """", ""当前价"": ""14.49"", ""支付方式"": """", ""早餐"": """", ""确认政策"": """", ""税费"": """"}",待修复,R,20260906-092202-csv-fb22d95c,2026-09-06T09:52:19-07:00
5542ca1d724fca0f6785a7bd6eb4f46b059eb2a15653fed11549cd24c3199410,P0,售卖方案,ChIJCWbW7MWY4jARuQATRiSHlA0,bookmybooking,BookMyBooking.com,323dcbda0ed2427806abf9cabbc64e94ac51533c19be76126f710fe63a1bb7e0,bookmybooking_semantic_false_positive,当前价格记录来自已知误采区块，不得用于房价比较,"{""优惠标签"": """", ""入住人数"": """", ""其他权益"": """", ""原价"": """", ""取消政策"": """", ""币种"": ""USD"", ""库存提示"": """", ""当前价"": ""16.45"", ""支付方式"": """", ""早餐"": """", ""确认政策"": """", ""税费"": """"}",待修复,R,20260906-092202-csv-fb22d95c,2026-09-06T09:52:19-07:00
58bd51fbea67ee136a68455564c767f19a5f677ffc69cc737ac79f77da04e1a3,P0,售卖方案,ChIJCWbW7MWY4jARuQATRiSHlA0,bookmybooking,BookMyBooking.com,f60da1cc76b5106f6a3e90e7ca4b51ff2c4690f419e359db65c72fe725d76b03,bookmybooking_semantic_false_positive,当前价格记录来自已知误采区块，不得用于房价比较,"{""优惠标签"": """", ""入住人数"": """", ""其他权益"": """", ""原价"": """", ""取消政策"": """", ""币种"": ""USD"", ""库存提示"": """", ""当前价"": ""15.59"", ""支付方式"": """", ""早餐"": """", ""确认政策"": """", ""税费"": """"}",待修复,R,20260903-220154-csv-8204aff0,2026-09-03T22:05:57-07:00
5a27b9f2ee38830d1acd7650c1b749bdfcb2e8201c39c1078dae71d097c99417,P0,售卖方案,ChIJCWbW7MWY4jARuQATRiSHlA0,bookmybooking,BookMyBooking.com,b405f41bf1dc7e835509a25dac2effbadbdcddc12f6b07782b2bc41331040e5e,bookmybooking_semantic_false_positive,当前价格记录来自已知误采区块，不得用于房价比较,"{""优惠标签"": """", ""入住人数"": """", ""其他权益"": """", ""原价"": """", ""取消政策"": """", ""币种"": ""USD"", ""库存提示"": """", ""当前价"": ""13.44"", ""支付方式"": """", ""早餐"": """", ""确认政策"": """", ""税费"": """"}",待修复,R,20260903-220154-csv-8204aff0,2026-09-03T22:05:57-07:00
5c653fa396a1268ec3bd7172f1c0cf1c7be088b390c9fe4bebc4f9055cf4b60f,P0,房型,ChIJCWbW7MWY4jARuQATRiSHlA0,bookmybooking,BookMyBooking.com,0f2f8867550a6ef0294336ac0c471d6be16f7e4064caa88add55520030f7387a,bookmybooking_semantic_false_positive,平台专属解析规则修复前，该记录不得进入 T3/T4,Premium Suite City View-breakfast,待修复,R,20260906-092202-csv-fb22d95c,2026-09-06T09:52:19-07:00
6088b6d5ffd0d474cb36cb5c97a503f2ff8eef834db9880cc76375865ec5078f,P0,售卖方案,ChIJCWbW7MWY4jARuQATRiSHlA0,bookmybooking,BookMyBooking.com,bf9c1964d801221b010161eb668fc02b02bcaf4d4d0e95333d7961252b9a2ad1,bookmybooking_semantic_false_positive,当前价格记录来自已知误采区块，不得用于房价比较,"{""优惠标签"": """", ""入住人数"": """", ""其他权益"": """", ""原价"": """", ""取消政策"": """", ""币种"": ""USD"", ""库存提示"": """", ""当前价"": ""17.82"", ""支付方式"": """", ""早餐"": """", ""确认政策"": """", ""税费"": """"}",待修复,R,20260903-220154-csv-8204aff0,2026-09-03T22:05:57-07:00
659a9a6d29c2098c31f8bf2449263e781132d28804fa028692949fb851137ffa,P0,售卖方案,ChIJCWbW7MWY4jARuQATRiSHlA0,bookmybooking,BookMyBooking.com,27c980ed255e35354b1213f6d1893063b21f3e621620b67cb2aa7f942970c726,bookmybooking_semantic_false_positive,当前价格记录来自已知误采区块，不得用于房价比较,"{""优惠标签"": """", ""入住人数"": """", ""其他权益"": """", ""原价"": """", ""取消政策"": """", ""币种"": ""USD"", ""库存提示"": """", ""当前价"": ""21.49"", ""支付方式"": """", ""早餐"": """", ""确认政策"": """", ""税费"": """"}",待修复,R,20260903-220154-csv-8204aff0,2026-09-03T22:05:57-07:00
65e43d306313330d8c98fac139844dd6d9021774f52584102c02f44e4f571a95,P0,售卖方案,ChIJCWbW7MWY4jARuQATRiSHlA0,bookmybooking,BookMyBooking.com,615a6ff9caf6a51e10bd0ccad04649addeabcfb4a9e5cf67fd5ce24c6bf49ff6,bookmybooking_semantic_false_positive,当前价格记录来自已知误采区块，不得用于房价比较,"{""优惠标签"": """", ""入住人数"": """", ""其他权益"": """", ""原价"": """", ""取消政策"": """", ""币种"": ""USD"", ""库存提示"": """", ""当前价"": ""16.45"", ""支付方式"": """", ""早餐"": """", ""确认政策"": """", ""税费"": """"}",待修复,R,20260903-220154-csv-8204aff0,2026-09-03T22:05:57-07:00
6671d0738d8505882a83f4d72fefddd1eacf38613a5096f4f587a4c97083896a,P0,售卖方案,ChIJCWbW7MWY4jARuQATRiSHlA0,bookmybooking,BookMyBooking.com,e3b731db20aa0662fcb5d16230382951734ed91e34d59c5f5efa2adf22915ad2,bookmybooking_semantic_false_positive,当前价格记录来自已知误采区块，不得用于房价比较,"{""优惠标签"": """", ""入住人数"": """", ""其他权益"": """", ""原价"": """", ""取消政策"": """", ""币种"": ""USD"", ""库存提示"": """", ""当前价"": ""16.53"", ""支付方式"": """", ""早餐"": """", ""确认政策"": """", ""税费"": """"}",待修复,R,20260906-092202-csv-fb22d95c,2026-09-06T09:52:19-07:00
697879c3e0b4c46946e51bea838cf6fca025eabec2df30cf027173e657d33192,P0,售卖方案,ChIJCWbW7MWY4jARuQATRiSHlA0,bookmybooking,BookMyBooking.com,cfca123a7d5c07cb2a14d18b93a87ad008d2dd8fae5559a1de72ba103576c9c8,bookmybooking_semantic_false_positive,当前价格记录来自已知误采区块，不得用于房价比较,"{""优惠标签"": """", ""入住人数"": """", ""其他权益"": """", ""原价"": """", ""取消政策"": """", ""币种"": ""USD"", ""库存提示"": """", ""当前价"": ""15.59"", ""支付方式"": """", ""早餐"": """", ""确认政策"": """", ""税费"": """"}",待修复,R,20260906-092202-csv-fb22d95c,2026-09-06T09:52:19-07:00
6a2316445d44671c99500813b6c03e0c1495d80e4d3992512352e787a33b495f,P0,售卖方案,ChIJCWbW7MWY4jARuQATRiSHlA0,bookmybooking,BookMyBooking.com,62cd6948d290f90954112e0477739d54e17f550cb2b014e3d2e03071169da3d9,bookmybooking_semantic_false_positive,当前价格记录来自已知误采区块，不得用于房价比较,"{""优惠标签"": """", ""入住人数"": """", ""其他权益"": """", ""原价"": """", ""取消政策"": """", ""币种"": ""USD"", ""库存提示"": """", ""当前价"": ""63.22"", ""支付方式"": """", ""早餐"": """", ""确认政策"": """", ""税费"": """"}",待修复,R,20260903-220154-csv-8204aff0,2026-09-03T22:05:57-07:00
6a90dd73da7c5dce74b7738daa2406b75d329d499f57bc34dfbe8bee51af08cc,P0,售卖方案,ChIJCWbW7MWY4jARuQATRiSHlA0,bookmybooking,BookMyBooking.com,00e83b6a2fbe0966c59c41e232423d135090613521945373037970fad297869e,bookmybooking_semantic_false_positive,当前价格记录来自已知误采区块，不得用于房价比较,"{""优惠标签"": """", ""入住人数"": """", ""其他权益"": """", ""原价"": """", ""取消政策"": """", ""币种"": ""USD"", ""库存提示"": """", ""当前价"": ""23.17"", ""支付方式"": """", ""早餐"": """", ""确认政策"": """", ""税费"": """"}",待修复,R,20260903-220154-csv-8204aff0,2026-09-03T22:05:57-07:00
6ae42ee73f5413b1b13f742ceb9f2fb3ca2c1dfe8d5c50b0989dd1bf1ea92c6c,P0,售卖方案,ChIJCWbW7MWY4jARuQATRiSHlA0,bookmybooking,BookMyBooking.com,ab274dce88d6e8f644755612f5b820adb3ed43818d785612ec821bb89e8834c7,bookmybooking_semantic_false_positive,当前价格记录来自已知误采区块，不得用于房价比较,"{""优惠标签"": """", ""入住人数"": """", ""其他权益"": """", ""原价"": """", ""取消政策"": """", ""币种"": ""USD"", ""库存提示"": """", ""当前价"": ""13.44"", ""支付方式"": """", ""早餐"": """", ""确认政策"": """", ""税费"": """"}",待修复,R,20260903-220154-csv-8204aff0,2026-09-03T22:05:57-07:00
6f6a4f80c5d97cb50f9fa60084ca6858d4748c1357e796bb29e27c1bf62159c8,P0,售卖方案,ChIJCWbW7MWY4jARuQATRiSHlA0,bookmybooking,BookMyBooking.com,8cbdef6b71d7348397df04e1808154c56103ccbb6066d443334f4deb0f471f86,bookmybooking_semantic_false_positive,当前价格记录来自已知误采区块，不得用于房价比较,"{""优惠标签"": """", ""入住人数"": """", ""其他权益"": """", ""原价"": """", ""取消政策"": """", ""币种"": ""USD"", ""库存提示"": """", ""当前价"": ""16.53"", ""支付方式"": """", ""早餐"": """", ""确认政策"": """", ""税费"": """"}",待修复,R,20260903-220154-csv-8204aff0,2026-09-03T22:05:57-07:00
716fd99d037b2f458960138ffff30ac7004c9ee6a8f2b62b47341950de3b27e1,P0,售卖方案,ChIJCWbW7MWY4jARuQATRiSHlA0,bookmybooking,BookMyBooking.com,aa6055d77c5e0a06c46137c027f0e2b7c0ccbecc9ade946bb8d459b5e9f320fb,bookmybooking_semantic_false_positive,当前价格记录来自已知误采区块，不得用于房价比较,"{""优惠标签"": """", ""入住人数"": """", ""其他权益"": """", ""原价"": """", ""取消政策"": """", ""币种"": ""USD"", ""库存提示"": """", ""当前价"": ""14.49"", ""支付方式"": """", ""早餐"": """", ""确认政策"": """", ""税费"": """"}",待修复,R,20260903-220154-csv-8204aff0,2026-09-03T22:05:57-07:00
724417c17ae3d1c18d4a6c58d81f331c980a0d6eecf12da690cce557b1d27d36,P0,售卖方案,ChIJCWbW7MWY4jARuQATRiSHlA0,bookmybooking,BookMyBooking.com,41fe827dd86c175107a5abbedc10aa9c84f92190be78411bf5f18c1eba4a2d2a,bookmybooking_semantic_false_positive,当前价格记录来自已知误采区块，不得用于房价比较,"{""优惠标签"": """", ""入住人数"": """", ""其他权益"": """", ""原价"": """", ""取消政策"": """", ""币种"": ""USD"", ""库存提示"": """", ""当前价"": ""18.82"", ""支付方式"": """", ""早餐"": """", ""确认政策"": """", ""税费"": """"}",待修复,R,20260903-220154-csv-8204aff0,2026-09-03T22:05:57-07:00
72adb195696bccea11277ee2ae60fdaa154c6cae8a13efa8197ab83d07ef347e,P0,房型,ChIJCWbW7MWY4jARuQATRiSHlA0,bookmybooking,BookMyBooking.com,770fd325b9c3787a4ba7192d9ab956826511a6bae97bcc8d46a24f5c258a1fa9,bookmybooking_semantic_false_positive,平台专属解析规则修复前，该记录不得进入 T3/T4,lebua Suite 2 bedroom,待修复,R,20260906-092202-csv-fb22d95c,2026-09-06T09:52:19-07:00
72b2aa791e58f9595828e028efe41c711fd26cc51400cbd9390f1b59de4a1ebd,P0,房型,ChIJCWbW7MWY4jARuQATRiSHlA0,bookmybooking,BookMyBooking.com,0356f6bdbbb38c4a5a005488f05cc3d698b2dda3d99cfd2fd9e18455f5025ba3,bookmybooking_semantic_false_positive,平台专属解析规则修复前，该记录不得进入 T3/T4,lebua Suite River View-breakfast,待修复,R,20260906-092202-csv-fb22d95c,2026-09-06T09:52:19-07:00
72f4f9fd1331f580714a1e3c537840dced6eb8dfa69cd270df2c9910a4c5e33a,P0,售卖方案,ChIJCWbW7MWY4jARuQATRiSHlA0,bookmybooking,BookMyBooking.com,790a19d4013007358d90ae5aeefa21e26bc0b7f19f3192521074a3a147bcd49b,bookmybooking_semantic_false_positive,当前价格记录来自已知误采区块，不得用于房价比较,"{""优惠标签"": """", ""入住人数"": """", ""其他权益"": """", ""原价"": """", ""取消政策"": """", ""币种"": ""USD"", ""库存提示"": """", ""当前价"": ""12.72"", ""支付方式"": """", ""早餐"": """", ""确认政策"": """", ""税费"": """"}",待修复,R,20260906-092202-csv-fb22d95c,2026-09-06T09:52:19-07:00
747421d48fec17bf963d515bca9b4f12f9c0f8b052d720e8aa11122632c5f320,P0,售卖方案,ChIJCWbW7MWY4jARuQATRiSHlA0,bookmybooking,BookMyBooking.com,4c7e78179190245224ec8f5b44760a3431c7a48bbdce44f52ce974ce61917a78,bookmybooking_semantic_false_positive,当前价格记录来自已知误采区块，不得用于房价比较,"{""优惠标签"": """", ""入住人数"": """", ""其他权益"": """", ""原价"": """", ""取消政策"": """", ""币种"": ""USD"", ""库存提示"": """", ""当前价"": ""16.81"", ""支付方式"": """", ""早餐"": """", ""确认政策"": """", ""税费"": """"}",待修复,R,20260903-220154-csv-8204aff0,2026-09-03T22:05:57-07:00
78123ea019a76c80c4407e14367eb54bf911fc1a41d5297808e55d6253a2c976,P0,售卖方案,ChIJCWbW7MWY4jARuQATRiSHlA0,bookmybooking,BookMyBooking.com,508528b8e21061dcc8024a3f6fc714ecf17464e2b77e26d8d94a0604086907cf,bookmybooking_semantic_false_positive,当前价格记录来自已知误采区块，不得用于房价比较,"{""优惠标签"": """", ""入住人数"": """", ""其他权益"": """", ""原价"": """", ""取消政策"": """", ""币种"": ""USD"", ""库存提示"": """", ""当前价"": ""16.54"", ""支付方式"": """", ""早餐"": """", ""确认政策"": """", ""税费"": """"}",待修复,R,20260906-092202-csv-fb22d95c,2026-09-06T09:52:19-07:00
7bfe7b293779aef1d06a514933601fd2e478678a8b3dab91dbd6b487cdadc0de,P0,售卖方案,ChIJCWbW7MWY4jARuQATRiSHlA0,bookmybooking,BookMyBooking.com,ff8b500e1cc3680d7c9d3a050a7f7f4d419727f8ce33ede17e156c0c9c51d061,bookmybooking_semantic_false_positive,当前价格记录来自已知误采区块，不得用于房价比较,"{""优惠标签"": """", ""入住人数"": """", ""其他权益"": """", ""原价"": """", ""取消政策"": """", ""币种"": ""USD"", ""库存提示"": """", ""当前价"": ""63.22"", ""支付方式"": """", ""早餐"": """", ""确认政策"": """", ""税费"": """"}",待修复,R,20260906-092202-csv-fb22d95c,2026-09-06T09:52:19-07:00
7e028e65a4615dd6ee60ca2fcd38171eb098bb154a9374198fb6a889d82d683f,P0,售卖方案,ChIJCWbW7MWY4jARuQATRiSHlA0,bookmybooking,BookMyBooking.com,19224bf899e397e75d1f1205bd61f323b1e5b579b71751c289132b57a6a4d64f,bookmybooking_semantic_false_positive,当前价格记录来自已知误采区块，不得用于房价比较,"{""优惠标签"": """", ""入住人数"": """", ""其他权益"": """", ""原价"": """", ""取消政策"": """", ""币种"": ""USD"", ""库存提示"": """", ""当前价"": ""17.46"", ""支付方式"": """", ""早餐"": """", ""确认政策"": """", ""税费"": """"}",待修复,R,20260906-092202-csv-fb22d95c,2026-09-06T09:52:19-07:00
7f1f78952d17f646bb1c4b641a0c7adf73564db8f1bc26b47783123b0e4cb6fd,P0,售卖方案,ChIJCWbW7MWY4jARuQATRiSHlA0,bookmybooking,BookMyBooking.com,370986d80f6b522823129c275147a4309aef8ac24818a2774134f0de929ce566,bookmybooking_semantic_false_positive,当前价格记录来自已知误采区块，不得用于房价比较,"{""优惠标签"": """", ""入住人数"": """", ""其他权益"": """", ""原价"": """", ""取消政策"": """", ""币种"": ""USD"", ""库存提示"": """", ""当前价"": ""21.49"", ""支付方式"": """", ""早餐"": """", ""确认政策"": """", ""税费"": """"}",待修复,R,20260906-092202-csv-fb22d95c,2026-09-06T09:52:19-07:00
7f2715165eaea1a1ab87a3d151be76cbdee2b3f6077e2fd12320ba4f41531db9,P0,房型,ChIJCWbW7MWY4jARuQATRiSHlA0,bookmybooking,BookMyBooking.com,c5980c4b1bae34d02485ec9ccd25e622dd0b3bfd1987783c30e16b8cb1cfed5b,bookmybooking_semantic_false_positive,平台专属解析规则修复前，该记录不得进入 T3/T4,No Room Selected,待修复,R,20260906-092202-csv-fb22d95c,2026-09-06T09:52:19-07:00
83837923c93cce6e768ebab13f8a07404947e7a011a966a4843645bc7a164f24,P0,售卖方案,ChIJCWbW7MWY4jARuQATRiSHlA0,bookmybooking,BookMyBooking.com,a0bfa0c63fadbbdbcfc8d810f704309394f88443e9a210ea3f56c6adc27b8c20,bookmybooking_semantic_false_positive,当前价格记录来自已知误采区块，不得用于房价比较,"{""优惠标签"": """", ""入住人数"": """", ""其他权益"": """", ""原价"": """", ""取消政策"": """", ""币种"": ""USD"", ""库存提示"": """", ""当前价"": ""82.10"", ""支付方式"": """", ""早餐"": """", ""确认政策"": """", ""税费"": """"}",待修复,R,20260903-220154-csv-8204aff0,2026-09-03T22:05:57-07:00
89a6df7b366eaf2e62120ed66a1f821688574aaf5867034544b8e4d2dc35ee05,P0,售卖方案,ChIJCWbW7MWY4jARuQATRiSHlA0,bookmybooking,BookMyBooking.com,34b54e7d6b14b5fea0fc947db5869889c6af5b4fd442911c8544bdc25a6d88d6,bookmybooking_semantic_false_positive,当前价格记录来自已知误采区块，不得用于房价比较,"{""优惠标签"": """", ""入住人数"": """", ""其他权益"": """", ""原价"": """", ""取消政策"": """", ""币种"": ""USD"", ""库存提示"": """", ""当前价"": ""82.10"", ""支付方式"": """", ""早餐"": """", ""确认政策"": """", ""税费"": """"}",待修复,R,20260906-092202-csv-fb22d95c,2026-09-06T09:52:19-07:00
8a24cecaeafb963e96470a42c64706477ef00edf736d3499a10fb22ade149828,P0,售卖方案,ChIJCWbW7MWY4jARuQATRiSHlA0,bookmybooking,BookMyBooking.com,ad8cfeae6207c39562cc2959cb6f72ec5d5d6b0778b8b7bd2715d887722f6e3d,bookmybooking_semantic_false_positive,当前价格记录来自已知误采区块，不得用于房价比较,"{""优惠标签"": """", ""入住人数"": """", ""其他权益"": """", ""原价"": """", ""取消政策"": """", ""币种"": ""USD"", ""库存提示"": """", ""当前价"": ""12.66"", ""支付方式"": """", ""早餐"": """", ""确认政策"": """", ""税费"": """"}",待修复,R,20260903-220154-csv-8204aff0,2026-09-03T22:05:57-07:00
8b338c92a0a98e4a772368cd6df4ec142fdf1699dc15f170f09a89ac19a34406,P0,售卖方案,ChIJCWbW7MWY4jARuQATRiSHlA0,bookmybooking,BookMyBooking.com,a1d34ff192fd210c66665bc021cc17b1f902402f23cb417012c3fa0bb89e381a,bookmybooking_semantic_false_positive,当前价格记录来自已知误采区块，不得用于房价比较,"{""优惠标签"": """", ""入住人数"": """", ""其他权益"": """", ""原价"": """", ""取消政策"": """", ""币种"": ""USD"", ""库存提示"": """", ""当前价"": ""16.73"", ""支付方式"": """", ""早餐"": """", ""确认政策"": """", ""税费"": """"}",待修复,R,20260903-220154-csv-8204aff0,2026-09-03T22:05:57-07:00
8d0823cc91cbcde13e02da8719305e6f1dc26eac0a585a4bacc3842126c3973f,P0,售卖方案,ChIJCWbW7MWY4jARuQATRiSHlA0,bookmybooking,BookMyBooking.com,77344da8dd76d9ebb045855c1b392c71cfc82c2813278631bf63508fb81d8227,bookmybooking_semantic_false_positive,当前价格记录来自已知误采区块，不得用于房价比较,"{""优惠标签"": """", ""入住人数"": """", ""其他权益"": """", ""原价"": """", ""取消政策"": """", ""币种"": ""USD"", ""库存提示"": """", ""当前价"": ""12.89"", ""支付方式"": """", ""早餐"": """", ""确认政策"": """", ""税费"": """"}",待修复,R,20260903-220154-csv-8204aff0,2026-09-03T22:05:57-07:00
8fa1674f21615b846baa8e8fa40baaa1d6f5055f69bb113ef9b4be70c7cb2921,P0,售卖方案,ChIJCWbW7MWY4jARuQATRiSHlA0,bookmybooking,BookMyBooking.com,9efc494c8543b0e32a79e5db7fe6bb88d9bfd37e31f5e6634a657bdc22ab9a4c,bookmybooking_semantic_false_positive,当前价格记录来自已知误采区块，不得用于房价比较,"{""优惠标签"": """", ""入住人数"": """", ""其他权益"": """", ""原价"": """", ""取消政策"": """", ""币种"": ""USD"", ""库存提示"": """", ""当前价"": ""13.66"", ""支付方式"": """", ""早餐"": """", ""确认政策"": """", ""税费"": """"}",待修复,R,20260903-220154-csv-8204aff0,2026-09-03T22:05:57-07:00
8fe6da55825a8769e01162c6690f8d06f6f4db1e5da0a8141beb6dfc028fc90c,P0,售卖方案,ChIJCWbW7MWY4jARuQATRiSHlA0,bookmybooking,BookMyBooking.com,55e49f19e150466e6b64fcebd7639d5f99a8c062b981aa9d5f6b6c5311e2a5b8,bookmybooking_semantic_false_positive,当前价格记录来自已知误采区块，不得用于房价比较,"{""优惠标签"": """", ""入住人数"": """", ""其他权益"": """", ""原价"": """", ""取消政策"": """", ""币种"": ""USD"", ""库存提示"": """", ""当前价"": ""11.95"", ""支付方式"": """", ""早餐"": """", ""确认政策"": """", ""税费"": """"}",待修复,R,20260906-092202-csv-fb22d95c,2026-09-06T09:52:19-07:00
994ca83432d6b3a680b2f2a98221e3340f40f0193857ae6410dd13cef8c878d3,P0,售卖方案,ChIJCWbW7MWY4jARuQATRiSHlA0,bookmybooking,BookMyBooking.com,8a079f6578e6a37b401a79d74bf438916f55add75e7eab71cae98ad5bfe6c4c4,bookmybooking_semantic_false_positive,当前价格记录来自已知误采区块，不得用于房价比较,"{""优惠标签"": """", ""入住人数"": """", ""其他权益"": """", ""原价"": """", ""取消政策"": """", ""币种"": ""USD"", ""库存提示"": """", ""当前价"": ""16.73"", ""支付方式"": """", ""早餐"": """", ""确认政策"": """", ""税费"": """"}",待修复,R,20260906-092202-csv-fb22d95c,2026-09-06T09:52:19-07:00
9bc339e2bbeba05cec4b8bc9d535458025b7bef4744887a6c4eb151f466d336f,P0,售卖方案,ChIJCWbW7MWY4jARuQATRiSHlA0,bookmybooking,BookMyBooking.com,7decc8d175ae451e163ff37f61d39bf338414425a121a5650579063d1c44f984,bookmybooking_semantic_false_positive,当前价格记录来自已知误采区块，不得用于房价比较,"{""优惠标签"": """", ""入住人数"": """", ""其他权益"": """", ""原价"": """", ""取消政策"": """", ""币种"": ""USD"", ""库存提示"": """", ""当前价"": ""20.25"", ""支付方式"": """", ""早餐"": """", ""确认政策"": """", ""税费"": """"}",待修复,R,20260906-092202-csv-fb22d95c,2026-09-06T09:52:19-07:00
9d8981cd6fff3d26a4d62022dd0fe469758e2544eb0d9e050e6aee449a32fcf0,P0,售卖方案,ChIJCWbW7MWY4jARuQATRiSHlA0,bookmybooking,BookMyBooking.com,db739663e4de30aeab54a6f688dd6e082cf66926ee11eaf69da247b33cca276e,bookmybooking_semantic_false_positive,当前价格记录来自已知误采区块，不得用于房价比较,"{""优惠标签"": """", ""入住人数"": """", ""其他权益"": """", ""原价"": """", ""取消政策"": """", ""币种"": ""USD"", ""库存提示"": """", ""当前价"": ""14.49"", ""支付方式"": """", ""早餐"": """", ""确认政策"": """", ""税费"": """"}",待修复,R,20260903-220154-csv-8204aff0,2026-09-03T22:05:57-07:00
a9ede628443e85e3a86997700b6120af17591c3d79b5b7ac75401113ceced5be,P0,售卖方案,ChIJCWbW7MWY4jARuQATRiSHlA0,bookmybooking,BookMyBooking.com,d616e7ce4d038c0381cb7fea756814680e48634def75d1e9e4f077af5741ee55,bookmybooking_semantic_false_positive,当前价格记录来自已知误采区块，不得用于房价比较,"{""优惠标签"": """", ""入住人数"": """", ""其他权益"": """", ""原价"": """", ""取消政策"": """", ""币种"": ""USD"", ""库存提示"": """", ""当前价"": ""63.22"", ""支付方式"": """", ""早餐"": """", ""确认政策"": """", ""税费"": """"}",待修复,R,20260906-092202-csv-fb22d95c,2026-09-06T09:52:19-07:00
acbc916094b8ecf4f6f76855c67b15c3c58c1e2fbd52bf4f1abf96edcbe6a52a,P0,房型,ChIJCWbW7MWY4jARuQATRiSHlA0,bookmybooking,BookMyBooking.com,7f28c6139c28d337676fa503700681011a5004f921afdd951a3fafdd724ed13d,bookmybooking_semantic_false_positive,平台专属解析规则修复前，该记录不得进入 T3/T4,Tower Club Suite City View- Lounge Access,待修复,R,20260906-092202-csv-fb22d95c,2026-09-06T09:52:19-07:00
ad267e5a86f9bebf2525a6e2c29462616ded712b57a98e85fa4f3cee4e6b6868,P0,售卖方案,ChIJCWbW7MWY4jARuQATRiSHlA0,bookmybooking,BookMyBooking.com,95d038a57a6cac18551436058ea80bc259ed5b95dbd3837a6f2dd59d3c94fee4,bookmybooking_semantic_false_positive,当前价格记录来自已知误采区块，不得用于房价比较,"{""优惠标签"": """", ""入住人数"": """", ""其他权益"": """", ""原价"": """", ""取消政策"": """", ""币种"": ""USD"", ""库存提示"": """", ""当前价"": ""63.22"", ""支付方式"": """", ""早餐"": """", ""确认政策"": """", ""税费"": """"}",待修复,R,20260903-220154-csv-8204aff0,2026-09-03T22:05:57-07:00
add82313748ad378c995eb1b27f0b79b9f971f43f2d06e76aa03a7af67599fcf,P0,售卖方案,ChIJCWbW7MWY4jARuQATRiSHlA0,bookmybooking,BookMyBooking.com,b609425ff40635337ecec9780f5ddd472fb6b12468f5276dd8d0ac61d992e6aa,bookmybooking_semantic_false_positive,当前价格记录来自已知误采区块，不得用于房价比较,"{""优惠标签"": """", ""入住人数"": """", ""其他权益"": """", ""原价"": """", ""取消政策"": """", ""币种"": ""USD"", ""库存提示"": """", ""当前价"": ""17.74"", ""支付方式"": """", ""早餐"": """", ""确认政策"": """", ""税费"": """"}",待修复,R,20260906-092202-csv-fb22d95c,2026-09-06T09:52:19-07:00
aef92c92b913cfd52554d4b837f803cce58b6304be52c494d787cf634f276d94,P0,售卖方案,ChIJCWbW7MWY4jARuQATRiSHlA0,bookmybooking,BookMyBooking.com,8f7024444bc1da9ad25324ff40151ac114ea2e33670bfbc54e4a7750fd83c3f3,bookmybooking_semantic_false_positive,当前价格记录来自已知误采区块，不得用于房价比较,"{""优惠标签"": """", ""入住人数"": """", ""其他权益"": """", ""原价"": """", ""取消政策"": """", ""币种"": ""USD"", ""库存提示"": """", ""当前价"": ""11.95"", ""支付方式"": """", ""早餐"": """", ""确认政策"": """", ""税费"": """"}",待修复,R,20260906-092202-csv-fb22d95c,2026-09-06T09:52:19-07:00
afbe1fa4fe5eb5059c1c130a20a68d7e3be9dfa8c6cd4dca160ce4d1f19c749e,P0,售卖方案,ChIJCWbW7MWY4jARuQATRiSHlA0,bookmybooking,BookMyBooking.com,7fb1afeb2e187d36a32c06be33ca61a9cd170e1ef31d06f8d90efd135202e547,bookmybooking_semantic_false_positive,当前价格记录来自已知误采区块，不得用于房价比较,"{""优惠标签"": """", ""入住人数"": """", ""其他权益"": """", ""原价"": """", ""取消政策"": """", ""币种"": ""USD"", ""库存提示"": """", ""当前价"": ""20.25"", ""支付方式"": """", ""早餐"": """", ""确认政策"": """", ""税费"": """"}",待修复,R,20260906-092202-csv-fb22d95c,2026-09-06T09:52:19-07:00
b508324006e11aef8cb3d45e32888682ea74480950d3790c8b301f0f6ef2192c,P0,售卖方案,ChIJCWbW7MWY4jARuQATRiSHlA0,bookmybooking,BookMyBooking.com,f5cdb1a100fd566229459578a0d5287d79d324ab9242c7af222032c958105ac6,bookmybooking_semantic_false_positive,当前价格记录来自已知误采区块，不得用于房价比较,"{""优惠标签"": """", ""入住人数"": """", ""其他权益"": """", ""原价"": """", ""取消政策"": """", ""币种"": ""USD"", ""库存提示"": """", ""当前价"": ""13.44"", ""支付方式"": """", ""早餐"": """", ""确认政策"": """", ""税费"": """"}",待修复,R,20260906-092202-csv-fb22d95c,2026-09-06T09:52:19-07:00
b73b06379ea0090b58203de00a2ff2f0db827d5edfa2b61cbd8a473fefa42358,P0,售卖方案,ChIJCWbW7MWY4jARuQATRiSHlA0,bookmybooking,BookMyBooking.com,f62662b718e1a975c8cc0ec9c04df2e30e1732e644b7b3847fded3fef633f05e,bookmybooking_semantic_false_positive,当前价格记录来自已知误采区块，不得用于房价比较,"{""优惠标签"": """", ""入住人数"": """", ""其他权益"": """", ""原价"": """", ""取消政策"": """", ""币种"": ""USD"", ""库存提示"": """", ""当前价"": ""12.66"", ""支付方式"": """", ""早餐"": """", ""确认政策"": """", ""税费"": """"}",待修复,R,20260906-092202-csv-fb22d95c,2026-09-06T09:52:19-07:00
be10df9a0527e9cd52d678eb95cb5269add3add0c0c7ca4a18c35b22f9be12c9,P0,售卖方案,ChIJCWbW7MWY4jARuQATRiSHlA0,bookmybooking,BookMyBooking.com,1fd6ca10a341c90c59d211a72467a3b1783048c58d334e29536e61b8738cd9d8,bookmybooking_semantic_false_positive,当前价格记录来自已知误采区块，不得用于房价比较,"{""优惠标签"": """", ""入住人数"": """", ""其他权益"": """", ""原价"": """", ""取消政策"": """", ""币种"": ""USD"", ""库存提示"": """", ""当前价"": ""13.66"", ""支付方式"": """", ""早餐"": """", ""确认政策"": """", ""税费"": """"}",待修复,R,20260906-092202-csv-fb22d95c,2026-09-06T09:52:19-07:00
c0a3b608960819df846f1952fb6e5c1ae9577df23d5c7880cc4b2c70b6832097,P0,售卖方案,ChIJCWbW7MWY4jARuQATRiSHlA0,bookmybooking,BookMyBooking.com,eb56075e8dd8a9ddf9c30cdb879581255ea3da4e6dba82695ffaeaa9b9e5f8ba,bookmybooking_semantic_false_positive,当前价格记录来自已知误采区块，不得用于房价比较,"{""优惠标签"": """", ""入住人数"": """", ""其他权益"": """", ""原价"": """", ""取消政策"": """", ""币种"": ""USD"", ""库存提示"": """", ""当前价"": ""16.53"", ""支付方式"": """", ""早餐"": """", ""确认政策"": """", ""税费"": """"}",待修复,R,20260903-220154-csv-8204aff0,2026-09-03T22:05:57-07:00
c132ee56da41a8b40eedb50888f067cebfd9bd1cfa7a1fd39145ca3abd6adc29,P0,售卖方案,ChIJCWbW7MWY4jARuQATRiSHlA0,bookmybooking,BookMyBooking.com,c71662f20aa8ba3da92c18eb8165724924adc6f87658a6a42d894d7910aea6cb,bookmybooking_semantic_false_positive,当前价格记录来自已知误采区块，不得用于房价比较,"{""优惠标签"": """", ""入住人数"": """", ""其他权益"": """", ""原价"": """", ""取消政策"": """", ""币种"": ""USD"", ""库存提示"": """", ""当前价"": ""23.17"", ""支付方式"": """", ""早餐"": """", ""确认政策"": """", ""税费"": """"}",待修复,R,20260906-092202-csv-fb22d95c,2026-09-06T09:52:19-07:00
c2b4d46d39de762ea1207b05df7b9d2e5624bc4c3732838648808d9d64ce9676,P0,售卖方案,ChIJCWbW7MWY4jARuQATRiSHlA0,bookmybooking,BookMyBooking.com,ff55909b8f02ffef69a4080d83d81019b131ce77c0633c6fb59514326c983648,bookmybooking_semantic_false_positive,当前价格记录来自已知误采区块，不得用于房价比较,"{""优惠标签"": """", ""入住人数"": """", ""其他权益"": """", ""原价"": """", ""取消政策"": """", ""币种"": ""USD"", ""库存提示"": """", ""当前价"": ""12.89"", ""支付方式"": """", ""早餐"": """", ""确认政策"": """", ""税费"": """"}",待修复,R,20260906-092202-csv-fb22d95c,2026-09-06T09:52:19-07:00
c3f5e3ef01b655ee0fb8f88bbf1a5ed86e5f35813f42a4747091ad8e0d7b284e,P0,售卖方案,ChIJCWbW7MWY4jARuQATRiSHlA0,bookmybooking,BookMyBooking.com,c7466f66a66d63a74e69c553f51ee1dbd78607765cd1d05a173f96a0becaf2a4,bookmybooking_semantic_false_positive,当前价格记录来自已知误采区块，不得用于房价比较,"{""优惠标签"": """", ""入住人数"": """", ""其他权益"": """", ""原价"": """", ""取消政策"": """", ""币种"": ""USD"", ""库存提示"": """", ""当前价"": ""14.49"", ""支付方式"": """", ""早餐"": """", ""确认政策"": """", ""税费"": """"}",待修复,R,20260906-092202-csv-fb22d95c,2026-09-06T09:52:19-07:00
c671ce7b2ac3bb363e341464735602fa17f3e066c313aa371260c5beab5148ce,P0,售卖方案,ChIJCWbW7MWY4jARuQATRiSHlA0,bookmybooking,BookMyBooking.com,fb242b7504bc2b053c28a30dcd66edebb362199f7c3f79ba42206a41bb6423d2,bookmybooking_semantic_false_positive,当前价格记录来自已知误采区块，不得用于房价比较,"{""优惠标签"": """", ""入住人数"": """", ""其他权益"": """", ""原价"": """", ""取消政策"": """", ""币种"": ""USD"", ""库存提示"": """", ""当前价"": ""15.52"", ""支付方式"": """", ""早餐"": """", ""确认政策"": """", ""税费"": """"}",待修复,R,20260906-092202-csv-fb22d95c,2026-09-06T09:52:19-07:00
c6e2f866527450aa69b0cfe3521c76d6b26252be4aa7d3e0661c9f1037406869,P0,售卖方案,ChIJCWbW7MWY4jARuQATRiSHlA0,bookmybooking,BookMyBooking.com,37702874a0b47bd4e444b193239a6b3d345abfce13691331467b86874b0af444,bookmybooking_semantic_false_positive,当前价格记录来自已知误采区块，不得用于房价比较,"{""优惠标签"": """", ""入住人数"": """", ""其他权益"": """", ""原价"": """", ""取消政策"": """", ""币种"": ""USD"", ""库存提示"": """", ""当前价"": ""17.74"", ""支付方式"": """", ""早餐"": """", ""确认政策"": """", ""税费"": """"}",待修复,R,20260906-092202-csv-fb22d95c,2026-09-06T09:52:19-07:00
c8f688faa5fa5731f08744b486a3b97a4895e88cbde378f843c3c538c8619d71,P0,售卖方案,ChIJCWbW7MWY4jARuQATRiSHlA0,bookmybooking,BookMyBooking.com,21a5aa20dca3c155a43265caecfc2bcf0770184d7f7f3b42437a9b1ee3cf3186,bookmybooking_semantic_false_positive,当前价格记录来自已知误采区块，不得用于房价比较,"{""优惠标签"": """", ""入住人数"": """", ""其他权益"": """", ""原价"": """", ""取消政策"": """", ""币种"": ""USD"", ""库存提示"": """", ""当前价"": ""23.17"", ""支付方式"": """", ""早餐"": """", ""确认政策"": """", ""税费"": """"}",待修复,R,20260903-220154-csv-8204aff0,2026-09-03T22:05:57-07:00
ce80c76f7e6a1f37ad39219b673be8fc7e1c38d6fdb24de371fb1ea2cf95aa60,P0,售卖方案,ChIJCWbW7MWY4jARuQATRiSHlA0,bookmybooking,BookMyBooking.com,a620f2a3622c5d5413befc20c89949c3d7e0c29985d1e16d22d15e68ab513fdd,bookmybooking_semantic_false_positive,当前价格记录来自已知误采区块，不得用于房价比较,"{""优惠标签"": """", ""入住人数"": """", ""其他权益"": """", ""原价"": """", ""取消政策"": """", ""币种"": ""USD"", ""库存提示"": """", ""当前价"": ""13.66"", ""支付方式"": """", ""早餐"": """", ""确认政策"": """", ""税费"": """"}",待修复,R,20260903-220154-csv-8204aff0,2026-09-03T22:05:57-07:00
cf8fba42245be7da0d49c4ef88c9da1fda4cda159744737903e02e8414b71a47,P0,售卖方案,ChIJCWbW7MWY4jARuQATRiSHlA0,bookmybooking,BookMyBooking.com,f5cde094be2a024e18d895fa684af0ac7a78f679ed43d6657d2c9e92fa61f8e7,bookmybooking_semantic_false_positive,当前价格记录来自已知误采区块，不得用于房价比较,"{""优惠标签"": """", ""入住人数"": """", ""其他权益"": """", ""原价"": """", ""取消政策"": """", ""币种"": ""USD"", ""库存提示"": """", ""当前价"": ""16.45"", ""支付方式"": """", ""早餐"": """", ""确认政策"": """", ""税费"": """"}",待修复,R,20260903-220154-csv-8204aff0,2026-09-03T22:05:57-07:00
d05bea6b406c2dae62bb8ff077c3dd905c9bb4fc9a0c99587c535f34549f5527,P0,售卖方案,ChIJCWbW7MWY4jARuQATRiSHlA0,bookmybooking,BookMyBooking.com,af94b8c356d3d4b34cf258b408d69cc396e924871fde7cc6508f23bdb93c65f3,bookmybooking_semantic_false_positive,当前价格记录来自已知误采区块，不得用于房价比较,"{""优惠标签"": """", ""入住人数"": """", ""其他权益"": """", ""原价"": """", ""取消政策"": """", ""币种"": ""USD"", ""库存提示"": """", ""当前价"": ""12.89"", ""支付方式"": """", ""早餐"": """", ""确认政策"": """", ""税费"": """"}",待修复,R,20260906-092202-csv-fb22d95c,2026-09-06T09:52:19-07:00
d2bd0cb85734e314052ba0f0d546280f57559f825d2634bf2124ae278348c6b3,P0,售卖方案,ChIJCWbW7MWY4jARuQATRiSHlA0,bookmybooking,BookMyBooking.com,3267aeb28f40ef69027d2b51e95fa31fa969469b4c8c91b71683178e0ecb88a4,bookmybooking_semantic_false_positive,当前价格记录来自已知误采区块，不得用于房价比较,"{""优惠标签"": """", ""入住人数"": """", ""其他权益"": """", ""原价"": """", ""取消政策"": """", ""币种"": ""USD"", ""库存提示"": """", ""当前价"": ""13.44"", ""支付方式"": """", ""早餐"": """", ""确认政策"": """", ""税费"": """"}",待修复,R,20260906-092202-csv-fb22d95c,2026-09-06T09:52:19-07:00
d3f9927aca0af16845ca2af183c3fdde31449acb8e730ed3771eab66c8d14076,P0,售卖方案,ChIJCWbW7MWY4jARuQATRiSHlA0,bookmybooking,BookMyBooking.com,90d61f4ff183b8f8998929d938ea5c287ea1587c9e718cf227c1f13b328e84c2,bookmybooking_semantic_false_positive,当前价格记录来自已知误采区块，不得用于房价比较,"{""优惠标签"": """", ""入住人数"": """", ""其他权益"": """", ""原价"": """", ""取消政策"": """", ""币种"": ""USD"", ""库存提示"": """", ""当前价"": ""12.89"", ""支付方式"": """", ""早餐"": """", ""确认政策"": """", ""税费"": """"}",待修复,R,20260903-220154-csv-8204aff0,2026-09-03T22:05:57-07:00
d419ee9aca36dc1c11a03dfccf23cff21d317e5ca7a46df9828706aa116ca7b5,P0,售卖方案,ChIJCWbW7MWY4jARuQATRiSHlA0,bookmybooking,BookMyBooking.com,56a8b5ec152bdbc5bcc316b7c05a2310571db749ffb104cbec295c6c751ede3b,bookmybooking_semantic_false_positive,当前价格记录来自已知误采区块，不得用于房价比较,"{""优惠标签"": """", ""入住人数"": """", ""其他权益"": """", ""原价"": """", ""取消政策"": """", ""币种"": ""USD"", ""库存提示"": """", ""当前价"": ""16.81"", ""支付方式"": """", ""早餐"": """", ""确认政策"": """", ""税费"": """"}",待修复,R,20260906-092202-csv-fb22d95c,2026-09-06T09:52:19-07:00
d463048b042a9d6a41fc321f152ead290ef363a41880b6ee58187ffe845d69fa,P0,售卖方案,ChIJCWbW7MWY4jARuQATRiSHlA0,bookmybooking,BookMyBooking.com,0b6a2724eb10fc1dd1419602daf5cc67549d9ef221ffc5431221037a0530c2f6,bookmybooking_semantic_false_positive,当前价格记录来自已知误采区块，不得用于房价比较,"{""优惠标签"": """", ""入住人数"": """", ""其他权益"": """", ""原价"": """", ""取消政策"": """", ""币种"": ""USD"", ""库存提示"": """", ""当前价"": ""17.84"", ""支付方式"": """", ""早餐"": """", ""确认政策"": """", ""税费"": """"}",待修复,R,20260906-092202-csv-fb22d95c,2026-09-06T09:52:19-07:00
d6f89ea17660ca58ae0d60d0a9d009eb40aefeddea307f96861a41e818b53fd2,P0,售卖方案,ChIJCWbW7MWY4jARuQATRiSHlA0,bookmybooking,BookMyBooking.com,593854c0c2a54999298bcc1c547ba4c1d1078d7ba16689e5f4f14d196731741f,bookmybooking_semantic_false_positive,当前价格记录来自已知误采区块，不得用于房价比较,"{""优惠标签"": """", ""入住人数"": """", ""其他权益"": """", ""原价"": """", ""取消政策"": """", ""币种"": ""USD"", ""库存提示"": """", ""当前价"": ""16.53"", ""支付方式"": """", ""早餐"": """", ""确认政策"": """", ""税费"": """"}",待修复,R,20260906-092202-csv-fb22d95c,2026-09-06T09:52:19-07:00
d7b03cf8dff1cc161536ebbcaa23bad435b9939d39a2070fd322d982b368f74b,P0,售卖方案,ChIJCWbW7MWY4jARuQATRiSHlA0,bookmybooking,BookMyBooking.com,20ed37a9cda395745cfd63fc2cdfe3684fa255e1f006bb81ccba39ee38916a3c,bookmybooking_semantic_false_positive,当前价格记录来自已知误采区块，不得用于房价比较,"{""优惠标签"": """", ""入住人数"": """", ""其他权益"": """", ""原价"": """", ""取消政策"": """", ""币种"": ""USD"", ""库存提示"": """", ""当前价"": ""17.46"", ""支付方式"": """", ""早餐"": """", ""确认政策"": """", ""税费"": """"}",待修复,R,20260903-220154-csv-8204aff0,2026-09-03T22:05:57-07:00
d89897d42d53ae212a1bf8f33de962169c6c1ba91f1c03e1b743b86218bb2055,P0,售卖方案,ChIJCWbW7MWY4jARuQATRiSHlA0,bookmybooking,BookMyBooking.com,61e4add969e85fc9bc3b0dd69654aa9521f487fc905bc06d0093143e9c093783,bookmybooking_semantic_false_positive,当前价格记录来自已知误采区块，不得用于房价比较,"{""优惠标签"": """", ""入住人数"": """", ""其他权益"": """", ""原价"": """", ""取消政策"": """", ""币种"": ""USD"", ""库存提示"": """", ""当前价"": ""18.82"", ""支付方式"": """", ""早餐"": """", ""确认政策"": """", ""税费"": """"}",待修复,R,20260906-092202-csv-fb22d95c,2026-09-06T09:52:19-07:00
d9bede23ef0817ab87cb82fb37615efda875af6919f7ac6459f1dc849e935c46,P0,售卖方案,ChIJCWbW7MWY4jARuQATRiSHlA0,bookmybooking,BookMyBooking.com,ccdeed077b9c0500751a9136d266d62661ad240c97da5dfe0c9495961ab4f159,bookmybooking_semantic_false_positive,当前价格记录来自已知误采区块，不得用于房价比较,"{""优惠标签"": """", ""入住人数"": """", ""其他权益"": """", ""原价"": """", ""取消政策"": """", ""币种"": ""USD"", ""库存提示"": """", ""当前价"": ""17.84"", ""支付方式"": """", ""早餐"": """", ""确认政策"": """", ""税费"": """"}",待修复,R,20260906-092202-csv-fb22d95c,2026-09-06T09:52:19-07:00
dd73bd1cb44c997f85f1e92da13dab9756cfc67461f8da128d8085e5683d3c2b,P0,售卖方案,ChIJCWbW7MWY4jARuQATRiSHlA0,bookmybooking,BookMyBooking.com,021250a1ac386225ac80e3280a2a18182d251299f64f05ece58b1be6af3a2b37,bookmybooking_semantic_false_positive,当前价格记录来自已知误采区块，不得用于房价比较,"{""优惠标签"": """", ""入住人数"": """", ""其他权益"": """", ""原价"": """", ""取消政策"": """", ""币种"": ""USD"", ""库存提示"": """", ""当前价"": ""16.73"", ""支付方式"": """", ""早餐"": """", ""确认政策"": """", ""税费"": """"}",待修复,R,20260903-220154-csv-8204aff0,2026-09-03T22:05:57-07:00
de85d461ac521eb551072bd2b13754f49b766a1e19cef9fa09aa457faf98f1a9,P0,售卖方案,ChIJCWbW7MWY4jARuQATRiSHlA0,bookmybooking,BookMyBooking.com,1a4be52ec3ab3203c1cb3b63b4c0fbe0e1d1730a71e1185d757d0d223914b4e9,bookmybooking_semantic_false_positive,当前价格记录来自已知误采区块，不得用于房价比较,"{""优惠标签"": """", ""入住人数"": """", ""其他权益"": """", ""原价"": """", ""取消政策"": """", ""币种"": ""USD"", ""库存提示"": """", ""当前价"": ""11.95"", ""支付方式"": """", ""早餐"": """", ""确认政策"": """", ""税费"": """"}",待修复,R,20260903-220154-csv-8204aff0,2026-09-03T22:05:57-07:00
df3cc165eafe8c80d2266e4b27a5e7b5cfce0a9c8f48876cee5b494a7011b7b6,P0,售卖方案,ChIJCWbW7MWY4jARuQATRiSHlA0,bookmybooking,BookMyBooking.com,6d35fb9de7431e06c5114ccd31ad7c4a039c0417bc58e833bbb4451977ba8996,bookmybooking_semantic_false_positive,当前价格记录来自已知误采区块，不得用于房价比较,"{""优惠标签"": """", ""入住人数"": """", ""其他权益"": """", ""原价"": """", ""取消政策"": """", ""币种"": ""USD"", ""库存提示"": """", ""当前价"": ""17.46"", ""支付方式"": """", ""早餐"": """", ""确认政策"": """", ""税费"": """"}",待修复,R,20260903-220154-csv-8204aff0,2026-09-03T22:05:57-07:00
e063e9569f687fcd66f18ae3d2a50caa51fe9c5220f156a15d08cbd1fc2a578c,P0,售卖方案,ChIJCWbW7MWY4jARuQATRiSHlA0,bookmybooking,BookMyBooking.com,8d0ed9dca64f151d5c72dc8b9971df1f3f7ce38269d3df22f89e1e9bbf4e86b8,bookmybooking_semantic_false_positive,当前价格记录来自已知误采区块，不得用于房价比较,"{""优惠标签"": """", ""入住人数"": """", ""其他权益"": """", ""原价"": """", ""取消政策"": """", ""币种"": ""USD"", ""库存提示"": """", ""当前价"": ""17.84"", ""支付方式"": """", ""早餐"": """", ""确认政策"": """", ""税费"": """"}",待修复,R,20260903-220154-csv-8204aff0,2026-09-03T22:05:57-07:00
e6b804e24f9dc9b3a968e2528dd9125d90ab89b1fdcb57252ab1b493f1944a8e,P0,售卖方案,ChIJCWbW7MWY4jARuQATRiSHlA0,bookmybooking,BookMyBooking.com,31fe5f2190f2cb858321cc11d0da3a3e6553d9260b04001acf157a9b68c90c89,bookmybooking_semantic_false_positive,当前价格记录来自已知误采区块，不得用于房价比较,"{""优惠标签"": """", ""入住人数"": """", ""其他权益"": """", ""原价"": """", ""取消政策"": """", ""币种"": ""USD"", ""库存提示"": """", ""当前价"": ""18.82"", ""支付方式"": """", ""早餐"": """", ""确认政策"": """", ""税费"": """"}",待修复,R,20260906-092202-csv-fb22d95c,2026-09-06T09:52:19-07:00
e7e741769008c0850fd1d900dcc3384d5c11e676f9a625b6e419d3fe226dbf33,P0,售卖方案,ChIJCWbW7MWY4jARuQATRiSHlA0,bookmybooking,BookMyBooking.com,e9ebad967bb30726b7d790ab87ae4034d7f128e9780a1c50c0cf93023c1a326b,bookmybooking_semantic_false_positive,当前价格记录来自已知误采区块，不得用于房价比较,"{""优惠标签"": """", ""入住人数"": """", ""其他权益"": """", ""原价"": """", ""取消政策"": """", ""币种"": ""USD"", ""库存提示"": """", ""当前价"": ""16.54"", ""支付方式"": """", ""早餐"": """", ""确认政策"": """", ""税费"": """"}",待修复,R,20260903-220154-csv-8204aff0,2026-09-03T22:05:57-07:00
e9d89395fe40295b03348c1ce86b0811fb8ba6a8b78c93a313c68859cb380741,P0,售卖方案,ChIJCWbW7MWY4jARuQATRiSHlA0,bookmybooking,BookMyBooking.com,66f0b94be177de0d27b1bc4310c02c6cf7d72f3e9ab07a412a1dd877a947e401,bookmybooking_semantic_false_positive,当前价格记录来自已知误采区块，不得用于房价比较,"{""优惠标签"": """", ""入住人数"": """", ""其他权益"": """", ""原价"": """", ""取消政策"": """", ""币种"": ""USD"", ""库存提示"": """", ""当前价"": ""16.81"", ""支付方式"": """", ""早餐"": """", ""确认政策"": """", ""税费"": """"}",待修复,R,20260906-092202-csv-fb22d95c,2026-09-06T09:52:19-07:00
eb283c6d881b77d7badbda0fd060d2331f44202d5906f7be33c5bf43279e234e,P0,售卖方案,ChIJCWbW7MWY4jARuQATRiSHlA0,bookmybooking,BookMyBooking.com,99c5bf517124dbffdfa71410ba105347d0fed1b32673237984df6c5593cb0818,bookmybooking_semantic_false_positive,当前价格记录来自已知误采区块，不得用于房价比较,"{""优惠标签"": """", ""入住人数"": """", ""其他权益"": """", ""原价"": """", ""取消政策"": """", ""币种"": ""USD"", ""库存提示"": """", ""当前价"": ""21.83"", ""支付方式"": """", ""早餐"": """", ""确认政策"": """", ""税费"": """"}",待修复,R,20260906-092202-csv-fb22d95c,2026-09-06T09:52:19-07:00
eb8e18a39b03b89af8c7ff89d0a85edd32ee09e2bb5f95ca1642cae4538f0744,P0,房型,ChIJCWbW7MWY4jARuQATRiSHlA0,bookmybooking,BookMyBooking.com,9deeb1c5ce9a8c97ed2a695803ecdae37032dab22ef52c005a65ec3a1efe0662,bookmybooking_semantic_false_positive,平台专属解析规则修复前，该记录不得进入 T3/T4,Premium Suite River View-breakfast,待修复,R,20260906-092202-csv-fb22d95c,2026-09-06T09:52:19-07:00
f0348b1f31518b901fa2098fde2857af9837e67504cb7030440152c32a488a41,P0,售卖方案,ChIJCWbW7MWY4jARuQATRiSHlA0,bookmybooking,BookMyBooking.com,f1a5e76d864122e46914c0966764d2f77d42872886daf7a50b79a8b8b3d6e729,bookmybooking_semantic_false_positive,当前价格记录来自已知误采区块，不得用于房价比较,"{""优惠标签"": """", ""入住人数"": """", ""其他权益"": """", ""原价"": """", ""取消政策"": """", ""币种"": ""USD"", ""库存提示"": """", ""当前价"": ""17.46"", ""支付方式"": """", ""早餐"": """", ""确认政策"": """", ""税费"": """"}",待修复,R,20260906-092202-csv-fb22d95c,2026-09-06T09:52:19-07:00
f40f8aa281b35193ef3f08c837e30600b5887f9344d4721cb603c872be3e9626,P0,售卖方案,ChIJCWbW7MWY4jARuQATRiSHlA0,bookmybooking,BookMyBooking.com,b116fc5c687d7de10519df83d5adfae7a5e15d25b2264106f9242be17c17dea8,bookmybooking_semantic_false_positive,当前价格记录来自已知误采区块，不得用于房价比较,"{""优惠标签"": """", ""入住人数"": """", ""其他权益"": """", ""原价"": """", ""取消政策"": """", ""币种"": ""USD"", ""库存提示"": """", ""当前价"": ""17.82"", ""支付方式"": """", ""早餐"": """", ""确认政策"": """", ""税费"": """"}",待修复,R,20260906-092202-csv-fb22d95c,2026-09-06T09:52:19-07:00
f72e753111d1ac08b9ffac9028f2cb70e1baa656c59aa800e77f787130e881b7,P0,售卖方案,ChIJCWbW7MWY4jARuQATRiSHlA0,bookmybooking,BookMyBooking.com,7f23372d9c8081304afbf6abbe591142d1c914a4135d38d8e1b9c7cfdf4ec3ae,bookmybooking_semantic_false_positive,当前价格记录来自已知误采区块，不得用于房价比较,"{""优惠标签"": """", ""入住人数"": """", ""其他权益"": """", ""原价"": """", ""取消政策"": """", ""币种"": ""USD"", ""库存提示"": """", ""当前价"": ""16.81"", ""支付方式"": """", ""早餐"": """", ""确认政策"": """", ""税费"": """"}",待修复,R,20260903-220154-csv-8204aff0,2026-09-03T22:05:57-07:00
f86c5b05621e04ee8732ca218965b9d9b8fe8d308088ad90b235b8345ad0540e,P0,售卖方案,ChIJCWbW7MWY4jARuQATRiSHlA0,bookmybooking,BookMyBooking.com,0b1e38712ad7ddb72f4b5ecd949c62d4d19b9002dbb7bed1706c797cb693b67d,bookmybooking_semantic_false_positive,当前价格记录来自已知误采区块，不得用于房价比较,"{""优惠标签"": """", ""入住人数"": """", ""其他权益"": """", ""原价"": """", ""取消政策"": """", ""币种"": ""USD"", ""库存提示"": """", ""当前价"": ""21.49"", ""支付方式"": """", ""早餐"": """", ""确认政策"": """", ""税费"": """"}",待修复,R,20260906-092202-csv-fb22d95c,2026-09-06T09:52:19-07:00
f8b613f95e5ec63646c35069acb8beb420d05ae1d7800c9927ea2fbe9d1cb4e1,P0,售卖方案,ChIJCWbW7MWY4jARuQATRiSHlA0,bookmybooking,BookMyBooking.com,a4437f88fd05dcea332b7057ddcfd8aa9b32e72c9e270a49fae4e92941070b99,bookmybooking_semantic_false_positive,当前价格记录来自已知误采区块，不得用于房价比较,"{""优惠标签"": """", ""入住人数"": """", ""其他权益"": """", ""原价"": """", ""取消政策"": """", ""币种"": ""USD"", ""库存提示"": """", ""当前价"": ""11.95"", ""支付方式"": """", ""早餐"": """", ""确认政策"": """", ""税费"": """"}",待修复,R,20260903-220154-csv-8204aff0,2026-09-03T22:05:57-07:00
f98f61e8b53bcbbbc440373fc801b0fbd5a7ff0b7e16954cca8258f396da98e6,P0,售卖方案,ChIJCWbW7MWY4jARuQATRiSHlA0,bookmybooking,BookMyBooking.com,15eb498b8f017a609aed4ed4d09994443b222e4985bc1807a4931407695c2a97,bookmybooking_semantic_false_positive,当前价格记录来自已知误采区块，不得用于房价比较,"{""优惠标签"": """", ""入住人数"": """", ""其他权益"": """", ""原价"": """", ""取消政策"": """", ""币种"": ""USD"", ""库存提示"": """", ""当前价"": ""21.83"", ""支付方式"": """", ""早餐"": """", ""确认政策"": """", ""税费"": """"}",待修复,R,20260903-220154-csv-8204aff0,2026-09-03T22:05:57-07:00
fd5297ef6884d26e9bd339f09de82ffc77a8651eec7c1195b3b23d72375a8098,P0,售卖方案,ChIJCWbW7MWY4jARuQATRiSHlA0,bookmybooking,BookMyBooking.com,510063f20a6ca15c71e16c20bf287daa40549e0d18358c227dd88a5b4c7611c8,bookmybooking_semantic_false_positive,当前价格记录来自已知误采区块，不得用于房价比较,"{""优惠标签"": """", ""入住人数"": """", ""其他权益"": """", ""原价"": """", ""取消政策"": """", ""币种"": ""USD"", ""库存提示"": """", ""当前价"": ""17.82"", ""支付方式"": """", ""早餐"": """", ""确认政策"": """", ""税费"": """"}",待修复,R,20260903-220154-csv-8204aff0,2026-09-03T22:05:57-07:00
0f60bc264b442ff218622fc1bae61b63b7434a1067b162f2c81cf3492680c9b8,P0,房型,ChIJCWbW7MWY4jARuQATRiSHlA0,kiwi,Kiwi.com,6076e7ccf268b3553ab651fee9b5b3a35e73a33e5bc4d81992b9ce76825d200a,kiwi_search_result_card_false_positive,平台专属解析规则修复前，该记录不得进入 T3/T4,Chatrium Hotel Riverside Bangkok,待修复,R,20260903-200545-csv-3a6bfb70,2026-09-03T20:05:46-07:00
430aaee11690d718c76131dea150468d7064faaeb2b2596e5d8848d03aa8547f,P0,售卖方案,ChIJCWbW7MWY4jARuQATRiSHlA0,kiwi,Kiwi.com,bc9d5d14489257e65d3d43e90f664711553a18c697adad6fd4e5f80bfbf59ac4,kiwi_search_result_card_false_positive,当前价格记录来自已知误采区块，不得用于房价比较,"{""优惠标签"": """", ""入住人数"": """", ""其他权益"": """", ""原价"": """", ""取消政策"": """", ""币种"": ""USD"", ""库存提示"": """", ""当前价"": ""171"", ""支付方式"": """", ""早餐"": """", ""确认政策"": """", ""税费"": """"}",待修复,R,20260903-200545-csv-3a6bfb70,2026-09-03T20:05:46-07:00
5e1e31113c16dd96925fb689f0e75127cae1e48edb4e0109c7f9ae6fc1fd6cb8,P0,售卖方案,ChIJCWbW7MWY4jARuQATRiSHlA0,kiwi,Kiwi.com,478e6dcf204989d256ec35c9bbc733bec28e162a07f149b0ce038dae7b4b518f,kiwi_search_result_card_false_positive,当前价格记录来自已知误采区块，不得用于房价比较,"{""优惠标签"": """", ""入住人数"": """", ""其他权益"": """", ""原价"": """", ""取消政策"": """", ""币种"": ""USD"", ""库存提示"": """", ""当前价"": ""146"", ""支付方式"": """", ""早餐"": """", ""确认政策"": """", ""税费"": """"}",待修复,R,20260903-200545-csv-3a6bfb70,2026-09-03T20:05:46-07:00
6b0336291866677934407e8b02e7ca142ca43923622c7158d3fb94d5288cf997,P0,房型,ChIJCWbW7MWY4jARuQATRiSHlA0,kiwi,Kiwi.com,9920da0e8ece5976d6042fe5e0e18023604471a79236889b3e42a4d284899073,kiwi_search_result_card_false_positive,平台专属解析规则修复前，该记录不得进入 T3/T4,Tower Club at lebua,待修复,R,20260903-200545-csv-3a6bfb70,2026-09-03T20:05:46-07:00
005beecd40a9003e31c5141640e37e33f729bb96438756b795dbb0f3c34d9233,P0,房型,ChIJCWbW7MWY4jARuQATRiSHlA0,tripening,Tripening Hotels,42784ee6a2e146698d599ca95fb1b2d0e357abe40cbe972e36bfb057ba694235,tripening_recommendation_card_false_positive,平台专属解析规则修复前，该记录不得进入 T3/T4,Sky Place Srinakarin,待修复,R,20260906-092202-csv-fb22d95c,2026-09-06T09:52:19-07:00
010b3e80c615f8f0f4ed8b0c11efce85c38b9d3c2a2217daf8824f5e586296e4,P0,房型,ChIJ69UzUM-e4jARwyvJBkeTbr0,tripening,Tripening Hotels,87119b369426d60bc17740f97d81b69e4c2b3ea0fd3db0b8e443806c8f56a7f8,tripening_recommendation_card_false_positive,平台专属解析规则修复前，该记录不得进入 T3/T4,Grand Deluxe Skyline View Double Room (Full Double Bed) (King Size Bed),待修复,R,20260906-092202-csv-fb22d95c,2026-09-06T09:52:19-07:00
0569135a292df8b4a88a4c72cbf5649ea60822bd36b53f6e6a507b24cef4ff1c,P0,房型,ChIJ69UzUM-e4jARwyvJBkeTbr0,tripening,Tripening Hotels,dcf500b269b12d00bc60615d4c5ee6a06f4e6317e2a64858fe98aef66f37a90c,tripening_recommendation_card_false_positive,平台专属解析规则修复前，该记录不得进入 T3/T4,1 Bedroom Executive Club Double Suite (Full Double Bed) (Bed Type Is Subject To Availability),待修复,R,20260903-220719-csv-b6ad8bab,2026-09-03T22:07:20-07:00
0902270e16f89a59e1516a290573499cce291ef148f0aac32a63931557595b50,P0,房型,ChIJ69UzUM-e4jARwyvJBkeTbr0,tripening,Tripening Hotels,5cdfb115a7f1b71473bf694e79b62ad096552eabd476c0d2e13f11ae4dab2fc3,tripening_recommendation_card_false_positive,平台专属解析规则修复前，该记录不得进入 T3/T4,Grand Deluxe Double Room (Full Double Bed) (King Size Bed),待修复,R,20260903-220719-csv-b6ad8bab,2026-09-03T22:07:20-07:00
09fc46428301fdaf96864dc236e12d2cbd7f23b04d6d456e74072a638e92621b,P0,售卖方案,ChIJCWbW7MWY4jARuQATRiSHlA0,tripening,Tripening Hotels,fa972af82e13a8b82cc1a5d16e14837740d7f5a3a037618e148f4d6998b00d40,tripening_recommendation_card_false_positive,当前价格记录来自已知误采区块，不得用于房价比较,"{""优惠标签"": """", ""入住人数"": """", ""其他权益"": """", ""原价"": """", ""取消政策"": """", ""币种"": ""USD"", ""库存提示"": """", ""当前价"": ""21.79"", ""支付方式"": """", ""早餐"": """", ""确认政策"": """", ""税费"": """"}",待修复,R,20260903-220154-csv-8204aff0,2026-09-03T22:05:57-07:00
0fcf4dfe0bca0f94782a7abdfe2bc1b43c8b8e8c08235af0678db589a6190fdc,P0,房型,ChIJ69UzUM-e4jARwyvJBkeTbr0,tripening,Tripening Hotels,4ff2668c4f27fc69064e3791748aebd79dcd9290f46e4dfbbb7a52ad9388c185,tripening_recommendation_card_false_positive,平台专属解析规则修复前，该记录不得进入 T3/T4,Deluxe Twin Room (Twin Beds),待修复,R,20260903-220719-csv-b6ad8bab,2026-09-03T22:07:20-07:00
16e29df0235111edf876a5156add9f2924cb9057eb9d6df296960240b3c806ef,P0,房型,ChIJZTiLx92Y4jARaoCZW0M2Zew,tripening,Tripening Hotels,4538a5514251465b1692ae70d4c58357456b8165bef12f738284c7eaa8fcd0fb,tripening_recommendation_card_false_positive,平台专属解析规则修复前，该记录不得进入 T3/T4,Family,待修复,R,20260903-220719-csv-b6ad8bab,2026-09-03T22:07:20-07:00
1d8faa44c76b75b1a23310bb73fb0d5d3dfd18d949045b2b6ea4f5ae2c4c8ce1,P0,房型,ChIJ69UzUM-e4jARwyvJBkeTbr0,tripening,Tripening Hotels,9ecc5ce3b0bc7677d88ee2e478508e6fe5445e2a9358f8e7356b4ae2a9eea271,tripening_recommendation_card_false_positive,平台专属解析规则修复前，该记录不得进入 T3/T4,Deluxe Double Room (Full Double Bed) (King Size Bed),待修复,R,20260903-220719-csv-b6ad8bab,2026-09-03T22:07:20-07:00
2055d4886a8c542d20e2b6c132363b5d68949e99f45b17d90b3f8ad67de2d6e6,P0,房型,ChIJ69UzUM-e4jARwyvJBkeTbr0,tripening,Tripening Hotels,d838ff6793616d63424cf4ec3084659fd81a619828b830dc39f77b395542d47d,tripening_recommendation_card_false_positive,平台专属解析规则修复前，该记录不得进入 T3/T4,Premier Club Double Room (Full Double Bed) (Bed Type Is Subject To Availability),待修复,R,20260903-220719-csv-b6ad8bab,2026-09-03T22:07:20-07:00
2156fb255de366399aa3e6a5994fa7027c0cf1782a2ba6896a96b69f6e27b98c,P0,房型,ChIJCWbW7MWY4jARuQATRiSHlA0,tripening,Tripening Hotels,c816a15fc849c5408fbe3a9dd8c888a0c08702ae3d4fde4bb6f42d2c74faee3b,tripening_recommendation_card_false_positive,平台专属解析规则修复前，该记录不得进入 T3/T4,Nona Hotel,待修复,R,20260906-092202-csv-fb22d95c,2026-09-06T09:52:19-07:00
268978e198753824b59f25b0970cd8dff045b815d4752ab1e732561863f194a3,P0,售卖方案,ChIJCWbW7MWY4jARuQATRiSHlA0,tripening,Tripening Hotels,220cd88da4b2827d600745fe68f14e58c9c5f6a3d4d4dded8c60ad1072dd79c4,tripening_recommendation_card_false_positive,当前价格记录来自已知误采区块，不得用于房价比较,"{""优惠标签"": """", ""入住人数"": """", ""其他权益"": """", ""原价"": """", ""取消政策"": """", ""币种"": ""USD"", ""库存提示"": """", ""当前价"": ""26.60"", ""支付方式"": """", ""早餐"": """", ""确认政策"": """", ""税费"": """"}",待修复,R,20260903-220154-csv-8204aff0,2026-09-03T22:05:57-07:00
2797cb7d17514f46e6e3c962f79c9bff163da42379f08b531991bd73344a3fe1,P0,售卖方案,ChIJCWbW7MWY4jARuQATRiSHlA0,tripening,Tripening Hotels,fbf41e28502dfc0748a0002e899dbf24804c4df569b455754b8c90d9916cb67d,tripening_recommendation_card_false_positive,当前价格记录来自已知误采区块，不得用于房价比较,"{""优惠标签"": """", ""入住人数"": """", ""其他权益"": """", ""原价"": """", ""取消政策"": """", ""币种"": ""USD"", ""库存提示"": """", ""当前价"": ""21.79"", ""支付方式"": """", ""早餐"": """", ""确认政策"": """", ""税费"": """"}",待修复,R,20260906-092202-csv-fb22d95c,2026-09-06T09:52:19-07:00
2ca21a1c1f256372e6df45f74e2de17458ab67dc45e3dcb0c7b372c4308430f9,P0,房型,ChIJZTiLx92Y4jARaoCZW0M2Zew,tripening,Tripening Hotels,2ef1d2c51eaad72d883b4c0753f3c32c07206de32a70d4c869077b9aab47fe3d,tripening_recommendation_card_false_positive,平台专属解析规则修复前，该记录不得进入 T3/T4,Executive 2 Beds,待修复,R,20260906-092202-csv-fb22d95c,2026-09-06T09:52:19-07:00
2d9f30db20eb8228b19da1ab9782889cad437cced803a134552dbbd8ff6167d9,P0,售卖方案,ChIJCWbW7MWY4jARuQATRiSHlA0,tripening,Tripening Hotels,b95974628f0321fec47d226733b2e82d2252c066483efed0fec64ee7354734bd,tripening_recommendation_card_false_positive,当前价格记录来自已知误采区块，不得用于房价比较,"{""优惠标签"": """", ""入住人数"": """", ""其他权益"": """", ""原价"": """", ""取消政策"": """", ""币种"": ""USD"", ""库存提示"": """", ""当前价"": ""21.92"", ""支付方式"": """", ""早餐"": """", ""确认政策"": """", ""税费"": """"}",待修复,R,20260903-220154-csv-8204aff0,2026-09-03T22:05:57-07:00
2e2f742d55ead32189613689da2c1b692c3103189c74e55b794a65514fdf1f4a,P0,房型,ChIJ69UzUM-e4jARwyvJBkeTbr0,tripening,Tripening Hotels,b84970e9eb0eecdf4f31271ec253f357db5d0789d8ab0e6556ebc85e5d44fd0d,tripening_recommendation_card_false_positive,平台专属解析规则修复前，该记录不得进入 T3/T4,Grand Deluxe Double Room (Full Double Bed) (King Size Bed),待修复,R,20260906-092202-csv-fb22d95c,2026-09-06T09:52:19-07:00
330f88dc17e193f2754bdcd8124d69f5b9f1340f133c30c782c875886a51a0f9,P0,售卖方案,ChIJCWbW7MWY4jARuQATRiSHlA0,tripening,Tripening Hotels,2014bacc67acb8e79d4354b820fbffc693457dcd124588439a1e626d36bd2110,tripening_recommendation_card_false_positive,当前价格记录来自已知误采区块，不得用于房价比较,"{""优惠标签"": """", ""入住人数"": """", ""其他权益"": """", ""原价"": """", ""取消政策"": """", ""币种"": ""USD"", ""库存提示"": """", ""当前价"": ""33.64"", ""支付方式"": """", ""早餐"": """", ""确认政策"": """", ""税费"": """"}",待修复,R,20260903-220154-csv-8204aff0,2026-09-03T22:05:57-07:00
333430385b155c36b273dbde16ed84814ad803bf2581658aa108d2addef166ac,P0,房型,ChIJ69UzUM-e4jARwyvJBkeTbr0,tripening,Tripening Hotels,e0f63893eb0972cb5b207ac2d2c4eee3058774eeacdb682bc3efb08a0d515a7a,tripening_recommendation_card_false_positive,平台专属解析规则修复前，该记录不得进入 T3/T4,Grand Deluxe Skyline View Twin Room (Twin Beds),待修复,R,20260906-092202-csv-fb22d95c,2026-09-06T09:52:19-07:00
3598ce8ef7496d2781f878d0b272b4b833ccb62f38a340de41c2e88f0efa452a,P0,房型,ChIJ69UzUM-e4jARwyvJBkeTbr0,tripening,Tripening Hotels,6a8b642e67358fe439e645fb2b2d1e370e737f878c4a78050dcfd797803e392f,tripening_recommendation_card_false_positive,平台专属解析规则修复前，该记录不得进入 T3/T4,Premier Club Double Room (Full Double Bed) (Bed Type Is Subject To Availability),待修复,R,20260906-092202-csv-fb22d95c,2026-09-06T09:52:19-07:00
3a7a9a497061718f71fe9804c0e0b9a911f2400136d3b7e0d17bd814b1abe7c9,P0,房型,ChIJCWbW7MWY4jARuQATRiSHlA0,tripening,Tripening Hotels,ef153527cf7f871ed3499480b6f95e24d26d7adb275ed24cca10e43dd0d385ac,tripening_recommendation_card_false_positive,平台专属解析规则修复前，该记录不得进入 T3/T4,Matini Grand Station Hostel,待修复,R,20260906-092202-csv-fb22d95c,2026-09-06T09:52:19-07:00
3dfa2969cb368392d8378d1af20b8636cad81c0c1925235b4537eb33263a3635,P0,房型,ChIJ69UzUM-e4jARwyvJBkeTbr0,tripening,Tripening Hotels,fdf1441a3531a2312301e95e3287179b134f06f943d3ab0ffecab7d4e4ba7dbd,tripening_recommendation_card_false_positive,平台专属解析规则修复前，该记录不得进入 T3/T4,Grand Deluxe Twin Room (Twin Beds),待修复,R,20260903-220719-csv-b6ad8bab,2026-09-03T22:07:20-07:00
3f1f324cbf6f0d62035a5968f8114b8e0027b3a3005a48a2d95d8c2e676fe1e7,P0,房型,ChIJZTiLx92Y4jARaoCZW0M2Zew,tripening,Tripening Hotels,92b24060178cd999947fc348e66f9974786ef27205c0d15f7b5536a933b3b3ec,tripening_recommendation_card_false_positive,平台专属解析规则修复前，该记录不得进入 T3/T4,Executive 2 Beds,待修复,R,20260903-220719-csv-b6ad8bab,2026-09-03T22:07:20-07:00
478c1b0fa129bfe04a631bfb17bff9e8eaa12d97a2587caf81f28d57bddd65c5,P0,房型,ChIJCWbW7MWY4jARuQATRiSHlA0,tripening,Tripening Hotels,e541270bc84d3600a2905a68b686fc6b42900b931f3e54590ba6efb5bc4cdbad,tripening_recommendation_card_false_positive,平台专属解析规则修复前，该记录不得进入 T3/T4,S Ratchada Leisure Hotel - SHA PLUS,待修复,R,20260906-092202-csv-fb22d95c,2026-09-06T09:52:19-07:00
4a4fb558da561534a5df0d610ff1cbee24575ed9d812f689b25b10cfa329d362,P0,房型,ChIJ69UzUM-e4jARwyvJBkeTbr0,tripening,Tripening Hotels,8f530848e63c380b32fe905ae2c5220c9eb8eeda62c84abfd8144ca41673263b,tripening_recommendation_card_false_positive,平台专属解析规则修复前，该记录不得进入 T3/T4,2 Bedrooms Corner Club Suite (Corner Room),待修复,R,20260906-092202-csv-fb22d95c,2026-09-06T09:52:19-07:00
4d470860acb9f99c1018dde9510c1fb4671eff57acc22e5feb9443e847493bdb,P0,房型,ChIJCWbW7MWY4jARuQATRiSHlA0,tripening,Tripening Hotels,1fd79e9a191739736f42644f03920049da7edf3bf3076119fc1e484bf0ce8485,tripening_recommendation_card_false_positive,平台专属解析规则修复前，该记录不得进入 T3/T4,WAAN Apartment,待修复,R,20260906-092202-csv-fb22d95c,2026-09-06T09:52:19-07:00
4d4fd267b7d2d005910393b227c6687c911f23979ad7833cb8070642f9fcfc5a,P0,房型,ChIJ69UzUM-e4jARwyvJBkeTbr0,tripening,Tripening Hotels,68e2a47c81cb22b0e9a5237b31704960c940b3a57f8a2fb25e0fbcb5a6531e34,tripening_recommendation_card_false_positive,平台专属解析规则修复前，该记录不得进入 T3/T4,Premier Club Twin Room (Twin Beds) (Bed Type Is Subject To Availability),待修复,R,20260903-220719-csv-b6ad8bab,2026-09-03T22:07:20-07:00
4fbd1f773223c5c9c41cd5e2b0c2041854acd76bf0234ae621dfc3fe713bfa42,P0,房型,ChIJCWbW7MWY4jARuQATRiSHlA0,tripening,Tripening Hotels,3c399fa461b318871619e7cb08646f7491d4a73a610fe7f1eac8ee9df0b86b15,tripening_recommendation_card_false_positive,平台专属解析规则修复前，该记录不得进入 T3/T4,You May Also Like,待修复,R,20260906-092202-csv-fb22d95c,2026-09-06T09:52:19-07:00
5015353bdee87ab5b51eceb55350209c941821937a5e0ffcb185f8704238cd0e,P0,房型,ChIJ69UzUM-e4jARwyvJBkeTbr0,tripening,Tripening Hotels,f1d93f52d4a81cd70cb370ec2e5fb89285f19ef68b3bf69b1157ad14b30ff86f,tripening_recommendation_card_false_positive,平台专属解析规则修复前，该记录不得进入 T3/T4,Grand Deluxe Twin Room (Twin Beds),待修复,R,20260906-092202-csv-fb22d95c,2026-09-06T09:52:19-07:00
5de09f9f809557996d697efd17fcacf9143c014e8c7175b633198ac859675d51,P0,房型,ChIJ69UzUM-e4jARwyvJBkeTbr0,tripening,Tripening Hotels,8aaed2e95bd1674945789d8d1bbc1a25c3cb61a59c5460b72d61145ce5cf7be6,tripening_recommendation_card_false_positive,平台专属解析规则修复前，该记录不得进入 T3/T4,Premier Twin Room (Twin Beds),待修复,R,20260906-092202-csv-fb22d95c,2026-09-06T09:52:19-07:00
60e02d044148d481d7173b82f5f606d6b1581658e2db0fdca8178cf27fbe6c46,P0,房型,ChIJ69UzUM-e4jARwyvJBkeTbr0,tripening,Tripening Hotels,afac369c58c20a01a20a05beb33dc3b33d4b48c7196b55e8fa1f18418100dd62,tripening_recommendation_card_false_positive,平台专属解析规则修复前，该记录不得进入 T3/T4,"1 Bedroom Corner Club Double Suite (Full Double Bed) (King Size Bed, Corner Room)",待修复,R,20260906-092202-csv-fb22d95c,2026-09-06T09:52:19-07:00
65452186f7a5aebbda966bc6e7b3af227fac3e2aa8d8dcff4e4c237bb7ff3aee,P0,房型,ChIJZTiLx92Y4jARaoCZW0M2Zew,tripening,Tripening Hotels,8014aebf4ec1e3f0a0a816b92d26f9e747d91ededdc4bcc4c8c81d8b1365aba2,tripening_recommendation_card_false_positive,平台专属解析规则修复前，该记录不得进入 T3/T4,King Executive Room With Lounge Access,待修复,R,20260906-092202-csv-fb22d95c,2026-09-06T09:52:19-07:00
65b5eb00fb466ab5ea168101933a68c9a1d9592f949909b806e5abee7602e2d5,P0,房型,ChIJCWbW7MWY4jARuQATRiSHlA0,tripening,Tripening Hotels,6d497d4e22d626d5b0ca581e4bafea6299a233430d124f5d94c56206142aac4b,tripening_recommendation_card_false_positive,平台专属解析规则修复前，该记录不得进入 T3/T4,Bud Brew Beyond,待修复,R,20260906-092202-csv-fb22d95c,2026-09-06T09:52:19-07:00
682551ec986fb2c9c8265ba67e5cb8bcd66949a811a003399aed185c28e09a0c,P0,售卖方案,ChIJCWbW7MWY4jARuQATRiSHlA0,tripening,Tripening Hotels,5ca44f03bc9b253983ffb966f5f963457f3df5e494f85e93317eb2187aa438a5,tripening_recommendation_card_false_positive,当前价格记录来自已知误采区块，不得用于房价比较,"{""优惠标签"": """", ""入住人数"": """", ""其他权益"": """", ""原价"": """", ""取消政策"": """", ""币种"": ""USD"", ""库存提示"": """", ""当前价"": ""21.00"", ""支付方式"": """", ""早餐"": """", ""确认政策"": """", ""税费"": """"}",待修复,R,20260903-220154-csv-8204aff0,2026-09-03T22:05:57-07:00
76af0ae37ccb272ce841ae551fbe927ceeeef90ac80f3f0e454ed6db201dea3c,P0,房型,ChIJ69UzUM-e4jARwyvJBkeTbr0,tripening,Tripening Hotels,1d9fbd8709f191d303c7d251f3232b55ac7db7493cdc2a713f74bee4f5622cd5,tripening_recommendation_card_false_positive,平台专属解析规则修复前，该记录不得进入 T3/T4,Deluxe Twin Room (Twin Beds),待修复,R,20260906-092202-csv-fb22d95c,2026-09-06T09:52:19-07:00
76f6e40c951c04445e4f317c7d71fdaa5b04c3fd3ca5d36ef89fab2a0e876b17,P0,售卖方案,ChIJCWbW7MWY4jARuQATRiSHlA0,tripening,Tripening Hotels,f59fc68846abf20aea4ef768670440d354a80efb82752b906d4d68ed37d70453,tripening_recommendation_card_false_positive,当前价格记录来自已知误采区块，不得用于房价比较,"{""优惠标签"": """", ""入住人数"": """", ""其他权益"": """", ""原价"": """", ""取消政策"": """", ""币种"": ""USD"", ""库存提示"": """", ""当前价"": ""30.27"", ""支付方式"": """", ""早餐"": """", ""确认政策"": """", ""税费"": """"}",待修复,R,20260903-220154-csv-8204aff0,2026-09-03T22:05:57-07:00
7bdbf12543758c824da189e39d5c76893daef9235a278f278601ab24ec67814c,P0,房型,ChIJ69UzUM-e4jARwyvJBkeTbr0,tripening,Tripening Hotels,975f14eadd82ad1ccabb28919360355ebba9656b5b5cf8798d8e9100c5b41574,tripening_recommendation_card_false_positive,平台专属解析规则修复前，该记录不得进入 T3/T4,Premier Club Twin Room (Twin Beds) (Bed Type Is Subject To Availability),待修复,R,20260906-092202-csv-fb22d95c,2026-09-06T09:52:19-07:00
7da4d333afdd97f118f4a513467136f926b3396a32138eebcc660aae21b35e13,P0,房型,ChIJ69UzUM-e4jARwyvJBkeTbr0,tripening,Tripening Hotels,e4f66fd3f4c099b92a19164ee4b995d20a7afd8c227574c9ec9069886c0b3cbd,tripening_recommendation_card_false_positive,平台专属解析规则修复前，该记录不得进入 T3/T4,Premier Double Room (Full Double Bed) (King Size Bed),待修复,R,20260903-220719-csv-b6ad8bab,2026-09-03T22:07:20-07:00
8008dd39c467ec8cbd591ffec9f8ed94808102089cf50001a7bfb4f1f4f69a92,P0,房型,ChIJCWbW7MWY4jARuQATRiSHlA0,tripening,Tripening Hotels,f6bbcca5afaa217f347571c015364600c2c04056b39ef83550ecbd93d4fba455,tripening_recommendation_card_false_positive,平台专属解析规则修复前，该记录不得进入 T3/T4,Bangkok Teak,待修复,R,20260906-092202-csv-fb22d95c,2026-09-06T09:52:19-07:00
8465191427683e70e78f9ea1b59daa9f737ef931984af922d8e6afe38125aa2b,P0,房型,ChIJZTiLx92Y4jARaoCZW0M2Zew,tripening,Tripening Hotels,92945490c51aae8e2ed5045854666dc04ba13ea0ccf0395262ba0cd1efd4492d,tripening_recommendation_card_false_positive,平台专属解析规则修复前，该记录不得进入 T3/T4,King Family Room,待修复,R,20260906-092202-csv-fb22d95c,2026-09-06T09:52:19-07:00
8a04407ea925e3da70df48d600ef82dca60a18e177180043c6df88b6eb689152,P0,房型,ChIJZTiLx92Y4jARaoCZW0M2Zew,tripening,Tripening Hotels,4706d13bcff9f6c7f794419ec798e8dd551f4cccf98b4bbfc10b123a849b33e8,tripening_recommendation_card_false_positive,平台专属解析规则修复前，该记录不得进入 T3/T4,Panoramic Executive Suite With Lounge Access,待修复,R,20260906-092202-csv-fb22d95c,2026-09-06T09:52:19-07:00
8b816122daf9dff75a69586270ce9a02f258bb0c77945c2465da0d388d50c18d,P0,房型,ChIJ69UzUM-e4jARwyvJBkeTbr0,tripening,Tripening Hotels,01202f2cf134237b45986bf12f9b77f2786553d36ad2ce2ed3bf16a7a2373e3e,tripening_recommendation_card_false_positive,平台专属解析规则修复前，该记录不得进入 T3/T4,"1 Bedroom Corner Club Double Suite (Full Double Bed) (King Size Bed, Corner Room)",待修复,R,20260903-220719-csv-b6ad8bab,2026-09-03T22:07:20-07:00
8dedcf3d9c85f30f255467299e671cc5659bcc92609c90822ca887d6678f63ae,P0,房型,ChIJ69UzUM-e4jARwyvJBkeTbr0,tripening,Tripening Hotels,321b82b60ab4428e0a6d15e0a52e6f6054e9bb509b0cabfcaa88282467b05d31,tripening_recommendation_card_false_positive,平台专属解析规则修复前，该记录不得进入 T3/T4,Premier Double Room (Full Double Bed) (King Size Bed),待修复,R,20260906-092202-csv-fb22d95c,2026-09-06T09:52:19-07:00
931cde95969ad591a50dc83e147779a0a4246e21bf1beb1fa2e1c09541f8879e,P0,房型,ChIJZTiLx92Y4jARaoCZW0M2Zew,tripening,Tripening Hotels,03a0b2d7245083abf5f948bed4d330f4ade83d131003d0ac67bcf7f43c1aca80,tripening_recommendation_card_false_positive,平台专属解析规则修复前，该记录不得进入 T3/T4,Family Suite,待修复,R,20260903-220719-csv-b6ad8bab,2026-09-03T22:07:20-07:00
94f6641a7197f823445df84f3c28afff977ff63eabcee4ced2984f2324ca2897,P0,售卖方案,ChIJCWbW7MWY4jARuQATRiSHlA0,tripening,Tripening Hotels,673bd6aec5a16ca4a5b860cd2d030bb8e0114ba33e18df583c04846637aacb93,tripening_recommendation_card_false_positive,当前价格记录来自已知误采区块，不得用于房价比较,"{""优惠标签"": """", ""入住人数"": """", ""其他权益"": """", ""原价"": """", ""取消政策"": """", ""币种"": ""USD"", ""库存提示"": """", ""当前价"": ""31.58"", ""支付方式"": """", ""早餐"": """", ""确认政策"": """", ""税费"": """"}",待修复,R,20260903-220154-csv-8204aff0,2026-09-03T22:05:57-07:00
96dfa69196f60751985938ed66823767a1a99c68127b39c47d4b00648378d949,P0,房型,ChIJZTiLx92Y4jARaoCZW0M2Zew,tripening,Tripening Hotels,128d4b79e72e45b76a38b491281c1ba9144c3c4aa3aad830f7a60559861e5333,tripening_recommendation_card_false_positive,平台专属解析规则修复前，该记录不得进入 T3/T4,Executive 1 King Bed,待修复,R,20260903-220719-csv-b6ad8bab,2026-09-03T22:07:20-07:00
a19bc582d1d33b5317ce4c15f6a73d4636ba931988e56db0f1aaef9219d65827,P0,售卖方案,ChIJCWbW7MWY4jARuQATRiSHlA0,tripening,Tripening Hotels,3f8b000e56d431cc366bc58a26cfaf074cf64358b45d4db3268d91bf0194af06,tripening_recommendation_card_false_positive,当前价格记录来自已知误采区块，不得用于房价比较,"{""优惠标签"": """", ""入住人数"": """", ""其他权益"": """", ""原价"": """", ""取消政策"": """", ""币种"": ""USD"", ""库存提示"": """", ""当前价"": ""22.63"", ""支付方式"": """", ""早餐"": """", ""确认政策"": """", ""税费"": """"}",待修复,R,20260906-092202-csv-fb22d95c,2026-09-06T09:52:19-07:00
a5457d616635b4fef7a81ebfc9126d9df484ff42357bd4b0289770575e1017d4,P0,房型,ChIJZTiLx92Y4jARaoCZW0M2Zew,tripening,Tripening Hotels,0076e92a649c6b4605596903b14d979fb23221205d5251a3a051567a2e7ee649,tripening_recommendation_card_false_positive,平台专属解析规则修复前，该记录不得进入 T3/T4,Panoramic Executive Suite,待修复,R,20260903-220719-csv-b6ad8bab,2026-09-03T22:07:20-07:00
b124b15e6e382d0bd3db23d05fd80c5d69c6adbd2de36bfae897c5094ccac60c,P0,售卖方案,ChIJCWbW7MWY4jARuQATRiSHlA0,tripening,Tripening Hotels,bf62f6a155c59a8bf35398f8aa2d36d4312c463f9ece859f60c310c3f9b6ed1c,tripening_recommendation_card_false_positive,当前价格记录来自已知误采区块，不得用于房价比较,"{""优惠标签"": """", ""入住人数"": """", ""其他权益"": """", ""原价"": """", ""取消政策"": """", ""币种"": ""USD"", ""库存提示"": """", ""当前价"": ""26.60"", ""支付方式"": """", ""早餐"": """", ""确认政策"": """", ""税费"": """"}",待修复,R,20260906-092202-csv-fb22d95c,2026-09-06T09:52:19-07:00
b2296fc3aa376b002288c6ddc009c0e6d6c0516064df992361a8de5257f08213,P0,房型,ChIJZTiLx92Y4jARaoCZW0M2Zew,tripening,Tripening Hotels,ea92ec49da38aad1c50d064ab3be8c23f3627913b8fc41bc5ee1740e82e68ee0,tripening_recommendation_card_false_positive,平台专属解析规则修复前，该记录不得进入 T3/T4,King Family Room,待修复,R,20260903-220719-csv-b6ad8bab,2026-09-03T22:07:20-07:00
b619768ea2c81e0df97c8de00a8dc7329694eaffe37273feab7bc878585852ff,P0,售卖方案,ChIJCWbW7MWY4jARuQATRiSHlA0,tripening,Tripening Hotels,a1914c4295b46895a20f7f475ba9c4df49741629aa716c37e45b202bfdd59986,tripening_recommendation_card_false_positive,当前价格记录来自已知误采区块，不得用于房价比较,"{""优惠标签"": """", ""入住人数"": """", ""其他权益"": """", ""原价"": """", ""取消政策"": """", ""币种"": ""USD"", ""库存提示"": """", ""当前价"": ""21.00"", ""支付方式"": """", ""早餐"": """", ""确认政策"": """", ""税费"": """"}",待修复,R,20260906-092202-csv-fb22d95c,2026-09-06T09:52:19-07:00
ba98e2e5ed82bb381c1f72c0c4edc16cc4f4cdfff515d64348446eba5e6fd16e,P0,房型,ChIJ69UzUM-e4jARwyvJBkeTbr0,tripening,Tripening Hotels,8d8c0e33fbe43796179c314ac4ffb3ea6ef1fbbcc8171fe7b31f47f5387e62cd,tripening_recommendation_card_false_positive,平台专属解析规则修复前，该记录不得进入 T3/T4,Deluxe Double Room (Full Double Bed) (King Size Bed),待修复,R,20260906-092202-csv-fb22d95c,2026-09-06T09:52:19-07:00
c4b9bd6f482d61b642ebc57e4d760d650acdf087ea5bf6cfc90b172d9517f7b6,P0,房型,ChIJZTiLx92Y4jARaoCZW0M2Zew,tripening,Tripening Hotels,638d03c6bbb4aa8386e6fde90f5273b56c501a7602067e649886b70a4e7ce0ec,tripening_recommendation_card_false_positive,平台专属解析规则修复前，该记录不得进入 T3/T4,Family,待修复,R,20260906-092202-csv-fb22d95c,2026-09-06T09:52:19-07:00
c7360585a3dcd78e02185588d247596ef922b8bd510fa197cbbb0ae3d76f33da,P0,房型,ChIJZTiLx92Y4jARaoCZW0M2Zew,tripening,Tripening Hotels,0d77f4eb9363675526e61d703cebca23be56c01f9df1d936f413e8f1c7ec0ec0,tripening_recommendation_card_false_positive,平台专属解析规则修复前，该记录不得进入 T3/T4,King Executive Room With Lounge Access,待修复,R,20260903-220719-csv-b6ad8bab,2026-09-03T22:07:20-07:00
c99fa1180645c0193aa82504ec992154e7bc5af28dc246edce7d6496d6be96b1,P0,售卖方案,ChIJCWbW7MWY4jARuQATRiSHlA0,tripening,Tripening Hotels,e25d0961b1127151ff8f48351adea05aa55f3ac84da58216f691fd3884d664ff,tripening_recommendation_card_false_positive,当前价格记录来自已知误采区块，不得用于房价比较,"{""优惠标签"": """", ""入住人数"": """", ""其他权益"": """", ""原价"": """", ""取消政策"": """", ""币种"": ""USD"", ""库存提示"": """", ""当前价"": ""21.92"", ""支付方式"": """", ""早餐"": """", ""确认政策"": """", ""税费"": """"}",待修复,R,20260906-092202-csv-fb22d95c,2026-09-06T09:52:19-07:00
ca6554e4a322817c7ad61b4a4f061543e06a551a3e4994289d0fbaba0af6deb0,P0,售卖方案,ChIJCWbW7MWY4jARuQATRiSHlA0,tripening,Tripening Hotels,29aaaf458c7f9cfd921f42474abbc7e284c9f00e68b5bb2bef4fd6268b2c1b1a,tripening_recommendation_card_false_positive,当前价格记录来自已知误采区块，不得用于房价比较,"{""优惠标签"": """", ""入住人数"": """", ""其他权益"": """", ""原价"": """", ""取消政策"": """", ""币种"": ""USD"", ""库存提示"": """", ""当前价"": ""31.58"", ""支付方式"": """", ""早餐"": """", ""确认政策"": """", ""税费"": """"}",待修复,R,20260906-092202-csv-fb22d95c,2026-09-06T09:52:19-07:00
ce4059154009e2f98b25509283c0dccf27ecc4f0047003f176e61dd04b61f74f,P0,房型,ChIJ69UzUM-e4jARwyvJBkeTbr0,tripening,Tripening Hotels,90a02a81f4862941d9916c1867372665684a327bf70eead75f77e8debe1081ae,tripening_recommendation_card_false_positive,平台专属解析规则修复前，该记录不得进入 T3/T4,2 Bedrooms Corner Club Suite (Corner Room),待修复,R,20260903-220719-csv-b6ad8bab,2026-09-03T22:07:20-07:00
d32eedcf37bea5851fdb14c76c49d12dfe20f3042e64774c850d29433fe29067,P0,售卖方案,ChIJCWbW7MWY4jARuQATRiSHlA0,tripening,Tripening Hotels,436e0817fa1ef10f5a2f51486f4c7c14014e2d0038853ce26765a08c89bd59bb,tripening_recommendation_card_false_positive,当前价格记录来自已知误采区块，不得用于房价比较,"{""优惠标签"": """", ""入住人数"": """", ""其他权益"": """", ""原价"": """", ""取消政策"": """", ""币种"": ""USD"", ""库存提示"": """", ""当前价"": ""33.64"", ""支付方式"": """", ""早餐"": """", ""确认政策"": """", ""税费"": """"}",待修复,R,20260906-092202-csv-fb22d95c,2026-09-06T09:52:19-07:00
d473b4ed563c7b450ee2def447ecf4ba3cc8a3f7292076a0ea8dd1501fbc92da,P0,房型,ChIJZTiLx92Y4jARaoCZW0M2Zew,tripening,Tripening Hotels,e5d0a5fa95ba551fa9c1e436b34ad5edf54ad4dc81dd8f939bc1dd9cc80a6445,tripening_recommendation_card_false_positive,平台专属解析规则修复前，该记录不得进入 T3/T4,Family Suite,待修复,R,20260906-092202-csv-fb22d95c,2026-09-06T09:52:19-07:00
d7f3ef6ccfec9bf0538d5147a3c9db3d37c44db9b7e4282217d68398c32d6ca7,P0,售卖方案,ChIJCWbW7MWY4jARuQATRiSHlA0,tripening,Tripening Hotels,1d304b7f4af8620e415856a76cc85b75e27170f6f0a4fa990c7c4fbcaff840b0,tripening_recommendation_card_false_positive,当前价格记录来自已知误采区块，不得用于房价比较,"{""优惠标签"": """", ""入住人数"": """", ""其他权益"": """", ""原价"": """", ""取消政策"": """", ""币种"": ""USD"", ""库存提示"": """", ""当前价"": ""22.63"", ""支付方式"": """", ""早餐"": """", ""确认政策"": """", ""税费"": """"}",待修复,R,20260903-220154-csv-8204aff0,2026-09-03T22:05:57-07:00
dcabbbb1d2db33f09f2ab315a28a5cbd3b46b315d4aaaf8053c66e913febc08d,P0,售卖方案,ChIJCWbW7MWY4jARuQATRiSHlA0,tripening,Tripening Hotels,7d5d76afb10a9c051fa47b7d87c8580cb4ba19fd8eb6d1f3b1b75badbad2ced7,tripening_recommendation_card_false_positive,当前价格记录来自已知误采区块，不得用于房价比较,"{""优惠标签"": """", ""入住人数"": """", ""其他权益"": """", ""原价"": """", ""取消政策"": """", ""币种"": ""USD"", ""库存提示"": """", ""当前价"": ""30.27"", ""支付方式"": """", ""早餐"": """", ""确认政策"": """", ""税费"": """"}",待修复,R,20260906-092202-csv-fb22d95c,2026-09-06T09:52:19-07:00
ddc65cae7cb961eaa75211009969b282326beb99d439a13b43f7f16f74d30b92,P0,房型,ChIJ69UzUM-e4jARwyvJBkeTbr0,tripening,Tripening Hotels,536144e10740daa4db37376292dcd318bc7afda1a7c2a5ed20000aafaea0472e,tripening_recommendation_card_false_positive,平台专属解析规则修复前，该记录不得进入 T3/T4,1 Bedroom Executive Club Double Suite (Full Double Bed) (Bed Type Is Subject To Availability),待修复,R,20260906-092202-csv-fb22d95c,2026-09-06T09:52:19-07:00
e44eba4ff6d8d35b286d81251e99f8af929fd9900a69ed4edeb0ef6cb288455c,P0,房型,ChIJZTiLx92Y4jARaoCZW0M2Zew,tripening,Tripening Hotels,11e24e21dfcbffd20deb65150bf511b078085df08eb0c0696b3081cbd9cc83b3,tripening_recommendation_card_false_positive,平台专属解析规则修复前，该记录不得进入 T3/T4,Executive 1 King Bed,待修复,R,20260906-092202-csv-fb22d95c,2026-09-06T09:52:19-07:00
e48517d6664c225f94e65f8b8dec521123b2f484963f17ae48cc7d116426fadf,P0,房型,ChIJ69UzUM-e4jARwyvJBkeTbr0,tripening,Tripening Hotels,bffc3590a4288415e2d0810a1e63d3888ca21fa7909236905cf6eb14cd6a1550,tripening_recommendation_card_false_positive,平台专属解析规则修复前，该记录不得进入 T3/T4,Grand Deluxe Skyline View Twin Room (Twin Beds),待修复,R,20260903-220719-csv-b6ad8bab,2026-09-03T22:07:20-07:00
e7c509794e88ad69a41402758d11b00f718e72fdfc103fb800f228bc44c4fcda,P0,房型,ChIJZTiLx92Y4jARaoCZW0M2Zew,tripening,Tripening Hotels,4c1425e7ffa03f33a1afa389aeb99c4a518b7c46ed26d34ca1419433f07398bc,tripening_recommendation_card_false_positive,平台专属解析规则修复前，该记录不得进入 T3/T4,Panoramic Executive Suite,待修复,R,20260906-092202-csv-fb22d95c,2026-09-06T09:52:19-07:00
eab695a1eab9b5b70c102fa929d8d03faeddb1bfb43f691ad52a03ac094e54c2,P0,房型,ChIJ69UzUM-e4jARwyvJBkeTbr0,tripening,Tripening Hotels,404e4a9b960e6728a6af378235d384d9951b428707e6508acf98ff1d728976bc,tripening_recommendation_card_false_positive,平台专属解析规则修复前，该记录不得进入 T3/T4,Premier Twin Room (Twin Beds),待修复,R,20260903-220719-csv-b6ad8bab,2026-09-03T22:07:20-07:00
f52d4b8c15cbcb41de912ec5511446ee69abec94dd9b88ddea9694b9cadef711,P0,房型,ChIJCWbW7MWY4jARuQATRiSHlA0,tripening,Tripening Hotels,374c7e99c44301802e189e6f6badcb4e22f8eefaed769ceffcb9d64d6a94ccc1,tripening_recommendation_card_false_positive,平台专属解析规则修复前，该记录不得进入 T3/T4,GreenHouse1998,待修复,R,20260906-092202-csv-fb22d95c,2026-09-06T09:52:19-07:00
fbc544f78fca60e8050df7c7f9723739a372f6c8330cc4dffe0098c4ba35b4d5,P0,房型,ChIJ69UzUM-e4jARwyvJBkeTbr0,tripening,Tripening Hotels,05a3ee6c1da069a658cc7da5a67b37d2021519217bd6b785e40924d1e353b2e7,tripening_recommendation_card_false_positive,平台专属解析规则修复前，该记录不得进入 T3/T4,Grand Deluxe Skyline View Double Room (Full Double Bed) (King Size Bed),待修复,R,20260903-220719-csv-b6ad8bab,2026-09-03T22:07:20-07:00
fbc5d6183477d3bc52e912fb475a97dee99a4bfe2bd4e139bf032c8388117b8e,P0,房型,ChIJZTiLx92Y4jARaoCZW0M2Zew,tripening,Tripening Hotels,a292de88c7b868d556bcbbadb0252e2ebdb8495fac8aa9652bbcbf56765f850e,tripening_recommendation_card_false_positive,平台专属解析规则修复前，该记录不得进入 T3/T4,Panoramic Executive Suite With Lounge Access,待修复,R,20260903-220719-csv-b6ad8bab,2026-09-03T22:07:20-07:00
