Google地点ID,地点名称,服务属性,是否支持
ChIJS7H8nRaZ4jAR0EDJ_96c6xg,Jia Uan Duck Porridge,无障碍停车,否
ChIJS7H8nRaZ4jAR0EDJ_96c6xg,Jia Uan Duck Porridge,可预约,是
ChIJHdsrwxmZ4jARV0BOm32rn_Y,Khao Mu Daeng Nai Hui,无障碍入口,否
ChIJHdsrwxmZ4jARV0BOm32rn_Y,Khao Mu Daeng Nai Hui,无障碍停车,否
ChIJHdsrwxmZ4jARV0BOm32rn_Y,Khao Mu Daeng Nai Hui,可预约,否
ChIJ2ywoqBGZ4jAR6Sluk1w3f4U,Red Pork with Rice Sanam Luang,无障碍入口,否
ChIJ2ywoqBGZ4jAR6Sluk1w3f4U,Red Pork with Rice Sanam Luang,无障碍停车,否
ChIJTR7xCDiZ4jARXB6cqm1sy6U,Sae Phun ข้าวหน้าไก่แซ่พุ้น,适合儿童,是
ChIJTR7xCDiZ4jARXB6cqm1sy6U,Sae Phun ข้าวหน้าไก่แซ่พุ้น,适合观看体育,否
ChIJTR7xCDiZ4jARXB6cqm1sy6U,Sae Phun ข้าวหน้าไก่แซ่พุ้น,有洗手间,是
ChIJTR7xCDiZ4jARXB6cqm1sy6U,Sae Phun ข้าวหน้าไก่แซ่พุ้น,户外座位,是
ChIJTR7xCDiZ4jARXB6cqm1sy6U,Sae Phun ข้าวหน้าไก่แซ่พุ้น,外带,是
ChIJTR7xCDiZ4jARXB6cqm1sy6U,Sae Phun ข้าวหน้าไก่แซ่พุ้น,配送,是
ChIJTR7xCDiZ4jARXB6cqm1sy6U,Sae Phun ข้าวหน้าไก่แซ่พุ้น,堂食,是
ChIJTR7xCDiZ4jARXB6cqm1sy6U,Sae Phun ข้าวหน้าไก่แซ่พุ้น,路边取餐,是
ChIJTR7xCDiZ4jARXB6cqm1sy6U,Sae Phun ข้าวหน้าไก่แซ่พุ้น,供应早餐,是
ChIJTR7xCDiZ4jARXB6cqm1sy6U,Sae Phun ข้าวหน้าไก่แซ่พุ้น,供应早午餐,是
ChIJTR7xCDiZ4jARXB6cqm1sy6U,Sae Phun ข้าวหน้าไก่แซ่พุ้น,供应午餐,是
ChIJTR7xCDiZ4jARXB6cqm1sy6U,Sae Phun ข้าวหน้าไก่แซ่พุ้น,供应咖啡,否
ChIJTR7xCDiZ4jARXB6cqm1sy6U,Sae Phun ข้าวหน้าไก่แซ่พุ้น,供应甜品,否
ChIJTR7xCDiZ4jARXB6cqm1sy6U,Sae Phun ข้าวหน้าไก่แซ่พุ้น,供应啤酒,否
ChIJTR7xCDiZ4jARXB6cqm1sy6U,Sae Phun ข้าวหน้าไก่แซ่พุ้น,供应鸡尾酒,否
ChIJTR7xCDiZ4jARXB6cqm1sy6U,Sae Phun ข้าวหน้าไก่แซ่พุ้น,供应葡萄酒,否
ChIJTR7xCDiZ4jARXB6cqm1sy6U,Sae Phun ข้าวหน้าไก่แซ่พุ้น,供应素食,是
ChIJTR7xCDiZ4jARXB6cqm1sy6U,Sae Phun ข้าวหน้าไก่แซ่พุ้น,现场音乐,否
ChIJTR7xCDiZ4jARXB6cqm1sy6U,Sae Phun ข้าวหน้าไก่แซ่พุ้น,无障碍入口,否
ChIJTR7xCDiZ4jARXB6cqm1sy6U,Sae Phun ข้าวหน้าไก่แซ่พุ้น,无障碍停车,否
ChIJTR7xCDiZ4jARXB6cqm1sy6U,Sae Phun ข้าวหน้าไก่แซ่พุ้น,无障碍座位,否
ChIJ-bzC_BOZ4jARGLP5eY7dJwg,Siriphon Phochana,无障碍入口,否
ChIJ-bzC_BOZ4jARGLP5eY7dJwg,Siriphon Phochana,无障碍停车,否
ChIJ-bzC_BOZ4jARGLP5eY7dJwg,Siriphon Phochana,无障碍座位,否
ChIJb7ZVMP2Z4jARRKKoGShsVPc,cheng gong chicken rice restaurant,无障碍入口,否
ChIJb7ZVMP2Z4jARRKKoGShsVPc,cheng gong chicken rice restaurant,无障碍停车,否
ChIJb7ZVMP2Z4jARRKKoGShsVPc,cheng gong chicken rice restaurant,无障碍座位,否
ChIJ0QDC8BOZ4jARY7WqIrAOkck,Mont NomSod,有洗手间,是
ChIJ0QDC8BOZ4jARY7WqIrAOkck,Mont NomSod,外带,是
ChIJ0QDC8BOZ4jARY7WqIrAOkck,Mont NomSod,配送,是
ChIJ0QDC8BOZ4jARY7WqIrAOkck,Mont NomSod,堂食,是
ChIJ0QDC8BOZ4jARY7WqIrAOkck,Mont NomSod,供应早餐,否
ChIJ0QDC8BOZ4jARY7WqIrAOkck,Mont NomSod,供应咖啡,是
ChIJ0QDC8BOZ4jARY7WqIrAOkck,Mont NomSod,无障碍入口,否
ChIJ0QDC8BOZ4jARY7WqIrAOkck,Mont NomSod,无障碍停车,否
ChIJkQ351hKZ4jARWUMwyuYNn2c,Brick Bar,适合儿童,否
ChIJkQ351hKZ4jARWUMwyuYNn2c,Brick Bar,适合观看体育,否
ChIJkQ351hKZ4jARWUMwyuYNn2c,Brick Bar,有洗手间,是
ChIJkQ351hKZ4jARWUMwyuYNn2c,Brick Bar,户外座位,否
ChIJkQ351hKZ4jARWUMwyuYNn2c,Brick Bar,外带,否
ChIJkQ351hKZ4jARWUMwyuYNn2c,Brick Bar,配送,否
ChIJkQ351hKZ4jARWUMwyuYNn2c,Brick Bar,堂食,是
ChIJkQ351hKZ4jARWUMwyuYNn2c,Brick Bar,供应啤酒,是
ChIJkQ351hKZ4jARWUMwyuYNn2c,Brick Bar,供应鸡尾酒,是
ChIJkQ351hKZ4jARWUMwyuYNn2c,Brick Bar,供应葡萄酒,是
ChIJkQ351hKZ4jARWUMwyuYNn2c,Brick Bar,现场音乐,是
ChIJkQ351hKZ4jARWUMwyuYNn2c,Brick Bar,无障碍入口,否
ChIJkQ351hKZ4jARWUMwyuYNn2c,Brick Bar,无障碍停车,否
ChIJkQ351hKZ4jARWUMwyuYNn2c,Brick Bar,可预约,是
ChIJkQ351hKZ4jARWUMwyuYNn2c,Brick Bar,允许携带宠物,否
ChIJkQ351hKZ4jARWUMwyuYNn2c,Brick Bar,适合团体,是
ChIJlb8hgcCZ4jARuePQi0g9oN4,Leelabar,适合儿童,否
ChIJlb8hgcCZ4jARuePQi0g9oN4,Leelabar,适合观看体育,否
ChIJlb8hgcCZ4jARuePQi0g9oN4,Leelabar,有洗手间,是
ChIJlb8hgcCZ4jARuePQi0g9oN4,Leelabar,户外座位,是
ChIJlb8hgcCZ4jARuePQi0g9oN4,Leelabar,外带,否
ChIJlb8hgcCZ4jARuePQi0g9oN4,Leelabar,配送,否
ChIJlb8hgcCZ4jARuePQi0g9oN4,Leelabar,堂食,是
ChIJlb8hgcCZ4jARuePQi0g9oN4,Leelabar,路边取餐,是
ChIJlb8hgcCZ4jARuePQi0g9oN4,Leelabar,供应啤酒,是
ChIJlb8hgcCZ4jARuePQi0g9oN4,Leelabar,供应鸡尾酒,是
ChIJlb8hgcCZ4jARuePQi0g9oN4,Leelabar,供应葡萄酒,是
ChIJlb8hgcCZ4jARuePQi0g9oN4,Leelabar,现场音乐,是
ChIJlb8hgcCZ4jARuePQi0g9oN4,Leelabar,可预约,是
ChIJlb8hgcCZ4jARuePQi0g9oN4,Leelabar,适合团体,是
ChIJD40jGxSZ4jARAdz6qwlE7rs,Swing Bar,适合儿童,否
ChIJD40jGxSZ4jARAdz6qwlE7rs,Swing Bar,适合观看体育,否
ChIJD40jGxSZ4jARAdz6qwlE7rs,Swing Bar,有洗手间,是
ChIJD40jGxSZ4jARAdz6qwlE7rs,Swing Bar,户外座位,是
ChIJD40jGxSZ4jARAdz6qwlE7rs,Swing Bar,外带,否
ChIJD40jGxSZ4jARAdz6qwlE7rs,Swing Bar,配送,是
ChIJD40jGxSZ4jARAdz6qwlE7rs,Swing Bar,堂食,是
ChIJD40jGxSZ4jARAdz6qwlE7rs,Swing Bar,路边取餐,否
ChIJD40jGxSZ4jARAdz6qwlE7rs,Swing Bar,供应啤酒,是
ChIJD40jGxSZ4jARAdz6qwlE7rs,Swing Bar,供应鸡尾酒,是
ChIJD40jGxSZ4jARAdz6qwlE7rs,Swing Bar,供应葡萄酒,是
ChIJD40jGxSZ4jARAdz6qwlE7rs,Swing Bar,现场音乐,否
ChIJD40jGxSZ4jARAdz6qwlE7rs,Swing Bar,无障碍入口,否
ChIJD40jGxSZ4jARAdz6qwlE7rs,Swing Bar,无障碍停车,否
ChIJD40jGxSZ4jARAdz6qwlE7rs,Swing Bar,可预约,是
ChIJD40jGxSZ4jARAdz6qwlE7rs,Swing Bar,允许携带宠物,否
ChIJD40jGxSZ4jARAdz6qwlE7rs,Swing Bar,适合团体,是
ChIJKTYlfBaZ4jARXzODWG5fhSw,Tai Soon Bar,适合儿童,是
ChIJKTYlfBaZ4jARXzODWG5fhSw,Tai Soon Bar,适合观看体育,否
ChIJKTYlfBaZ4jARXzODWG5fhSw,Tai Soon Bar,有洗手间,是
ChIJKTYlfBaZ4jARXzODWG5fhSw,Tai Soon Bar,户外座位,是
ChIJKTYlfBaZ4jARXzODWG5fhSw,Tai Soon Bar,配送,否
ChIJKTYlfBaZ4jARXzODWG5fhSw,Tai Soon Bar,堂食,是
ChIJKTYlfBaZ4jARXzODWG5fhSw,Tai Soon Bar,供应啤酒,是
ChIJKTYlfBaZ4jARXzODWG5fhSw,Tai Soon Bar,供应鸡尾酒,是
ChIJKTYlfBaZ4jARXzODWG5fhSw,Tai Soon Bar,供应葡萄酒,是
ChIJKTYlfBaZ4jARXzODWG5fhSw,Tai Soon Bar,现场音乐,是
ChIJKTYlfBaZ4jARXzODWG5fhSw,Tai Soon Bar,无障碍入口,否
ChIJKTYlfBaZ4jARXzODWG5fhSw,Tai Soon Bar,无障碍停车,否
ChIJKTYlfBaZ4jARXzODWG5fhSw,Tai Soon Bar,可预约,是
ChIJKTYlfBaZ4jARXzODWG5fhSw,Tai Soon Bar,适合团体,是
ChIJhaP5JYmZ4jARDhQPXrHre0s,Nittaya Roasted Beef (halal),无障碍入口,否
ChIJhaP5JYmZ4jARDhQPXrHre0s,Nittaya Roasted Beef (halal),无障碍停车,否
ChIJhaP5JYmZ4jARDhQPXrHre0s,Nittaya Roasted Beef (halal),无障碍座位,否
ChIJ6zNwWwyZ4jARZ5EmnxkG5Lg,Café Velodome – All day Breakfast,无障碍入口,否
ChIJx-zdvxCZ4jARwQylspvgsTE,Jay Mam Pork Congee,无障碍入口,否
ChIJx-zdvxCZ4jARwQylspvgsTE,Jay Mam Pork Congee,无障碍停车,否
ChIJx-zdvxCZ4jARwQylspvgsTE,Jay Mam Pork Congee,无障碍座位,否
ChIJx-zdvxCZ4jARwQylspvgsTE,Jay Mam Pork Congee,可预约,否
ChIJZ5QdUxeZ4jARj1ko7s05VHM,Nai Kai Krata,无障碍停车,否
ChIJ3Sbd0P6Z4jARdVP-cMH6PmY,On Lok Yun,适合儿童,是
ChIJ3Sbd0P6Z4jARdVP-cMH6PmY,On Lok Yun,适合观看体育,否
ChIJ3Sbd0P6Z4jARdVP-cMH6PmY,On Lok Yun,有洗手间,是
ChIJ3Sbd0P6Z4jARdVP-cMH6PmY,On Lok Yun,户外座位,否
ChIJ3Sbd0P6Z4jARdVP-cMH6PmY,On Lok Yun,外带,是
ChIJ3Sbd0P6Z4jARdVP-cMH6PmY,On Lok Yun,堂食,是
ChIJ3Sbd0P6Z4jARdVP-cMH6PmY,On Lok Yun,供应早餐,是
ChIJ3Sbd0P6Z4jARdVP-cMH6PmY,On Lok Yun,供应早午餐,是
ChIJ3Sbd0P6Z4jARdVP-cMH6PmY,On Lok Yun,供应午餐,是
ChIJ3Sbd0P6Z4jARdVP-cMH6PmY,On Lok Yun,供应咖啡,是
ChIJ3Sbd0P6Z4jARdVP-cMH6PmY,On Lok Yun,供应甜品,是
ChIJ3Sbd0P6Z4jARdVP-cMH6PmY,On Lok Yun,供应啤酒,否
ChIJ3Sbd0P6Z4jARdVP-cMH6PmY,On Lok Yun,供应鸡尾酒,否
ChIJ3Sbd0P6Z4jARdVP-cMH6PmY,On Lok Yun,供应葡萄酒,否
ChIJ3Sbd0P6Z4jARdVP-cMH6PmY,On Lok Yun,供应素食,是
ChIJ3Sbd0P6Z4jARdVP-cMH6PmY,On Lok Yun,现场音乐,否
ChIJ3Sbd0P6Z4jARdVP-cMH6PmY,On Lok Yun,无障碍入口,否
ChIJ3Sbd0P6Z4jARdVP-cMH6PmY,On Lok Yun,无障碍停车,否
ChIJ3Sbd0P6Z4jARdVP-cMH6PmY,On Lok Yun,无障碍座位,否
ChIJ3Sbd0P6Z4jARdVP-cMH6PmY,On Lok Yun,可预约,否
ChIJ3Sbd0P6Z4jARdVP-cMH6PmY,On Lok Yun,适合团体,是
ChIJr7j8GheZ4jARiNWjGqP4_KU,KLAIRE - Coffee & Brunch,可预约,是
ChIJRwyJH8iZ4jARc9QiAeKaGz0,WHITE DRAGON Cafe & Bistro (All Day Breakfast),无障碍座位,是
ChIJRwyJH8iZ4jARc9QiAeKaGz0,WHITE DRAGON Cafe & Bistro (All Day Breakfast),可预约,是
ChIJcewMZhCZ4jAR0eTz6HEA-H0,Alice Cafe,适合儿童,是
ChIJcewMZhCZ4jAR0eTz6HEA-H0,Alice Cafe,适合观看体育,否
ChIJcewMZhCZ4jAR0eTz6HEA-H0,Alice Cafe,有洗手间,是
ChIJcewMZhCZ4jAR0eTz6HEA-H0,Alice Cafe,户外座位,否
ChIJcewMZhCZ4jAR0eTz6HEA-H0,Alice Cafe,外带,是
ChIJcewMZhCZ4jAR0eTz6HEA-H0,Alice Cafe,配送,是
ChIJcewMZhCZ4jAR0eTz6HEA-H0,Alice Cafe,堂食,是
ChIJcewMZhCZ4jAR0eTz6HEA-H0,Alice Cafe,路边取餐,否
ChIJcewMZhCZ4jAR0eTz6HEA-H0,Alice Cafe,供应早餐,是
ChIJcewMZhCZ4jAR0eTz6HEA-H0,Alice Cafe,供应早午餐,是
ChIJcewMZhCZ4jAR0eTz6HEA-H0,Alice Cafe,供应午餐,是
ChIJcewMZhCZ4jAR0eTz6HEA-H0,Alice Cafe,供应咖啡,是
ChIJcewMZhCZ4jAR0eTz6HEA-H0,Alice Cafe,供应甜品,是
ChIJcewMZhCZ4jAR0eTz6HEA-H0,Alice Cafe,供应啤酒,否
ChIJcewMZhCZ4jAR0eTz6HEA-H0,Alice Cafe,供应鸡尾酒,否
ChIJcewMZhCZ4jAR0eTz6HEA-H0,Alice Cafe,供应葡萄酒,否
ChIJcewMZhCZ4jAR0eTz6HEA-H0,Alice Cafe,供应素食,是
ChIJcewMZhCZ4jAR0eTz6HEA-H0,Alice Cafe,现场音乐,否
ChIJcewMZhCZ4jAR0eTz6HEA-H0,Alice Cafe,无障碍停车,否
ChIJcewMZhCZ4jAR0eTz6HEA-H0,Alice Cafe,适合团体,是
ChIJ3VEpkA-Z4jARW2HomIvLymQ,Auntie Nid coffee shop,适合观看体育,否
ChIJ3VEpkA-Z4jARW2HomIvLymQ,Auntie Nid coffee shop,有洗手间,否
ChIJ3VEpkA-Z4jARW2HomIvLymQ,Auntie Nid coffee shop,户外座位,否
ChIJ3VEpkA-Z4jARW2HomIvLymQ,Auntie Nid coffee shop,外带,是
ChIJ3VEpkA-Z4jARW2HomIvLymQ,Auntie Nid coffee shop,堂食,是
ChIJ3VEpkA-Z4jARW2HomIvLymQ,Auntie Nid coffee shop,供应早午餐,否
ChIJ3VEpkA-Z4jARW2HomIvLymQ,Auntie Nid coffee shop,供应午餐,否
ChIJ3VEpkA-Z4jARW2HomIvLymQ,Auntie Nid coffee shop,供应咖啡,是
ChIJ3VEpkA-Z4jARW2HomIvLymQ,Auntie Nid coffee shop,供应甜品,是
ChIJ3VEpkA-Z4jARW2HomIvLymQ,Auntie Nid coffee shop,供应啤酒,否
ChIJ3VEpkA-Z4jARW2HomIvLymQ,Auntie Nid coffee shop,供应鸡尾酒,否
ChIJ3VEpkA-Z4jARW2HomIvLymQ,Auntie Nid coffee shop,供应葡萄酒,否
ChIJ3VEpkA-Z4jARW2HomIvLymQ,Auntie Nid coffee shop,现场音乐,否
ChIJ3VEpkA-Z4jARW2HomIvLymQ,Auntie Nid coffee shop,无障碍座位,否
ChIJ3VEpkA-Z4jARW2HomIvLymQ,Auntie Nid coffee shop,可预约,否
ChIJHS2FAO6Z4jARqhV0fzk_yhI,"FARM to TABLE, Hideout",适合儿童,是
ChIJHS2FAO6Z4jARqhV0fzk_yhI,"FARM to TABLE, Hideout",适合观看体育,否
ChIJHS2FAO6Z4jARqhV0fzk_yhI,"FARM to TABLE, Hideout",有洗手间,是
ChIJHS2FAO6Z4jARqhV0fzk_yhI,"FARM to TABLE, Hideout",户外座位,否
ChIJHS2FAO6Z4jARqhV0fzk_yhI,"FARM to TABLE, Hideout",外带,是
ChIJHS2FAO6Z4jARqhV0fzk_yhI,"FARM to TABLE, Hideout",堂食,是
ChIJHS2FAO6Z4jARqhV0fzk_yhI,"FARM to TABLE, Hideout",供应早午餐,是
ChIJHS2FAO6Z4jARqhV0fzk_yhI,"FARM to TABLE, Hideout",供应午餐,是
ChIJHS2FAO6Z4jARqhV0fzk_yhI,"FARM to TABLE, Hideout",供应咖啡,是
ChIJHS2FAO6Z4jARqhV0fzk_yhI,"FARM to TABLE, Hideout",供应甜品,是
ChIJHS2FAO6Z4jARqhV0fzk_yhI,"FARM to TABLE, Hideout",供应啤酒,否
ChIJHS2FAO6Z4jARqhV0fzk_yhI,"FARM to TABLE, Hideout",供应鸡尾酒,否
ChIJHS2FAO6Z4jARqhV0fzk_yhI,"FARM to TABLE, Hideout",供应葡萄酒,否
ChIJHS2FAO6Z4jARqhV0fzk_yhI,"FARM to TABLE, Hideout",供应素食,是
ChIJHS2FAO6Z4jARqhV0fzk_yhI,"FARM to TABLE, Hideout",现场音乐,否
ChIJHS2FAO6Z4jARqhV0fzk_yhI,"FARM to TABLE, Hideout",无障碍入口,否
ChIJHS2FAO6Z4jARqhV0fzk_yhI,"FARM to TABLE, Hideout",无障碍停车,否
ChIJHS2FAO6Z4jARqhV0fzk_yhI,"FARM to TABLE, Hideout",允许携带宠物,否
ChIJHS2FAO6Z4jARqhV0fzk_yhI,"FARM to TABLE, Hideout",适合团体,是
ChIJHS2FAO6Z4jARqhV0fzk_yhI,"FARM to TABLE, Hideout",供应晚餐,是
ChIJr0_8WhuZ4jARkLSG8nhL7n8,Floral Café at Napasorn,适合儿童,否
ChIJr0_8WhuZ4jARkLSG8nhL7n8,Floral Café at Napasorn,适合观看体育,否
ChIJr0_8WhuZ4jARkLSG8nhL7n8,Floral Café at Napasorn,有洗手间,是
ChIJr0_8WhuZ4jARkLSG8nhL7n8,Floral Café at Napasorn,户外座位,否
ChIJr0_8WhuZ4jARkLSG8nhL7n8,Floral Café at Napasorn,外带,是
ChIJr0_8WhuZ4jARkLSG8nhL7n8,Floral Café at Napasorn,配送,是
ChIJr0_8WhuZ4jARkLSG8nhL7n8,Floral Café at Napasorn,堂食,是
ChIJr0_8WhuZ4jARkLSG8nhL7n8,Floral Café at Napasorn,路边取餐,是
ChIJr0_8WhuZ4jARkLSG8nhL7n8,Floral Café at Napasorn,供应早餐,是
ChIJr0_8WhuZ4jARkLSG8nhL7n8,Floral Café at Napasorn,供应早午餐,是
ChIJr0_8WhuZ4jARkLSG8nhL7n8,Floral Café at Napasorn,供应咖啡,是
ChIJr0_8WhuZ4jARkLSG8nhL7n8,Floral Café at Napasorn,供应甜品,是
ChIJr0_8WhuZ4jARkLSG8nhL7n8,Floral Café at Napasorn,供应啤酒,否
ChIJr0_8WhuZ4jARkLSG8nhL7n8,Floral Café at Napasorn,供应鸡尾酒,否
ChIJr0_8WhuZ4jARkLSG8nhL7n8,Floral Café at Napasorn,供应葡萄酒,否
ChIJr0_8WhuZ4jARkLSG8nhL7n8,Floral Café at Napasorn,现场音乐,否
ChIJr0_8WhuZ4jARkLSG8nhL7n8,Floral Café at Napasorn,无障碍入口,否
ChIJr0_8WhuZ4jARkLSG8nhL7n8,Floral Café at Napasorn,无障碍停车,否
ChIJr0_8WhuZ4jARkLSG8nhL7n8,Floral Café at Napasorn,无障碍座位,否
ChIJr0_8WhuZ4jARkLSG8nhL7n8,Floral Café at Napasorn,允许携带宠物,否
ChIJr0_8WhuZ4jARkLSG8nhL7n8,Floral Café at Napasorn,供应晚餐,否
ChIJLbz8RoWZ4jARKQ9ehuwiWKM,Homprung by Baihor,适合观看体育,否
ChIJLbz8RoWZ4jARKQ9ehuwiWKM,Homprung by Baihor,有洗手间,是
ChIJLbz8RoWZ4jARKQ9ehuwiWKM,Homprung by Baihor,户外座位,是
ChIJLbz8RoWZ4jARKQ9ehuwiWKM,Homprung by Baihor,外带,是
ChIJLbz8RoWZ4jARKQ9ehuwiWKM,Homprung by Baihor,配送,是
ChIJLbz8RoWZ4jARKQ9ehuwiWKM,Homprung by Baihor,堂食,是
ChIJLbz8RoWZ4jARKQ9ehuwiWKM,Homprung by Baihor,路边取餐,是
ChIJLbz8RoWZ4jARKQ9ehuwiWKM,Homprung by Baihor,供应午餐,是
ChIJLbz8RoWZ4jARKQ9ehuwiWKM,Homprung by Baihor,供应咖啡,是
ChIJLbz8RoWZ4jARKQ9ehuwiWKM,Homprung by Baihor,供应甜品,是
ChIJLbz8RoWZ4jARKQ9ehuwiWKM,Homprung by Baihor,供应鸡尾酒,否
ChIJLbz8RoWZ4jARKQ9ehuwiWKM,Homprung by Baihor,供应葡萄酒,否
ChIJLbz8RoWZ4jARKQ9ehuwiWKM,Homprung by Baihor,现场音乐,否
ChIJLbz8RoWZ4jARKQ9ehuwiWKM,Homprung by Baihor,无障碍入口,否
ChIJLbz8RoWZ4jARKQ9ehuwiWKM,Homprung by Baihor,无障碍停车,否
ChIJLbz8RoWZ4jARKQ9ehuwiWKM,Homprung by Baihor,无障碍座位,否
ChIJLbz8RoWZ4jARKQ9ehuwiWKM,Homprung by Baihor,可预约,是
ChIJkTwiHRSZ4jARrHxwA41ji4c,Kope Hya Tai Kee,适合儿童,是
ChIJkTwiHRSZ4jARrHxwA41ji4c,Kope Hya Tai Kee,适合观看体育,否
ChIJkTwiHRSZ4jARrHxwA41ji4c,Kope Hya Tai Kee,有洗手间,是
ChIJkTwiHRSZ4jARrHxwA41ji4c,Kope Hya Tai Kee,户外座位,否
ChIJkTwiHRSZ4jARrHxwA41ji4c,Kope Hya Tai Kee,外带,是
ChIJkTwiHRSZ4jARrHxwA41ji4c,Kope Hya Tai Kee,配送,否
ChIJkTwiHRSZ4jARrHxwA41ji4c,Kope Hya Tai Kee,堂食,是
ChIJkTwiHRSZ4jARrHxwA41ji4c,Kope Hya Tai Kee,供应早餐,是
ChIJkTwiHRSZ4jARrHxwA41ji4c,Kope Hya Tai Kee,供应早午餐,是
ChIJkTwiHRSZ4jARrHxwA41ji4c,Kope Hya Tai Kee,供应午餐,是
ChIJkTwiHRSZ4jARrHxwA41ji4c,Kope Hya Tai Kee,供应咖啡,是
ChIJkTwiHRSZ4jARrHxwA41ji4c,Kope Hya Tai Kee,供应甜品,是
ChIJkTwiHRSZ4jARrHxwA41ji4c,Kope Hya Tai Kee,供应啤酒,否
ChIJkTwiHRSZ4jARrHxwA41ji4c,Kope Hya Tai Kee,供应鸡尾酒,否
ChIJkTwiHRSZ4jARrHxwA41ji4c,Kope Hya Tai Kee,供应葡萄酒,否
ChIJkTwiHRSZ4jARrHxwA41ji4c,Kope Hya Tai Kee,供应素食,是
ChIJkTwiHRSZ4jARrHxwA41ji4c,Kope Hya Tai Kee,现场音乐,否
ChIJkTwiHRSZ4jARrHxwA41ji4c,Kope Hya Tai Kee,无障碍入口,否
ChIJkTwiHRSZ4jARrHxwA41ji4c,Kope Hya Tai Kee,无障碍停车,否
ChIJkTwiHRSZ4jARrHxwA41ji4c,Kope Hya Tai Kee,无障碍座位,否
ChIJkTwiHRSZ4jARrHxwA41ji4c,Kope Hya Tai Kee,可预约,否
ChIJkTwiHRSZ4jARrHxwA41ji4c,Kope Hya Tai Kee,供应晚餐,是
ChIJJ82DqQ-Z4jARl6PzeeKcJCo,Kope Hya Tai Kee Na Saranrom,适合观看体育,否
ChIJJ82DqQ-Z4jARl6PzeeKcJCo,Kope Hya Tai Kee Na Saranrom,有洗手间,是
ChIJJ82DqQ-Z4jARl6PzeeKcJCo,Kope Hya Tai Kee Na Saranrom,户外座位,否
ChIJJ82DqQ-Z4jARl6PzeeKcJCo,Kope Hya Tai Kee Na Saranrom,外带,是
ChIJJ82DqQ-Z4jARl6PzeeKcJCo,Kope Hya Tai Kee Na Saranrom,配送,是
ChIJJ82DqQ-Z4jARl6PzeeKcJCo,Kope Hya Tai Kee Na Saranrom,堂食,是
ChIJJ82DqQ-Z4jARl6PzeeKcJCo,Kope Hya Tai Kee Na Saranrom,供应早餐,是
ChIJJ82DqQ-Z4jARl6PzeeKcJCo,Kope Hya Tai Kee Na Saranrom,供应早午餐,是
ChIJJ82DqQ-Z4jARl6PzeeKcJCo,Kope Hya Tai Kee Na Saranrom,供应午餐,是
ChIJJ82DqQ-Z4jARl6PzeeKcJCo,Kope Hya Tai Kee Na Saranrom,供应咖啡,是
ChIJJ82DqQ-Z4jARl6PzeeKcJCo,Kope Hya Tai Kee Na Saranrom,供应甜品,是
ChIJJ82DqQ-Z4jARl6PzeeKcJCo,Kope Hya Tai Kee Na Saranrom,供应啤酒,否
ChIJJ82DqQ-Z4jARl6PzeeKcJCo,Kope Hya Tai Kee Na Saranrom,供应鸡尾酒,否
ChIJJ82DqQ-Z4jARl6PzeeKcJCo,Kope Hya Tai Kee Na Saranrom,供应葡萄酒,否
ChIJJ82DqQ-Z4jARl6PzeeKcJCo,Kope Hya Tai Kee Na Saranrom,供应素食,是
ChIJJ82DqQ-Z4jARl6PzeeKcJCo,Kope Hya Tai Kee Na Saranrom,现场音乐,否
ChIJJ82DqQ-Z4jARl6PzeeKcJCo,Kope Hya Tai Kee Na Saranrom,无障碍入口,否
ChIJJ82DqQ-Z4jARl6PzeeKcJCo,Kope Hya Tai Kee Na Saranrom,无障碍停车,否
ChIJJ82DqQ-Z4jARl6PzeeKcJCo,Kope Hya Tai Kee Na Saranrom,无障碍座位,否
ChIJJ82DqQ-Z4jARl6PzeeKcJCo,Kope Hya Tai Kee Na Saranrom,可预约,是
ChIJJ82DqQ-Z4jARl6PzeeKcJCo,Kope Hya Tai Kee Na Saranrom,适合团体,是
ChIJJ82DqQ-Z4jARl6PzeeKcJCo,Kope Hya Tai Kee Na Saranrom,供应晚餐,是
ChIJ6SSUJjWZ4jARyjvExNi3YDg,Piccolo Vicolo Café at Wang Burapha-Samyot,适合观看体育,否
ChIJ6SSUJjWZ4jARyjvExNi3YDg,Piccolo Vicolo Café at Wang Burapha-Samyot,有洗手间,是
ChIJ6SSUJjWZ4jARyjvExNi3YDg,Piccolo Vicolo Café at Wang Burapha-Samyot,户外座位,是
ChIJ6SSUJjWZ4jARyjvExNi3YDg,Piccolo Vicolo Café at Wang Burapha-Samyot,外带,是
ChIJ6SSUJjWZ4jARyjvExNi3YDg,Piccolo Vicolo Café at Wang Burapha-Samyot,配送,是
ChIJ6SSUJjWZ4jARyjvExNi3YDg,Piccolo Vicolo Café at Wang Burapha-Samyot,堂食,是
ChIJ6SSUJjWZ4jARyjvExNi3YDg,Piccolo Vicolo Café at Wang Burapha-Samyot,路边取餐,否
ChIJ6SSUJjWZ4jARyjvExNi3YDg,Piccolo Vicolo Café at Wang Burapha-Samyot,供应早餐,是
ChIJ6SSUJjWZ4jARyjvExNi3YDg,Piccolo Vicolo Café at Wang Burapha-Samyot,供应早午餐,是
ChIJ6SSUJjWZ4jARyjvExNi3YDg,Piccolo Vicolo Café at Wang Burapha-Samyot,供应午餐,是
ChIJ6SSUJjWZ4jARyjvExNi3YDg,Piccolo Vicolo Café at Wang Burapha-Samyot,供应咖啡,是
ChIJ6SSUJjWZ4jARyjvExNi3YDg,Piccolo Vicolo Café at Wang Burapha-Samyot,供应甜品,是
ChIJ6SSUJjWZ4jARyjvExNi3YDg,Piccolo Vicolo Café at Wang Burapha-Samyot,供应啤酒,否
ChIJ6SSUJjWZ4jARyjvExNi3YDg,Piccolo Vicolo Café at Wang Burapha-Samyot,供应鸡尾酒,否
ChIJ6SSUJjWZ4jARyjvExNi3YDg,Piccolo Vicolo Café at Wang Burapha-Samyot,供应葡萄酒,否
ChIJ6SSUJjWZ4jARyjvExNi3YDg,Piccolo Vicolo Café at Wang Burapha-Samyot,现场音乐,否
ChIJ6SSUJjWZ4jARyjvExNi3YDg,Piccolo Vicolo Café at Wang Burapha-Samyot,无障碍入口,否
ChIJ6SSUJjWZ4jARyjvExNi3YDg,Piccolo Vicolo Café at Wang Burapha-Samyot,无障碍停车,否
ChIJ6SSUJjWZ4jARyjvExNi3YDg,Piccolo Vicolo Café at Wang Burapha-Samyot,无障碍座位,否
ChIJ6SSUJjWZ4jARyjvExNi3YDg,Piccolo Vicolo Café at Wang Burapha-Samyot,适合团体,是
ChIJ_8BVUo6Z4jAR6f8C6Kyg4uo,发咖啡,适合儿童,是
ChIJ_8BVUo6Z4jAR6f8C6Kyg4uo,发咖啡,适合观看体育,否
ChIJ_8BVUo6Z4jAR6f8C6Kyg4uo,发咖啡,有洗手间,是
ChIJ_8BVUo6Z4jAR6f8C6Kyg4uo,发咖啡,户外座位,是
ChIJ_8BVUo6Z4jAR6f8C6Kyg4uo,发咖啡,外带,是
ChIJ_8BVUo6Z4jAR6f8C6Kyg4uo,发咖啡,配送,是
ChIJ_8BVUo6Z4jAR6f8C6Kyg4uo,发咖啡,堂食,是
ChIJ_8BVUo6Z4jAR6f8C6Kyg4uo,发咖啡,路边取餐,是
ChIJ_8BVUo6Z4jAR6f8C6Kyg4uo,发咖啡,供应咖啡,是
ChIJ_8BVUo6Z4jAR6f8C6Kyg4uo,发咖啡,供应甜品,是
ChIJ_8BVUo6Z4jAR6f8C6Kyg4uo,发咖啡,供应啤酒,是
ChIJ_8BVUo6Z4jAR6f8C6Kyg4uo,发咖啡,供应鸡尾酒,是
ChIJ_8BVUo6Z4jAR6f8C6Kyg4uo,发咖啡,供应葡萄酒,否
ChIJ_8BVUo6Z4jAR6f8C6Kyg4uo,发咖啡,现场音乐,否
ChIJ_8BVUo6Z4jAR6f8C6Kyg4uo,发咖啡,无障碍入口,是
ChIJ_8BVUo6Z4jAR6f8C6Kyg4uo,发咖啡,无障碍停车,是
ChIJ_8BVUo6Z4jAR6f8C6Kyg4uo,发咖啡,无障碍座位,否
ChIJ_8BVUo6Z4jAR6f8C6Kyg4uo,发咖啡,可预约,是
ChIJ_8BVUo6Z4jAR6f8C6Kyg4uo,发咖啡,适合团体,是
ChIJ-02bsJCZ4jARh2Dw3GPPkp0,Chester's Mega Plaza,无障碍入口,是
ChIJe6ztfxSZ4jARWYd83i6dv3k,Mr Jiu's Hainanese Chicken Rice,无障碍入口,否
ChIJe6ztfxSZ4jARWYd83i6dv3k,Mr Jiu's Hainanese Chicken Rice,无障碍停车,否
ChIJe6ztfxSZ4jARWYd83i6dv3k,Mr Jiu's Hainanese Chicken Rice,无障碍座位,否
ChIJBZ4lFQCZ4jAR_kEKWPvgMWM,Tanbo Chicken Rice,无障碍入口,否
ChIJBZ4lFQCZ4jAR_kEKWPvgMWM,Tanbo Chicken Rice,无障碍停车,否
ChIJBZ4lFQCZ4jAR_kEKWPvgMWM,Tanbo Chicken Rice,无障碍座位,否
ChIJj2AqaVCZ4jARTC_E0sJIJQ0,ข้าวมันไก่จักรวรรดิ,无障碍停车,否
ChIJS6Kh4haZ4jARE9V2zwJJvVM,Ching Ki Hor Fun,无障碍入口,否
ChIJS6Kh4haZ4jARE9V2zwJJvVM,Ching Ki Hor Fun,无障碍停车,否
ChIJS6Kh4haZ4jARE9V2zwJJvVM,Ching Ki Hor Fun,无障碍座位,否
ChIJealvHxqZ4jARhzx7y4wvrcQ,Daeng Pochana,无障碍入口,否
ChIJealvHxqZ4jARhzx7y4wvrcQ,Daeng Pochana,无障碍停车,否
ChIJvU1YHBqZ4jAR6i_A-NGx9B4,Jae Phom beef noodle,无障碍入口,否
ChIJvU1YHBqZ4jAR6i_A-NGx9B4,Jae Phom beef noodle,无障碍停车,否
ChIJvU1YHBqZ4jAR6i_A-NGx9B4,Jae Phom beef noodle,无障碍座位,否
ChIJvU1YHBqZ4jAR6i_A-NGx9B4,Jae Phom beef noodle,无障碍洗手间,否
ChIJxakkSyKZ4jARucDMuA8lxZ4,Lak Tee Egg Noodles,无障碍入口,否
ChIJxakkSyKZ4jARucDMuA8lxZ4,Lak Tee Egg Noodles,无障碍停车,否
ChIJxakkSyKZ4jARucDMuA8lxZ4,Lak Tee Egg Noodles,无障碍座位,否
ChIJ2QLyYT2Z4jARMveR38QlKXo,MUI Yen Tafo,无障碍入口,否
ChIJ2QLyYT2Z4jARMveR38QlKXo,MUI Yen Tafo,无障碍停车,否
ChIJ5YLm8faZ4jAR2l_gpkU65d0,Soi Lang Bot Phram Hakka Noodles,无障碍停车,否
ChIJl098LFGZ4jARFTLAtFm8Pdg,Tim Dumpling,无障碍入口,否
ChIJl098LFGZ4jARFTLAtFm8Pdg,Tim Dumpling,无障碍停车,否
ChIJl098LFGZ4jARFTLAtFm8Pdg,Tim Dumpling,无障碍座位,否
ChIJl098LFGZ4jARFTLAtFm8Pdg,Tim Dumpling,可预约,否
ChIJXwNAXxaZ4jARL7N2L7YCQrM,Toh Kway Chap,无障碍入口,否
ChIJXwNAXxaZ4jARL7N2L7YCQrM,Toh Kway Chap,无障碍停车,否
ChIJXwNAXxaZ4jARL7N2L7YCQrM,Toh Kway Chap,无障碍座位,否
ChIJe-qqLBOZ4jARkgHxp2gJenQ,กิมเซี้ย ก๋วยเตี๋ยวลูกชิ้นปลา,无障碍入口,否
ChIJ3yN_HRiZ4jARGZiQ7rjxTsA,ก๋วยเตี๋ยวแคระ พยุงแอนด์ปลาคาร์พ,无障碍入口,否
ChIJ3yN_HRiZ4jARGZiQ7rjxTsA,ก๋วยเตี๋ยวแคระ พยุงแอนด์ปลาคาร์พ,无障碍停车,否
ChIJ4zH_kX-Z4jARQUMdn1CWF5c,ก๋วยเตี๋ยวแคะ (นายอ้วนเจ้าเก่า) ตั้งหวังเจ๊ง,无障碍入口,否
ChIJ4zH_kX-Z4jARQUMdn1CWF5c,ก๋วยเตี๋ยวแคะ (นายอ้วนเจ้าเก่า) ตั้งหวังเจ๊ง,无障碍停车,否
ChIJ897zuSOZ4jARvoTyZapxlns,นิวยืนยง 昇永 (บะหมี่ลูกชิ้นปลา) New Yuen Yong,无障碍入口,否
ChIJ897zuSOZ4jARvoTyZapxlns,นิวยืนยง 昇永 (บะหมี่ลูกชิ้นปลา) New Yuen Yong,无障碍停车,否
ChIJ897zuSOZ4jARvoTyZapxlns,นิวยืนยง 昇永 (บะหมี่ลูกชิ้นปลา) New Yuen Yong,无障碍座位,是
ChIJ8a_uziOZ4jARGO0z_ruk5Bs,傳奇雜工麵,无障碍入口,否
ChIJ8a_uziOZ4jARGO0z_ruk5Bs,傳奇雜工麵,无障碍停车,否
ChIJ8a_uziOZ4jARGO0z_ruk5Bs,傳奇雜工麵,无障碍座位,否
ChIJ8a_uziOZ4jARGO0z_ruk5Bs,傳奇雜工麵,可预约,否
ChIJJVOyjRmZ4jARIH5Bmq5QIWo,致中和,无障碍入口,否
ChIJJVOyjRmZ4jARIH5Bmq5QIWo,致中和,无障碍停车,否
ChIJvwAMYvGZ4jARbwnXhe7dbiY,黄炳春魚丸,无障碍入口,否
ChIJvwAMYvGZ4jARbwnXhe7dbiY,黄炳春魚丸,无障碍停车,否
ChIJvwAMYvGZ4jARbwnXhe7dbiY,黄炳春魚丸,无障碍座位,否
ChIJdZCBnxqZ4jARfYJH99Q4af8,26容易渌,无障碍入口,否
ChIJdZCBnxqZ4jARfYJH99Q4af8,26容易渌,无障碍停车,否
ChIJdZCBnxqZ4jARfYJH99Q4af8,26容易渌,无障碍座位,是
ChIJdZCBnxqZ4jARfYJH99Q4af8,26容易渌,可预约,是
ChIJ0X4rpNSZ4jARqOFD2zdjaOg,Chop Chop Cook Shop,无障碍入口,是
ChIJ0X4rpNSZ4jARqOFD2zdjaOg,Chop Chop Cook Shop,无障碍停车,否
ChIJ0X4rpNSZ4jARqOFD2zdjaOg,Chop Chop Cook Shop,无障碍座位,是
ChIJ0X4rpNSZ4jARqOFD2zdjaOg,Chop Chop Cook Shop,可预约,是
ChIJ0X4rpNSZ4jARqOFD2zdjaOg,Chop Chop Cook Shop,无障碍洗手间,否
ChIJiUaDJxWZ4jAR6umi48bdcQk,FA Mui,无障碍入口,否
ChIJiUaDJxWZ4jAR6umi48bdcQk,FA Mui,无障碍停车,否
ChIJiUaDJxWZ4jAR6umi48bdcQk,FA Mui,无障碍座位,否
ChIJ3_6_HiKZ4jARHt5Pc13DTaA,Ginpao Phochana,无障碍入口,是
ChIJ3_6_HiKZ4jARHt5Pc13DTaA,Ginpao Phochana,无障碍停车,是
ChIJ3_6_HiKZ4jARHt5Pc13DTaA,Ginpao Phochana,无障碍座位,是
ChIJ3_6_HiKZ4jARHt5Pc13DTaA,Ginpao Phochana,可预约,是
ChIJg_OawsSZ4jARhar1F01_csQ,HAGOW Yaowarat,无障碍入口,否
ChIJg_OawsSZ4jARhar1F01_csQ,HAGOW Yaowarat,无障碍停车,否
ChIJg_OawsSZ4jARhar1F01_csQ,HAGOW Yaowarat,无障碍座位,否
ChIJg_OawsSZ4jARhar1F01_csQ,HAGOW Yaowarat,可预约,是
ChIJDbAtghiZ4jARsF59tS3LGD0,Hakka Laemthong Phochana Restaurant,无障碍入口,否
ChIJDbAtghiZ4jARsF59tS3LGD0,Hakka Laemthong Phochana Restaurant,无障碍停车,否
ChIJDbAtghiZ4jARsF59tS3LGD0,Hakka Laemthong Phochana Restaurant,无障碍座位,否
ChIJDbAtghiZ4jARsF59tS3LGD0,Hakka Laemthong Phochana Restaurant,可预约,是
ChIJDbAtghiZ4jARsF59tS3LGD0,Hakka Laemthong Phochana Restaurant,无障碍洗手间,否
ChIJBcieNCeZ4jAR868kzkaqnHw,Hua Seng Hong Restaurant @Yaowarat Road,无障碍停车,否
ChIJBcieNCeZ4jAR868kzkaqnHw,Hua Seng Hong Restaurant @Yaowarat Road,可预约,是
ChIJBcieNCeZ4jAR868kzkaqnHw,Hua Seng Hong Restaurant @Yaowarat Road,无障碍洗手间,是
ChIJB6taHcCZ4jARwVGY20Vy5dI,Jok One Table,无障碍入口,否
ChIJB6taHcCZ4jARwVGY20Vy5dI,Jok One Table,无障碍停车,否
ChIJB6taHcCZ4jARwVGY20Vy5dI,Jok One Table,可预约,是
ChIJJ03QjGOZ4jARdUW-bCQ2u2s,Laoteng,无障碍入口,否
ChIJJ03QjGOZ4jARdUW-bCQ2u2s,Laoteng,无障碍停车,否
ChIJJ03QjGOZ4jARdUW-bCQ2u2s,Laoteng,可预约,是
ChIJb73JxSOZ4jARHgl4zhyCrLE,Nai Mong Fry Oyster,无障碍入口,否
ChIJb73JxSOZ4jARHgl4zhyCrLE,Nai Mong Fry Oyster,无障碍停车,是
ChIJb73JxSOZ4jARHgl4zhyCrLE,Nai Mong Fry Oyster,无障碍座位,否
ChIJb73JxSOZ4jARHgl4zhyCrLE,Nai Mong Fry Oyster,可预约,是
ChIJaf_D9yGZ4jARMX51rNIHrNE,Siang Ping Loh,无障碍入口,是
ChIJaf_D9yGZ4jARMX51rNIHrNE,Siang Ping Loh,无障碍停车,是
ChIJaf_D9yGZ4jARMX51rNIHrNE,Siang Ping Loh,无障碍座位,是
ChIJaf_D9yGZ4jARMX51rNIHrNE,Siang Ping Loh,可预约,是
ChIJaf_D9yGZ4jARMX51rNIHrNE,Siang Ping Loh,无障碍洗手间,是
ChIJtwrwmSGZ4jARYyX9da5yieI,Tang Jai Yoo Restaurant,可预约,是
ChIJV2kpBxmZ4jARauvERbm3ypA,Werng Crab Fried Rice,无障碍入口,否
ChIJV2kpBxmZ4jARauvERbm3ypA,Werng Crab Fried Rice,无障碍停车,否
ChIJV2kpBxmZ4jARauvERbm3ypA,Werng Crab Fried Rice,无障碍座位,否
ChIJU9dtgiGZ4jARpnfgLngULm0,Xie Lao Yee Hor,无障碍入口,否
ChIJU9dtgiGZ4jARpnfgLngULm0,Xie Lao Yee Hor,无障碍停车,否
ChIJU9dtgiGZ4jARpnfgLngULm0,Xie Lao Yee Hor,无障碍座位,否
ChIJU9dtgiGZ4jARpnfgLngULm0,Xie Lao Yee Hor,可预约,否
ChIJwd96UTyZ4jARmX3mJy_ul9E,ทวีชัยโภชนา | Thaveechai Pochana สาขาสวนมะลิ,无障碍入口,是
ChIJwd96UTyZ4jARmX3mJy_ul9E,ทวีชัยโภชนา | Thaveechai Pochana สาขาสวนมะลิ,无障碍停车,否
ChIJwd96UTyZ4jARmX3mJy_ul9E,ทวีชัยโภชนา | Thaveechai Pochana สาขาสวนมะลิ,可预约,是
ChIJETlSoT-Z4jARqtpNrTUT2M8,เนื้อหอม คาเฟ่ (Nuahom cafe),无障碍座位,是
ChIJETlSoT-Z4jARqtpNrTUT2M8,เนื้อหอม คาเฟ่ (Nuahom cafe),可预约,是
ChIJGe7l7BmZ4jARycjfxl0XuLw,三皇府酒楼,无障碍入口,是
ChIJGe7l7BmZ4jARycjfxl0XuLw,三皇府酒楼,无障碍座位,是
ChIJGe7l7BmZ4jARycjfxl0XuLw,三皇府酒楼,可预约,是
ChIJJ4G-uBGZ4jARt2OV6-NKVfY,二老陈泉利,无障碍入口,否
ChIJJ4G-uBGZ4jARt2OV6-NKVfY,二老陈泉利,无障碍停车,否
ChIJJ4G-uBGZ4jARt2OV6-NKVfY,二老陈泉利,可预约,是
ChIJxbN5QiKZ4jARiNErde3xNTE,和成豐,无障碍入口,否
ChIJxbN5QiKZ4jARiNErde3xNTE,和成豐,无障碍停车,否
ChIJxbN5QiKZ4jARiNErde3xNTE,和成豐,可预约,是
ChIJV86kGiKZ4jARiztrBlcWYIs,泰興,无障碍入口,否
ChIJV86kGiKZ4jARiztrBlcWYIs,泰興,无障碍停车,否
ChIJuWWzCyKZ4jARwtOPCu-etAI,炳記菜館,可预约,是
ChIJw2ehxyGZ4jAR11ODeFQq_HA,笑笑酒樓,无障碍入口,是
ChIJw2ehxyGZ4jAR11ODeFQq_HA,笑笑酒樓,无障碍座位,是
ChIJw2ehxyGZ4jAR11ODeFQq_HA,笑笑酒樓,可预约,是
ChIJXY-etxaZ4jAR49bUvonbBaI,荣华酒楼,可预约,是
ChIJ10KYMCKZ4jARWAb6-yiaiYE,陳點心,无障碍入口,否
ChIJ10KYMCKZ4jARWAb6-yiaiYE,陳點心,无障碍停车,否
ChIJeSVexzyZ4jAR7IwPp0TJ6TU,Ayatana Charoen Krung,适合观看体育,否
ChIJeSVexzyZ4jAR7IwPp0TJ6TU,Ayatana Charoen Krung,有洗手间,是
ChIJeSVexzyZ4jAR7IwPp0TJ6TU,Ayatana Charoen Krung,户外座位,否
ChIJeSVexzyZ4jAR7IwPp0TJ6TU,Ayatana Charoen Krung,外带,是
ChIJeSVexzyZ4jAR7IwPp0TJ6TU,Ayatana Charoen Krung,堂食,是
ChIJeSVexzyZ4jAR7IwPp0TJ6TU,Ayatana Charoen Krung,供应咖啡,是
ChIJeSVexzyZ4jAR7IwPp0TJ6TU,Ayatana Charoen Krung,供应甜品,是
ChIJeSVexzyZ4jAR7IwPp0TJ6TU,Ayatana Charoen Krung,供应啤酒,否
ChIJeSVexzyZ4jAR7IwPp0TJ6TU,Ayatana Charoen Krung,供应鸡尾酒,否
ChIJeSVexzyZ4jAR7IwPp0TJ6TU,Ayatana Charoen Krung,供应葡萄酒,否
ChIJeSVexzyZ4jAR7IwPp0TJ6TU,Ayatana Charoen Krung,现场音乐,否
ChIJ9_nuUWyZ4jARQuuGZ160fPc,BEANS Coffee Roaster Songwat,适合观看体育,否
ChIJ9_nuUWyZ4jARQuuGZ160fPc,BEANS Coffee Roaster Songwat,有洗手间,是
ChIJ9_nuUWyZ4jARQuuGZ160fPc,BEANS Coffee Roaster Songwat,户外座位,是
ChIJ9_nuUWyZ4jARQuuGZ160fPc,BEANS Coffee Roaster Songwat,外带,是
ChIJ9_nuUWyZ4jARQuuGZ160fPc,BEANS Coffee Roaster Songwat,配送,是
ChIJ9_nuUWyZ4jARQuuGZ160fPc,BEANS Coffee Roaster Songwat,堂食,是
ChIJ9_nuUWyZ4jARQuuGZ160fPc,BEANS Coffee Roaster Songwat,供应咖啡,是
ChIJ9_nuUWyZ4jARQuuGZ160fPc,BEANS Coffee Roaster Songwat,供应甜品,是
ChIJ9_nuUWyZ4jARQuuGZ160fPc,BEANS Coffee Roaster Songwat,供应啤酒,否
ChIJ9_nuUWyZ4jARQuuGZ160fPc,BEANS Coffee Roaster Songwat,供应鸡尾酒,否
ChIJ9_nuUWyZ4jARQuuGZ160fPc,BEANS Coffee Roaster Songwat,供应葡萄酒,否
ChIJ9_nuUWyZ4jARQuuGZ160fPc,BEANS Coffee Roaster Songwat,现场音乐,否
ChIJ9_nuUWyZ4jARQuuGZ160fPc,BEANS Coffee Roaster Songwat,无障碍座位,否
ChIJ9_nuUWyZ4jARQuuGZ160fPc,BEANS Coffee Roaster Songwat,适合团体,是
ChIJIx_SRTiZ4jARjx7Hv9QMrmw,Bite and Bond,适合儿童,是
ChIJIx_SRTiZ4jARjx7Hv9QMrmw,Bite and Bond,适合观看体育,否
ChIJIx_SRTiZ4jARjx7Hv9QMrmw,Bite and Bond,有洗手间,是
ChIJIx_SRTiZ4jARjx7Hv9QMrmw,Bite and Bond,户外座位,是
ChIJIx_SRTiZ4jARjx7Hv9QMrmw,Bite and Bond,外带,是
ChIJIx_SRTiZ4jARjx7Hv9QMrmw,Bite and Bond,堂食,是
ChIJIx_SRTiZ4jARjx7Hv9QMrmw,Bite and Bond,供应早餐,是
ChIJIx_SRTiZ4jARjx7Hv9QMrmw,Bite and Bond,供应早午餐,是
ChIJIx_SRTiZ4jARjx7Hv9QMrmw,Bite and Bond,供应午餐,是
ChIJIx_SRTiZ4jARjx7Hv9QMrmw,Bite and Bond,供应咖啡,是
ChIJIx_SRTiZ4jARjx7Hv9QMrmw,Bite and Bond,供应甜品,是
ChIJIx_SRTiZ4jARjx7Hv9QMrmw,Bite and Bond,供应啤酒,否
ChIJIx_SRTiZ4jARjx7Hv9QMrmw,Bite and Bond,供应鸡尾酒,否
ChIJIx_SRTiZ4jARjx7Hv9QMrmw,Bite and Bond,供应葡萄酒,否
ChIJIx_SRTiZ4jARjx7Hv9QMrmw,Bite and Bond,现场音乐,否
ChIJIx_SRTiZ4jARjx7Hv9QMrmw,Bite and Bond,适合团体,是
ChIJlaHpMpKZ4jARF6mlIwCPXgI,Craftsman Roastery at Old Town,适合观看体育,否
ChIJlaHpMpKZ4jARF6mlIwCPXgI,Craftsman Roastery at Old Town,有洗手间,是
ChIJlaHpMpKZ4jARF6mlIwCPXgI,Craftsman Roastery at Old Town,外带,是
ChIJlaHpMpKZ4jARF6mlIwCPXgI,Craftsman Roastery at Old Town,配送,是
ChIJlaHpMpKZ4jARF6mlIwCPXgI,Craftsman Roastery at Old Town,堂食,是
ChIJlaHpMpKZ4jARF6mlIwCPXgI,Craftsman Roastery at Old Town,供应早午餐,是
ChIJlaHpMpKZ4jARF6mlIwCPXgI,Craftsman Roastery at Old Town,供应咖啡,是
ChIJlaHpMpKZ4jARF6mlIwCPXgI,Craftsman Roastery at Old Town,供应甜品,是
ChIJlaHpMpKZ4jARF6mlIwCPXgI,Craftsman Roastery at Old Town,供应啤酒,是
ChIJlaHpMpKZ4jARF6mlIwCPXgI,Craftsman Roastery at Old Town,供应素食,是
ChIJlaHpMpKZ4jARF6mlIwCPXgI,Craftsman Roastery at Old Town,现场音乐,否
ChIJlaHpMpKZ4jARF6mlIwCPXgI,Craftsman Roastery at Old Town,允许携带宠物,是
ChIJlaHpMpKZ4jARF6mlIwCPXgI,Craftsman Roastery at Old Town,适合团体,是
ChIJM8aSiw6Z4jAR4D1VRAr6kqs,JEDI Café & Bar,适合观看体育,否
ChIJM8aSiw6Z4jAR4D1VRAr6kqs,JEDI Café & Bar,有洗手间,是
ChIJM8aSiw6Z4jAR4D1VRAr6kqs,JEDI Café & Bar,户外座位,是
ChIJM8aSiw6Z4jAR4D1VRAr6kqs,JEDI Café & Bar,配送,是
ChIJM8aSiw6Z4jAR4D1VRAr6kqs,JEDI Café & Bar,堂食,是
ChIJM8aSiw6Z4jAR4D1VRAr6kqs,JEDI Café & Bar,供应早午餐,是
ChIJM8aSiw6Z4jAR4D1VRAr6kqs,JEDI Café & Bar,供应咖啡,是
ChIJM8aSiw6Z4jAR4D1VRAr6kqs,JEDI Café & Bar,供应甜品,是
ChIJM8aSiw6Z4jAR4D1VRAr6kqs,JEDI Café & Bar,供应啤酒,是
ChIJM8aSiw6Z4jAR4D1VRAr6kqs,JEDI Café & Bar,供应鸡尾酒,是
ChIJM8aSiw6Z4jAR4D1VRAr6kqs,JEDI Café & Bar,现场音乐,是
ChIJM8aSiw6Z4jAR4D1VRAr6kqs,JEDI Café & Bar,无障碍入口,否
ChIJM8aSiw6Z4jAR4D1VRAr6kqs,JEDI Café & Bar,无障碍停车,否
ChIJM8aSiw6Z4jAR4D1VRAr6kqs,JEDI Café & Bar,可预约,是
ChIJM8aSiw6Z4jAR4D1VRAr6kqs,JEDI Café & Bar,允许携带宠物,是
ChIJM8aSiw6Z4jAR4D1VRAr6kqs,JEDI Café & Bar,适合团体,是
ChIJHdQm8CKZ4jARSeplrVUwAtg,PAULETTE BKK,适合观看体育,否
ChIJHdQm8CKZ4jARSeplrVUwAtg,PAULETTE BKK,有洗手间,是
ChIJHdQm8CKZ4jARSeplrVUwAtg,PAULETTE BKK,户外座位,是
ChIJHdQm8CKZ4jARSeplrVUwAtg,PAULETTE BKK,外带,是
ChIJHdQm8CKZ4jARSeplrVUwAtg,PAULETTE BKK,配送,是
ChIJHdQm8CKZ4jARSeplrVUwAtg,PAULETTE BKK,堂食,是
ChIJHdQm8CKZ4jARSeplrVUwAtg,PAULETTE BKK,路边取餐,是
ChIJHdQm8CKZ4jARSeplrVUwAtg,PAULETTE BKK,供应咖啡,是
ChIJHdQm8CKZ4jARSeplrVUwAtg,PAULETTE BKK,供应甜品,是
ChIJHdQm8CKZ4jARSeplrVUwAtg,PAULETTE BKK,现场音乐,否
ChIJHdQm8CKZ4jARSeplrVUwAtg,PAULETTE BKK,可预约,是
ChIJA5odpJGZ4jARVE5a7dk0NNU,ติ๋มนมสด ประตูผี TimNomSod,适合儿童,是
ChIJA5odpJGZ4jARVE5a7dk0NNU,ติ๋มนมสด ประตูผี TimNomSod,适合观看体育,否
ChIJA5odpJGZ4jARVE5a7dk0NNU,ติ๋มนมสด ประตูผี TimNomSod,有洗手间,是
ChIJA5odpJGZ4jARVE5a7dk0NNU,ติ๋มนมสด ประตูผี TimNomSod,户外座位,是
ChIJA5odpJGZ4jARVE5a7dk0NNU,ติ๋มนมสด ประตูผี TimNomSod,外带,是
ChIJA5odpJGZ4jARVE5a7dk0NNU,ติ๋มนมสด ประตูผี TimNomSod,配送,是
ChIJA5odpJGZ4jARVE5a7dk0NNU,ติ๋มนมสด ประตูผี TimNomSod,堂食,是
ChIJA5odpJGZ4jARVE5a7dk0NNU,ติ๋มนมสด ประตูผี TimNomSod,路边取餐,否
ChIJA5odpJGZ4jARVE5a7dk0NNU,ติ๋มนมสด ประตูผี TimNomSod,供应早餐,否
ChIJA5odpJGZ4jARVE5a7dk0NNU,ติ๋มนมสด ประตูผี TimNomSod,供应早午餐,否
ChIJA5odpJGZ4jARVE5a7dk0NNU,ติ๋มนมสด ประตูผี TimNomSod,供应午餐,否
ChIJA5odpJGZ4jARVE5a7dk0NNU,ติ๋มนมสด ประตูผี TimNomSod,供应甜品,是
ChIJA5odpJGZ4jARVE5a7dk0NNU,ติ๋มนมสด ประตูผี TimNomSod,供应啤酒,否
ChIJA5odpJGZ4jARVE5a7dk0NNU,ติ๋มนมสด ประตูผี TimNomSod,供应鸡尾酒,否
ChIJA5odpJGZ4jARVE5a7dk0NNU,ติ๋มนมสด ประตูผี TimNomSod,供应葡萄酒,否
ChIJA5odpJGZ4jARVE5a7dk0NNU,ติ๋มนมสด ประตูผี TimNomSod,供应素食,否
ChIJA5odpJGZ4jARVE5a7dk0NNU,ติ๋มนมสด ประตูผี TimNomSod,现场音乐,否
ChIJA5odpJGZ4jARVE5a7dk0NNU,ติ๋มนมสด ประตูผี TimNomSod,无障碍入口,是
ChIJA5odpJGZ4jARVE5a7dk0NNU,ติ๋มนมสด ประตูผี TimNomSod,无障碍停车,是
ChIJA5odpJGZ4jARVE5a7dk0NNU,ติ๋มนมสด ประตูผี TimNomSod,无障碍座位,是
ChIJA5odpJGZ4jARVE5a7dk0NNU,ติ๋มนมสด ประตูผี TimNomSod,可预约,否
ChIJA5odpJGZ4jARVE5a7dk0NNU,ติ๋มนมสด ประตูผี TimNomSod,允许携带宠物,是
ChIJA5odpJGZ4jARVE5a7dk0NNU,ติ๋มนมสด ประตูผี TimNomSod,供应晚餐,是
ChIJn1V7zAWZ4jAR6jYIe2mEPVs,Make Me Mango Tha Tian,无障碍入口,否
ChIJn1V7zAWZ4jAR6jYIe2mEPVs,Make Me Mango Tha Tian,无障碍停车,否
ChIJn1V7zAWZ4jAR6jYIe2mEPVs,Make Me Mango Tha Tian,无障碍座位,否
ChIJJTRV01eZ4jARKgSTdyHmgXM,Namtaohuu Pu Pla (Pratu Phee),无障碍入口,否
ChIJJTRV01eZ4jARKgSTdyHmgXM,Namtaohuu Pu Pla (Pratu Phee),无障碍停车,否
ChIJJTRV01eZ4jARKgSTdyHmgXM,Namtaohuu Pu Pla (Pratu Phee),无障碍座位,否
ChIJJTRV01eZ4jARKgSTdyHmgXM,Namtaohuu Pu Pla (Pratu Phee),可预约,否
ChIJJTRV01eZ4jARKgSTdyHmgXM,Namtaohuu Pu Pla (Pratu Phee),无障碍洗手间,否
ChIJaSwJ-ROZ4jARdf-uaXhXerk,Sister Ni's Glazed Taro,无障碍入口,否
ChIJaSwJ-ROZ4jARdf-uaXhXerk,Sister Ni's Glazed Taro,无障碍停车,否
ChIJaSwJ-ROZ4jARdf-uaXhXerk,Sister Ni's Glazed Taro,无障碍座位,否
ChIJMf5R3fKZ4jAR2u3T8ESth9k,The Gingerbread House,无障碍入口,否
ChIJMf5R3fKZ4jAR2u3T8ESth9k,The Gingerbread House,无障碍停车,否
ChIJMf5R3fKZ4jAR2u3T8ESth9k,The Gingerbread House,无障碍座位,否
ChIJMf5R3fKZ4jAR2u3T8ESth9k,The Gingerbread House,可预约,是
ChIJ9T_9n6KZ4jARN7IQrBZfU4Q,YONG THONG MUAN,无障碍停车,否
ChIJ9T_9n6KZ4jARN7IQrBZfU4Q,YONG THONG MUAN,无障碍座位,否
ChIJGQFqrZmZ4jARwwHduPbYON0,บรรพชน Bun Bar Chon,无障碍入口,否
ChIJGQFqrZmZ4jARwwHduPbYON0,บรรพชน Bun Bar Chon,无障碍停车,否
ChIJa0NEkBGZ4jARK8fGc1AlX4k,ร้านลุงแดง,无障碍入口,否
ChIJa0NEkBGZ4jARK8fGc1AlX4k,ร้านลุงแดง,无障碍停车,否
ChIJwRAK_ROZ4jARWU9_PMXsGxc,清心丸,无障碍入口,否
ChIJwRAK_ROZ4jARWU9_PMXsGxc,清心丸,无障碍停车,否
ChIJEaEgTciZ4jARvfLcTotjQqY,Heiwa Kissa,适合儿童,是
ChIJEaEgTciZ4jARvfLcTotjQqY,Heiwa Kissa,适合观看体育,否
ChIJEaEgTciZ4jARvfLcTotjQqY,Heiwa Kissa,有洗手间,是
ChIJEaEgTciZ4jARvfLcTotjQqY,Heiwa Kissa,外带,是
ChIJEaEgTciZ4jARvfLcTotjQqY,Heiwa Kissa,配送,是
ChIJEaEgTciZ4jARvfLcTotjQqY,Heiwa Kissa,堂食,是
ChIJEaEgTciZ4jARvfLcTotjQqY,Heiwa Kissa,路边取餐,否
ChIJEaEgTciZ4jARvfLcTotjQqY,Heiwa Kissa,供应早餐,是
ChIJEaEgTciZ4jARvfLcTotjQqY,Heiwa Kissa,供应早午餐,是
ChIJEaEgTciZ4jARvfLcTotjQqY,Heiwa Kissa,供应午餐,是
ChIJEaEgTciZ4jARvfLcTotjQqY,Heiwa Kissa,供应咖啡,是
ChIJEaEgTciZ4jARvfLcTotjQqY,Heiwa Kissa,供应甜品,是
ChIJEaEgTciZ4jARvfLcTotjQqY,Heiwa Kissa,现场音乐,否
ChIJEaEgTciZ4jARvfLcTotjQqY,Heiwa Kissa,无障碍入口,否
ChIJEaEgTciZ4jARvfLcTotjQqY,Heiwa Kissa,无障碍停车,否
ChIJEaEgTciZ4jARvfLcTotjQqY,Heiwa Kissa,无障碍座位,否
ChIJEaEgTciZ4jARvfLcTotjQqY,Heiwa Kissa,供应晚餐,否
ChIJEaEgTciZ4jARvfLcTotjQqY,Heiwa Kissa,无障碍洗手间,否
ChIJWZU0mRGZ4jARFdWbuetBFRo,K. Panich Sticky Rice,有洗手间,否
ChIJWZU0mRGZ4jARFdWbuetBFRo,K. Panich Sticky Rice,外带,是
ChIJWZU0mRGZ4jARFdWbuetBFRo,K. Panich Sticky Rice,配送,是
ChIJWZU0mRGZ4jARFdWbuetBFRo,K. Panich Sticky Rice,堂食,是
ChIJWZU0mRGZ4jARFdWbuetBFRo,K. Panich Sticky Rice,供应早餐,是
ChIJWZU0mRGZ4jARFdWbuetBFRo,K. Panich Sticky Rice,供应早午餐,否
ChIJWZU0mRGZ4jARFdWbuetBFRo,K. Panich Sticky Rice,供应午餐,否
ChIJWZU0mRGZ4jARFdWbuetBFRo,K. Panich Sticky Rice,供应甜品,是
ChIJWZU0mRGZ4jARFdWbuetBFRo,K. Panich Sticky Rice,供应啤酒,否
ChIJWZU0mRGZ4jARFdWbuetBFRo,K. Panich Sticky Rice,供应鸡尾酒,否
ChIJWZU0mRGZ4jARFdWbuetBFRo,K. Panich Sticky Rice,供应葡萄酒,否
ChIJWZU0mRGZ4jARFdWbuetBFRo,K. Panich Sticky Rice,无障碍入口,否
ChIJWZU0mRGZ4jARFdWbuetBFRo,K. Panich Sticky Rice,无障碍停车,否
ChIJWZU0mRGZ4jARFdWbuetBFRo,K. Panich Sticky Rice,可预约,否
ChIJ4bKx4ymZ4jARDJgMkAYFKGw,Dim sum zai,适合儿童,否
ChIJ4bKx4ymZ4jARDJgMkAYFKGw,Dim sum zai,适合观看体育,否
ChIJ4bKx4ymZ4jARDJgMkAYFKGw,Dim sum zai,有洗手间,是
ChIJ4bKx4ymZ4jARDJgMkAYFKGw,Dim sum zai,户外座位,是
ChIJ4bKx4ymZ4jARDJgMkAYFKGw,Dim sum zai,外带,是
ChIJ4bKx4ymZ4jARDJgMkAYFKGw,Dim sum zai,配送,是
ChIJ4bKx4ymZ4jARDJgMkAYFKGw,Dim sum zai,堂食,是
ChIJ4bKx4ymZ4jARDJgMkAYFKGw,Dim sum zai,路边取餐,是
ChIJ4bKx4ymZ4jARDJgMkAYFKGw,Dim sum zai,供应早午餐,是
ChIJ4bKx4ymZ4jARDJgMkAYFKGw,Dim sum zai,供应午餐,是
ChIJ4bKx4ymZ4jARDJgMkAYFKGw,Dim sum zai,供应咖啡,否
ChIJ4bKx4ymZ4jARDJgMkAYFKGw,Dim sum zai,供应啤酒,否
ChIJ4bKx4ymZ4jARDJgMkAYFKGw,Dim sum zai,供应鸡尾酒,否
ChIJ4bKx4ymZ4jARDJgMkAYFKGw,Dim sum zai,供应葡萄酒,否
ChIJ4bKx4ymZ4jARDJgMkAYFKGw,Dim sum zai,现场音乐,否
ChIJ4bKx4ymZ4jARDJgMkAYFKGw,Dim sum zai,适合团体,是
ChIJ4bKx4ymZ4jARDJgMkAYFKGw,Dim sum zai,供应晚餐,是
ChIJuXuaKmmZ4jARBjQskgg7sjU,Tinn feng,可预约,是
ChIJ0zW2RyKZ4jARGEFNs2z1XY0,和成豐,无障碍入口,否
ChIJ0zW2RyKZ4jARGEFNs2z1XY0,和成豐,无障碍停车,否
ChIJ0zW2RyKZ4jARGEFNs2z1XY0,和成豐,可预约,是
ChIJOdVuNyKZ4jAR7c071SJ47V4,Hua Seng Hong Yaowarat Old Market （和成丰）,无障碍停车,否
ChIJJeX27hmZ4jAR_cNwDIXJvLA,Chicken Fried Noodle Chae Hua Khua Kai,无障碍座位,否
ChIJMUHLwRCZ4jARRseViD_DhvM,Jae Pook Clear Soup with Pork Blood,无障碍入口,否
ChIJMUHLwRCZ4jARRseViD_DhvM,Jae Pook Clear Soup with Pork Blood,无障碍停车,否
ChIJfR9ITj2Z4jAROm2gmLmsDbg,ข้าวหมูแดงนครสนุก สี่แยกวรจักร,无障碍停车,否
ChIJ6ydnZBSZ4jARLbL82mkDWOU,ต้มเลือดหมูศาลเจ้าพ่อเสือ,无障碍入口,是
ChIJ6ydnZBSZ4jARLbL82mkDWOU,ต้มเลือดหมูศาลเจ้าพ่อเสือ,无障碍停车,是
ChIJ3wJOGSKZ4jARmUiJgWKmM3I,肯德基,无障碍入口,是
ChIJ3wJOGSKZ4jARmUiJgWKmM3I,肯德基,无障碍停车,是
ChIJBxZWTxqZ4jARsWkRLw21jjI,肯德基,无障碍入口,是
ChIJBxZWTxqZ4jARsWkRLw21jjI,肯德基,无障碍停车,是
ChIJBxZWTxqZ4jARsWkRLw21jjI,肯德基,无障碍洗手间,是
ChIJ9bT1nxSZ4jARwm-mmZPS82Y,麦当劳,适合儿童,是
ChIJ9bT1nxSZ4jARwm-mmZPS82Y,麦当劳,有洗手间,是
ChIJ9bT1nxSZ4jARwm-mmZPS82Y,麦当劳,户外座位,否
ChIJ9bT1nxSZ4jARwm-mmZPS82Y,麦当劳,外带,是
ChIJ9bT1nxSZ4jARwm-mmZPS82Y,麦当劳,配送,是
ChIJ9bT1nxSZ4jARwm-mmZPS82Y,麦当劳,堂食,是
ChIJ9bT1nxSZ4jARwm-mmZPS82Y,麦当劳,供应早餐,是
ChIJ9bT1nxSZ4jARwm-mmZPS82Y,麦当劳,供应午餐,是
ChIJ9bT1nxSZ4jARwm-mmZPS82Y,麦当劳,供应咖啡,是
ChIJ9bT1nxSZ4jARwm-mmZPS82Y,麦当劳,供应甜品,是
ChIJ9bT1nxSZ4jARwm-mmZPS82Y,麦当劳,供应啤酒,否
ChIJ9bT1nxSZ4jARwm-mmZPS82Y,麦当劳,供应葡萄酒,否
ChIJ9bT1nxSZ4jARwm-mmZPS82Y,麦当劳,允许携带宠物,否
ChIJ9bT1nxSZ4jARwm-mmZPS82Y,麦当劳,适合团体,是
ChIJ9bT1nxSZ4jARwm-mmZPS82Y,麦当劳,供应晚餐,是
ChIJ9bT1nxSZ4jARwm-mmZPS82Y,麦当劳,无障碍洗手间,是
ChIJZ7ypIhqZ4jARoO1dpr_QC5k,麦当劳,适合儿童,是
ChIJZ7ypIhqZ4jARoO1dpr_QC5k,麦当劳,有洗手间,是
ChIJZ7ypIhqZ4jARoO1dpr_QC5k,麦当劳,户外座位,否
ChIJZ7ypIhqZ4jARoO1dpr_QC5k,麦当劳,外带,是
ChIJZ7ypIhqZ4jARoO1dpr_QC5k,麦当劳,配送,是
ChIJZ7ypIhqZ4jARoO1dpr_QC5k,麦当劳,堂食,是
ChIJZ7ypIhqZ4jARoO1dpr_QC5k,麦当劳,供应早餐,是
ChIJZ7ypIhqZ4jARoO1dpr_QC5k,麦当劳,供应午餐,是
ChIJZ7ypIhqZ4jARoO1dpr_QC5k,麦当劳,供应咖啡,是
ChIJZ7ypIhqZ4jARoO1dpr_QC5k,麦当劳,供应甜品,是
ChIJZ7ypIhqZ4jARoO1dpr_QC5k,麦当劳,供应啤酒,否
ChIJZ7ypIhqZ4jARoO1dpr_QC5k,麦当劳,供应葡萄酒,否
ChIJZ7ypIhqZ4jARoO1dpr_QC5k,麦当劳,无障碍入口,是
ChIJZ7ypIhqZ4jARoO1dpr_QC5k,麦当劳,允许携带宠物,否
ChIJZ7ypIhqZ4jARoO1dpr_QC5k,麦当劳,适合团体,是
ChIJZ7ypIhqZ4jARoO1dpr_QC5k,麦当劳,供应晚餐,是
ChIJZ7ypIhqZ4jARoO1dpr_QC5k,麦当劳,无障碍洗手间,是
ChIJp5a91RKZ4jARZYnm5tXU63c,麦当劳,无障碍洗手间,是
ChIJe_d6d0OZ4jARL0uQgNHQRPI,Nusara,可预约,是
ChIJX3aTlQuZ4jARuBMJ5me3lUY,The Deck by Arun Residence,无障碍入口,否
ChIJX3aTlQuZ4jARuBMJ5me3lUY,The Deck by Arun Residence,无障碍停车,否
ChIJX3aTlQuZ4jARuBMJ5me3lUY,The Deck by Arun Residence,无障碍座位,否
ChIJX3aTlQuZ4jARuBMJ5me3lUY,The Deck by Arun Residence,可预约,是
ChIJX3aTlQuZ4jARuBMJ5me3lUY,The Deck by Arun Residence,无障碍洗手间,是
ChIJy5eJGBuZ4jARG_FNE-caKnQ,Burin Burger & Steak,无障碍入口,否
ChIJy5eJGBuZ4jARG_FNE-caKnQ,Burin Burger & Steak,无障碍停车,否
ChIJy5eJGBuZ4jARG_FNE-caKnQ,Burin Burger & Steak,无障碍座位,否
ChIJy5eJGBuZ4jARG_FNE-caKnQ,Burin Burger & Steak,可预约,是
ChIJxdZW4BmZ4jAR9LMNu0OjKm0,POM Bakehouse Burger,无障碍入口,否
ChIJxdZW4BmZ4jAR9LMNu0OjKm0,POM Bakehouse Burger,无障碍停车,否
ChIJxdZW4BmZ4jAR9LMNu0OjKm0,POM Bakehouse Burger,无障碍座位,否
ChIJxdZW4BmZ4jAR9LMNu0OjKm0,POM Bakehouse Burger,无障碍洗手间,否
ChIJEz-YytSZ4jARmVFNKRldzU0,The Fat Cow Yaowarat,无障碍入口,是
ChIJEz-YytSZ4jARmVFNKRldzU0,The Fat Cow Yaowarat,无障碍停车,否
ChIJEz-YytSZ4jARmVFNKRldzU0,The Fat Cow Yaowarat,无障碍座位,否
ChIJEz-YytSZ4jARmVFNKRldzU0,The Fat Cow Yaowarat,可预约,是
ChIJEz-YytSZ4jARmVFNKRldzU0,The Fat Cow Yaowarat,无障碍洗手间,否
ChIJo1gkbiGZ4jARQIttKdUSZko,Texas Suki,无障碍入口,是
ChIJo1gkbiGZ4jARQIttKdUSZko,Texas Suki,无障碍座位,是
ChIJo1gkbiGZ4jARQIttKdUSZko,Texas Suki,可预约,是
ChIJo1gkbiGZ4jARQIttKdUSZko,Texas Suki,无障碍洗手间,是
ChIJ5VJGvhGZ4jARSBZl5Kc7a2k,Nuttaporn Ice Cream,适合儿童,是
ChIJ5VJGvhGZ4jARSBZl5Kc7a2k,Nuttaporn Ice Cream,有洗手间,否
ChIJ5VJGvhGZ4jARSBZl5Kc7a2k,Nuttaporn Ice Cream,外带,是
ChIJ5VJGvhGZ4jARSBZl5Kc7a2k,Nuttaporn Ice Cream,供应咖啡,否
ChIJ5VJGvhGZ4jARSBZl5Kc7a2k,Nuttaporn Ice Cream,无障碍入口,否
ChIJ5VJGvhGZ4jARSBZl5Kc7a2k,Nuttaporn Ice Cream,无障碍停车,否
ChIJOfe-YBmZ4jARQzMxgfh2Vms,"Mama Restaurant | Best Indian Food Restaurant Bangkok, Thailand | Top-Rated, Famous, Nonthai, Indian Chef Punjabi Restaurants",无障碍入口,是
ChIJOfe-YBmZ4jARQzMxgfh2Vms,"Mama Restaurant | Best Indian Food Restaurant Bangkok, Thailand | Top-Rated, Famous, Nonthai, Indian Chef Punjabi Restaurants",无障碍停车,否
ChIJOfe-YBmZ4jARQzMxgfh2Vms,"Mama Restaurant | Best Indian Food Restaurant Bangkok, Thailand | Top-Rated, Famous, Nonthai, Indian Chef Punjabi Restaurants",可预约,是
ChIJyTQZYBmZ4jARio5xtaxdJfM,Royal India Phahurat,无障碍入口,否
ChIJyTQZYBmZ4jARio5xtaxdJfM,Royal India Phahurat,无障碍停车,否
ChIJyTQZYBmZ4jARio5xtaxdJfM,Royal India Phahurat,可预约,是
ChIJ3RqpyRuZ4jARcxjO7RUjGXM,Royal Rasoi,无障碍停车,否
ChIJ3RqpyRuZ4jARcxjO7RUjGXM,Royal Rasoi,可预约,是
ChIJcWDPTW2Z4jARLKFgGEosdyY,Taste of India Bangkok,无障碍入口,否
ChIJcWDPTW2Z4jARLKFgGEosdyY,Taste of India Bangkok,无障碍停车,否
ChIJcWDPTW2Z4jARLKFgGEosdyY,Taste of India Bangkok,无障碍座位,否
ChIJcWDPTW2Z4jARLKFgGEosdyY,Taste of India Bangkok,可预约,是
ChIJL4XJg_6Z4jARCVEPNFZkNNw,The Indian Spice And Herbs,可预约,是
ChIJ_8tKmWaZ4jARQ7Eafuw47Jw,Zafran Eatery (Indian Food),无障碍座位,否
ChIJ_8tKmWaZ4jARQ7Eafuw47Jw,Zafran Eatery (Indian Food),可预约,是
ChIJAdpVtRKZ4jARE9d1st_zPYg,Mulligans Irish Bar,适合儿童,否
ChIJAdpVtRKZ4jARE9d1st_zPYg,Mulligans Irish Bar,适合观看体育,是
ChIJAdpVtRKZ4jARE9d1st_zPYg,Mulligans Irish Bar,有洗手间,是
ChIJAdpVtRKZ4jARE9d1st_zPYg,Mulligans Irish Bar,户外座位,是
ChIJAdpVtRKZ4jARE9d1st_zPYg,Mulligans Irish Bar,配送,否
ChIJAdpVtRKZ4jARE9d1st_zPYg,Mulligans Irish Bar,堂食,是
ChIJAdpVtRKZ4jARE9d1st_zPYg,Mulligans Irish Bar,供应早餐,否
ChIJAdpVtRKZ4jARE9d1st_zPYg,Mulligans Irish Bar,供应早午餐,是
ChIJAdpVtRKZ4jARE9d1st_zPYg,Mulligans Irish Bar,供应午餐,是
ChIJAdpVtRKZ4jARE9d1st_zPYg,Mulligans Irish Bar,供应咖啡,是
ChIJAdpVtRKZ4jARE9d1st_zPYg,Mulligans Irish Bar,供应甜品,是
ChIJAdpVtRKZ4jARE9d1st_zPYg,Mulligans Irish Bar,供应啤酒,是
ChIJAdpVtRKZ4jARE9d1st_zPYg,Mulligans Irish Bar,供应鸡尾酒,是
ChIJAdpVtRKZ4jARE9d1st_zPYg,Mulligans Irish Bar,供应葡萄酒,是
ChIJAdpVtRKZ4jARE9d1st_zPYg,Mulligans Irish Bar,现场音乐,是
ChIJAdpVtRKZ4jARE9d1st_zPYg,Mulligans Irish Bar,无障碍入口,否
ChIJAdpVtRKZ4jARE9d1st_zPYg,Mulligans Irish Bar,无障碍停车,否
ChIJAdpVtRKZ4jARE9d1st_zPYg,Mulligans Irish Bar,可预约,是
ChIJAdpVtRKZ4jARE9d1st_zPYg,Mulligans Irish Bar,允许携带宠物,否
ChIJAdpVtRKZ4jARE9d1st_zPYg,Mulligans Irish Bar,适合团体,是
ChIJAdpVtRKZ4jARE9d1st_zPYg,Mulligans Irish Bar,供应晚餐,是
ChIJBTEBVQ2Z4jARb9C7Moe9QwM,Ranee's Velo Restaurant,无障碍停车,否
ChIJBTEBVQ2Z4jARb9C7Moe9QwM,Ranee's Velo Restaurant,无障碍座位,是
ChIJBTEBVQ2Z4jARb9C7Moe9QwM,Ranee's Velo Restaurant,可预约,是
ChIJZ4Qypz-Z4jARGp7oxo3MMqQ,Seven Spoons,无障碍入口,否
ChIJZ4Qypz-Z4jARGp7oxo3MMqQ,Seven Spoons,无障碍停车,否
ChIJZ4Qypz-Z4jARGp7oxo3MMqQ,Seven Spoons,可预约,是
ChIJy0eMgASZ4jARKKimWSqQwwE,Vicecity khaosan,可预约,是
ChIJXYKPQjuZ4jARL5W1S-jf9-E,NAGIYA Yodpiman Riverwalk,无障碍入口,是
ChIJXYKPQjuZ4jARL5W1S-jf9-E,NAGIYA Yodpiman Riverwalk,无障碍停车,是
ChIJXYKPQjuZ4jARL5W1S-jf9-E,NAGIYA Yodpiman Riverwalk,无障碍座位,是
ChIJXYKPQjuZ4jARL5W1S-jf9-E,NAGIYA Yodpiman Riverwalk,可预约,是
ChIJXYKPQjuZ4jARL5W1S-jf9-E,NAGIYA Yodpiman Riverwalk,无障碍洗手间,是
ChIJX-pR_WOZ4jARPFWIHY1eJlw,Hinata at Yodpiman,可预约,是
ChIJDZrLNDJgHTER3F-8uWheFbE,Holy Fish Japanese Restaurant,无障碍入口,否
ChIJtbcHLJCZ4jARtUoRp5Z2J0A,สวยแซ่บออนไลน์ by may (ยำแซ่บแม่เมย์),无障碍入口,是
ChIJtbcHLJCZ4jARtUoRp5Z2J0A,สวยแซ่บออนไลน์ by may (ยำแซ่บแม่เมย์),无障碍停车,是
ChIJtbcHLJCZ4jARtUoRp5Z2J0A,สวยแซ่บออนไลน์ by may (ยำแซ่บแม่เมย์),可预约,是
ChIJafAYy9-Z4jAReIDh-vyqE6Q,โจ้กับแกล้ม JoeGubglam,可预约,是
ChIJsaGUmRmZ4jAR10vT_WZky4I,ข้าวแกงตาเหน่ง,无障碍停车,否
ChIJsaGUmRmZ4jAR10vT_WZky4I,ข้าวแกงตาเหน่ง,无障碍座位,否
ChIJq6erISKZ4jARF4ApKvF8k50,紅姐,无障碍停车,否
ChIJq6erISKZ4jARF4ApKvF8k50,紅姐,无障碍座位,否
ChIJP05uSiOZ4jARd53xV1UgGp8,Ann Guay Tiew Kua Gai,无障碍入口,否
ChIJP05uSiOZ4jARd53xV1UgGp8,Ann Guay Tiew Kua Gai,无障碍停车,否
ChIJMz6-zTyZ4jARhZlPwWu2p2Q,Aroy Rim Tang,无障碍入口,否
ChIJMz6-zTyZ4jARhZlPwWu2p2Q,Aroy Rim Tang,无障碍停车,否
ChIJ_f2SjiGZ4jARZ_oV924fllg,Guay Jub Ouan Pochana,无障碍入口,否
ChIJ_f2SjiGZ4jARZ_oV924fllg,Guay Jub Ouan Pochana,无障碍停车,否
ChIJiweh9AqZ4jARJVs-PQJMpKI,Jae Malee Noodles,无障碍入口,否
ChIJiweh9AqZ4jARJVs-PQJMpKI,Jae Malee Noodles,无障碍停车,否
ChIJyU44_BqZ4jAR6mBb2D5P5k8,Jeng Kung Fish Ball Noodle,无障碍入口,否
ChIJyU44_BqZ4jAR6mBb2D5P5k8,Jeng Kung Fish Ball Noodle,无障碍停车,否
ChIJAeSw3ROZ4jARDkZrxFVX6JI,Kolun.h,有洗手间,否
ChIJAeSw3ROZ4jARDkZrxFVX6JI,Kolun.h,外带,是
ChIJAeSw3ROZ4jARDkZrxFVX6JI,Kolun.h,配送,是
ChIJAeSw3ROZ4jARDkZrxFVX6JI,Kolun.h,堂食,是
ChIJAeSw3ROZ4jARDkZrxFVX6JI,Kolun.h,供应甜品,否
ChIJAeSw3ROZ4jARDkZrxFVX6JI,Kolun.h,无障碍入口,否
ChIJAeSw3ROZ4jARDkZrxFVX6JI,Kolun.h,无障碍停车,否
ChIJy-v0q2qZ4jARqlQO1q-2LjI,Kuay Teow Kua Gai Aunty Pien,有洗手间,否
ChIJy-v0q2qZ4jARqlQO1q-2LjI,Kuay Teow Kua Gai Aunty Pien,外带,是
ChIJy-v0q2qZ4jARqlQO1q-2LjI,Kuay Teow Kua Gai Aunty Pien,堂食,是
ChIJy-v0q2qZ4jARqlQO1q-2LjI,Kuay Teow Kua Gai Aunty Pien,供应甜品,否
ChIJy-v0q2qZ4jARqlQO1q-2LjI,Kuay Teow Kua Gai Aunty Pien,无障碍停车,否
ChIJR0Vx-zyZ4jARbLPfIkQ5gYU,Kuay Tiew Kua Kai Jae Keng Jae Ngim,无障碍入口,否
ChIJR0Vx-zyZ4jARbLPfIkQ5gYU,Kuay Tiew Kua Kai Jae Keng Jae Ngim,无障碍停车,否
ChIJaUWDSSOZ4jAROEEYgiZgP8U,Kuaytiaw Khua Kai Suan Mali Chicken Noodle at Klang Hospital Junction,无障碍入口,否
ChIJaUWDSSOZ4jAROEEYgiZgP8U,Kuaytiaw Khua Kai Suan Mali Chicken Noodle at Klang Hospital Junction,无障碍停车,否
ChIJ5a5-eBaZ4jARZPKdlOZ_o3g,Lueng Pha Pad Thai,无障碍入口,否
ChIJ5a5-eBaZ4jARZPKdlOZ_o3g,Lueng Pha Pad Thai,无障碍停车,否
ChIJqf3idSGZ4jAR2rKmc655Qmk,Nai Ek Roll Noodle,无障碍入口,否
ChIJqf3idSGZ4jAR2rKmc655Qmk,Nai Ek Roll Noodle,无障碍停车,否
ChIJ0eCVmRqZ4jARFS10bMedgUY,Nai Khong Noodle,无障碍停车,否
ChIJgwy3RCKZ4jAR_ojj9w1vhVQ,Nai Mao Duck Noodles,无障碍入口,否
ChIJgwy3RCKZ4jAR_ojj9w1vhVQ,Nai Mao Duck Noodles,无障碍停车,否
ChIJJy7IpBSZ4jARJOWMygJHVfM,Pad Thai Fai Ta Lu (Dinso Rd),有洗手间,是
ChIJJy7IpBSZ4jARJOWMygJHVfM,Pad Thai Fai Ta Lu (Dinso Rd),外带,是
ChIJJy7IpBSZ4jARJOWMygJHVfM,Pad Thai Fai Ta Lu (Dinso Rd),配送,是
ChIJJy7IpBSZ4jARJOWMygJHVfM,Pad Thai Fai Ta Lu (Dinso Rd),堂食,是
ChIJJy7IpBSZ4jARJOWMygJHVfM,Pad Thai Fai Ta Lu (Dinso Rd),供应甜品,否
ChIJJy7IpBSZ4jARJOWMygJHVfM,Pad Thai Fai Ta Lu (Dinso Rd),无障碍入口,否
ChIJJy7IpBSZ4jARJOWMygJHVfM,Pad Thai Fai Ta Lu (Dinso Rd),无障碍停车,否
ChIJFzOMODyZ4jARhDkNsbpwVWc,Saab-Bae Fish Ball Noodle,无障碍入口,否
ChIJFzOMODyZ4jARhDkNsbpwVWc,Saab-Bae Fish Ball Noodle,无障碍停车,否
ChIJFzOMODyZ4jARhDkNsbpwVWc,Saab-Bae Fish Ball Noodle,无障碍洗手间,否
ChIJn0oTEhCZ4jARVI4NHD1YXxk,Sung Phochana,无障碍入口,否
ChIJn0oTEhCZ4jARVI4NHD1YXxk,Sung Phochana,无障碍停车,否
ChIJTSZLYxaZ4jARG79bKajHx1Q,Tee Yen Ta Fo ตี๋เย็นตาโฟรสเด็ด สำราญราษฎร์,无障碍入口,否
ChIJTSZLYxaZ4jARG79bKajHx1Q,Tee Yen Ta Fo ตี๋เย็นตาโฟรสเด็ด สำราญราษฎร์,无障碍停车,否
ChIJxU5YeBaZ4jARvm8EVZYGjGk,Thipsamai Padthai Pratoopee,适合儿童,是
ChIJxU5YeBaZ4jARvm8EVZYGjGk,Thipsamai Padthai Pratoopee,适合观看体育,否
ChIJxU5YeBaZ4jARvm8EVZYGjGk,Thipsamai Padthai Pratoopee,有洗手间,是
ChIJxU5YeBaZ4jARvm8EVZYGjGk,Thipsamai Padthai Pratoopee,户外座位,否
ChIJxU5YeBaZ4jARvm8EVZYGjGk,Thipsamai Padthai Pratoopee,外带,是
ChIJxU5YeBaZ4jARvm8EVZYGjGk,Thipsamai Padthai Pratoopee,配送,是
ChIJxU5YeBaZ4jARvm8EVZYGjGk,Thipsamai Padthai Pratoopee,堂食,是
ChIJxU5YeBaZ4jARvm8EVZYGjGk,Thipsamai Padthai Pratoopee,供应甜品,是
ChIJxU5YeBaZ4jARvm8EVZYGjGk,Thipsamai Padthai Pratoopee,无障碍停车,否
ChIJxU5YeBaZ4jARvm8EVZYGjGk,Thipsamai Padthai Pratoopee,无障碍座位,是
ChIJxU5YeBaZ4jARvm8EVZYGjGk,Thipsamai Padthai Pratoopee,可预约,否
ChIJxU5YeBaZ4jARvm8EVZYGjGk,Thipsamai Padthai Pratoopee,允许携带宠物,否
ChIJxU5YeBaZ4jARvm8EVZYGjGk,Thipsamai Padthai Pratoopee,无障碍洗手间,是
ChIJjWPOGSCZ4jARctTxAhspEIk,Yen Ta Fo Thiam Charoen,无障碍停车,否
ChIJvZMbTjuZ4jARMZgeBZx2CBI,ก๋วยเตี๋ยวคั่วไก่สวนมะลิ เจ๊ทิพย์,无障碍入口,否
ChIJvZMbTjuZ4jARMZgeBZx2CBI,ก๋วยเตี๋ยวคั่วไก่สวนมะลิ เจ๊ทิพย์,无障碍停车,否
ChIJj_8gbxqZ4jARt41n94arX8g,จวงผัดไทย,无障碍停车,否
ChIJo7-3exGZ4jAR_bRU8sOfCuo,นายอ้วนเย็นตาโฟ เสาชิงช้า,有洗手间,是
ChIJo7-3exGZ4jAR_bRU8sOfCuo,นายอ้วนเย็นตาโฟ เสาชิงช้า,外带,是
ChIJo7-3exGZ4jAR_bRU8sOfCuo,นายอ้วนเย็นตาโฟ เสาชิงช้า,配送,是
ChIJo7-3exGZ4jAR_bRU8sOfCuo,นายอ้วนเย็นตาโฟ เสาชิงช้า,堂食,是
ChIJo7-3exGZ4jAR_bRU8sOfCuo,นายอ้วนเย็นตาโฟ เสาชิงช้า,供应甜品,是
ChIJo7-3exGZ4jAR_bRU8sOfCuo,นายอ้วนเย็นตาโฟ เสาชิงช้า,无障碍入口,否
ChIJo7-3exGZ4jAR_bRU8sOfCuo,นายอ้วนเย็นตาโฟ เสาชิงช้า,无障碍停车,否
ChIJo7-3exGZ4jAR_bRU8sOfCuo,นายอ้วนเย็นตาโฟ เสาชิงช้า,允许携带宠物,否
ChIJMQjUMBiZ4jARoQNXjOL2DW8,มาดามตั้งโต๊ะสี ลูกชิ้นปลาอินทรีย์แท้ 100%,无障碍入口,否
ChIJMQjUMBiZ4jARoQNXjOL2DW8,มาดามตั้งโต๊ะสี ลูกชิ้นปลาอินทรีย์แท้ 100%,无障碍停车,否
ChIJJdAk00-Z4jAR1fUZi2RZ_Vk,ราชาก๋วยเตี๋ยวเป็ด ป้อมจักรวรรดิ,无障碍入口,否
ChIJJdAk00-Z4jAR1fUZi2RZ_Vk,ราชาก๋วยเตี๋ยวเป็ด ป้อมจักรวรรดิ,无障碍停车,否
ChIJFeXd3SKZ4jARyMdMCGXUhF0,หลีเฮง เย็นตาโฟ สาขารพ.กลาง,无障碍入口,否
ChIJFeXd3SKZ4jARyMdMCGXUhF0,หลีเฮง เย็นตาโฟ สาขารพ.กลาง,无障碍停车,否
ChIJcyQ7SB-Z4jARd8Kxqb386Po,เฮียปิง ก๋วยเตี๋ยวต้มยำน้ำพริกเผาไข่ยางมะตูม สาขาราชวงศ์,无障碍入口,否
ChIJcyQ7SB-Z4jARd8Kxqb386Po,เฮียปิง ก๋วยเตี๋ยวต้มยำน้ำพริกเผาไข่ยางมะตูม สาขาราชวงศ์,无障碍停车,否
ChIJb7VreoyZ4jARA-hnvxeLsZ0,โลงผีหมี่เกี๊ยว ข้างโรงเรียนวัดสระเกศ,无障碍入口,否
ChIJb7VreoyZ4jARA-hnvxeLsZ0,โลงผีหมี่เกี๊ยว ข้างโรงเรียนวัดสระเกศ,无障碍停车,否
ChIJ-WLr9CGZ4jARupTfwI9F3wg,亚绿粿汁,无障碍入口,否
ChIJ-WLr9CGZ4jARupTfwI9F3wg,亚绿粿汁,无障碍停车,否
ChIJ-WLr9CGZ4jARupTfwI9F3wg,亚绿粿汁,可预约,否
ChIJ5_2cYBmZ4jARtheEXfE6csM,Tony's,无障碍停车,否
ChIJ5_2cYBmZ4jARtheEXfE6csM,Tony's,可预约,否
ChIJ03X0eACZ4jAREajPxa2Nimw,Nuova Pizza and Wine,可预约,是
ChIJMeuKFSOZ4jARUu8H45jcHu8,The Pizza Company พลับพลาไชย,无障碍停车,否
ChIJMeuKFSOZ4jARUu8H45jcHu8,The Pizza Company พลับพลาไชย,可预约,是
ChIJ264jdgqZ4jAREYT_fWuNA2s,168 Thai Restaurant - ศาลเจ้าพ่อเสือ Chao Pho Suea Shrine,可预约,是
ChIJ13qmVv2Z4jARasrRb3-4JLY,AME House Matcha & Donburiสาขาแม้นศรี,可预约,是
ChIJxTopLxOZ4jARpVknS2lBC6E,AT THE HUB,无障碍入口,否
ChIJxTopLxOZ4jARpVknS2lBC6E,AT THE HUB,无障碍停车,否
ChIJxTopLxOZ4jARpVknS2lBC6E,AT THE HUB,无障碍座位,否
ChIJxTopLxOZ4jARpVknS2lBC6E,AT THE HUB,可预约,是
ChIJxTopLxOZ4jARpVknS2lBC6E,AT THE HUB,无障碍洗手间,否
ChIJa6gDbyWZ4jAREBLYCZzTBvc,Annop BKK,可预约,是
ChIJrRdLlhiZ4jARtyMLUAdf1rU,Ao Roasted Pork,无障碍入口,否
ChIJrRdLlhiZ4jARtyMLUAdf1rU,Ao Roasted Pork,无障碍停车,否
ChIJrRdLlhiZ4jARtyMLUAdf1rU,Ao Roasted Pork,无障碍座位,否
ChIJrRdLlhiZ4jARtyMLUAdf1rU,Ao Roasted Pork,可预约,否
ChIJAaaqGx-Z4jARaCGcBdkuiSQ,Ar Liang Dumpling,无障碍座位,否
ChIJAaaqGx-Z4jARaCGcBdkuiSQ,Ar Liang Dumpling,可预约,否
ChIJJTTQdz2Z4jARp7qYi8W8s90,Arsang Fish Ball Noodles,无障碍入口,否
ChIJJTTQdz2Z4jARp7qYi8W8s90,Arsang Fish Ball Noodles,无障碍停车,否
ChIJJTTQdz2Z4jARp7qYi8W8s90,Arsang Fish Ball Noodles,无障碍座位,否
ChIJPWb36AyZ4jAR98-qaNJ4giA,BBQ RoofTop River View,适合儿童,是
ChIJPWb36AyZ4jAR98-qaNJ4giA,BBQ RoofTop River View,适合观看体育,否
ChIJPWb36AyZ4jAR98-qaNJ4giA,BBQ RoofTop River View,有洗手间,是
ChIJPWb36AyZ4jAR98-qaNJ4giA,BBQ RoofTop River View,户外座位,是
ChIJPWb36AyZ4jAR98-qaNJ4giA,BBQ RoofTop River View,外带,否
ChIJPWb36AyZ4jAR98-qaNJ4giA,BBQ RoofTop River View,配送,否
ChIJPWb36AyZ4jAR98-qaNJ4giA,BBQ RoofTop River View,堂食,是
ChIJPWb36AyZ4jAR98-qaNJ4giA,BBQ RoofTop River View,路边取餐,否
ChIJPWb36AyZ4jAR98-qaNJ4giA,BBQ RoofTop River View,供应咖啡,否
ChIJPWb36AyZ4jAR98-qaNJ4giA,BBQ RoofTop River View,供应甜品,是
ChIJPWb36AyZ4jAR98-qaNJ4giA,BBQ RoofTop River View,供应啤酒,是
ChIJPWb36AyZ4jAR98-qaNJ4giA,BBQ RoofTop River View,供应鸡尾酒,否
ChIJPWb36AyZ4jAR98-qaNJ4giA,BBQ RoofTop River View,供应葡萄酒,否
ChIJPWb36AyZ4jAR98-qaNJ4giA,BBQ RoofTop River View,无障碍入口,否
ChIJPWb36AyZ4jAR98-qaNJ4giA,BBQ RoofTop River View,无障碍停车,否
ChIJPWb36AyZ4jAR98-qaNJ4giA,BBQ RoofTop River View,无障碍座位,否
ChIJPWb36AyZ4jAR98-qaNJ4giA,BBQ RoofTop River View,可预约,是
ChIJPWb36AyZ4jAR98-qaNJ4giA,BBQ RoofTop River View,适合团体,是
ChIJPWb36AyZ4jAR98-qaNJ4giA,BBQ RoofTop River View,供应晚餐,是
ChIJ8_OeuzeZ4jARdM2W8yWnCTI,BEST​ SELLER!,可预约,是
ChIJ_yeygxqZ4jARCF8Y5X9DQC4,Bambad Alley Khua Kai / Suki,无障碍入口,否
ChIJ_yeygxqZ4jARCF8Y5X9DQC4,Bambad Alley Khua Kai / Suki,无障碍停车,否
ChIJ_yeygxqZ4jARCF8Y5X9DQC4,Bambad Alley Khua Kai / Suki,无障碍座位,否
ChIJrT-93hSZ4jARwkjO-fb5pmQ,Ban Phanfa,可预约,是
ChIJiw1e3iGZ4jARHpQvHy3CVTQ,Boon Tong Kee The Old Siam Plaza,无障碍入口,是
ChIJiw1e3iGZ4jARHpQvHy3CVTQ,Boon Tong Kee The Old Siam Plaza,无障碍停车,是
ChIJJRxP1guZ4jAR_hGejeCKp5E,CORNER 144,无障碍座位,是
ChIJJRxP1guZ4jAR_hGejeCKp5E,CORNER 144,可预约,是
ChIJjxa1JO6Z4jAR_ZWYcQB6Xv4,Cathay Fish Maw,无障碍入口,否
ChIJjxa1JO6Z4jAR_ZWYcQB6Xv4,Cathay Fish Maw,无障碍停车,否
ChIJjxa1JO6Z4jAR_ZWYcQB6Xv4,Cathay Fish Maw,无障碍座位,否
ChIJjxa1JO6Z4jAR_ZWYcQB6Xv4,Cathay Fish Maw,可预约,否
ChIJWTtrQhuZ4jARgG4oKXr5OZY,Chaiyapruet,无障碍停车,否
ChIJb5Ra9T2Z4jARms0h8ra_tbk,Chaloem Nakhon,无障碍入口,否
ChIJb5Ra9T2Z4jARms0h8ra_tbk,Chaloem Nakhon,无障碍停车,否
ChIJb5Ra9T2Z4jARms0h8ra_tbk,Chaloem Nakhon,无障碍座位,否
ChIJb5Ra9T2Z4jARms0h8ra_tbk,Chaloem Nakhon,可预约,是
ChIJTb2lHxuZ4jARUaFxL7i8dBo,Chan Yai Restaurant,无障碍入口,否
ChIJTb2lHxuZ4jARUaFxL7i8dBo,Chan Yai Restaurant,无障碍停车,否
ChIJTb2lHxuZ4jARUaFxL7i8dBo,Chan Yai Restaurant,无障碍座位,否
ChIJYRd9pS-Z4jARRLnapM5fozg,Claypot King Chinatown,无障碍入口,否
ChIJYRd9pS-Z4jARRLnapM5fozg,Claypot King Chinatown,无障碍停车,否
ChIJYRd9pS-Z4jARRLnapM5fozg,Claypot King Chinatown,无障碍座位,否
ChIJYRd9pS-Z4jARRLnapM5fozg,Claypot King Chinatown,可预约,是
ChIJa_mAXNaZ4jAR_IhchxVGzZQ,Coffee Room Yaowarat,无障碍入口,是
ChIJa_mAXNaZ4jAR_IhchxVGzZQ,Coffee Room Yaowarat,无障碍停车,是
ChIJa_mAXNaZ4jAR_IhchxVGzZQ,Coffee Room Yaowarat,无障碍座位,是
ChIJa_mAXNaZ4jAR_IhchxVGzZQ,Coffee Room Yaowarat,可预约,是
ChIJa_mAXNaZ4jAR_IhchxVGzZQ,Coffee Room Yaowarat,无障碍洗手间,否
ChIJaXAFO92Z4jARbFGadP5vEdM,Din Restaurant and Jazz Bar,可预约,是
ChIJ97RhgBaZ4jAR_ZOFaDAOZws,Duck rice porridge The Fat Duck (original),无障碍入口,否
ChIJ97RhgBaZ4jAR_ZOFaDAOZws,Duck rice porridge The Fat Duck (original),无障碍停车,否
ChIJ97RhgBaZ4jAR_ZOFaDAOZws,Duck rice porridge The Fat Duck (original),无障碍座位,否
ChIJ97RhgBaZ4jAR_ZOFaDAOZws,Duck rice porridge The Fat Duck (original),可预约,否
ChIJ8ZwztiOZ4jARiPcpiChxHoc,Fish Congee (Bean Sprout Alley),无障碍入口,是
ChIJ8ZwztiOZ4jARiPcpiChxHoc,Fish Congee (Bean Sprout Alley),无障碍停车,否
ChIJ8ZwztiOZ4jARiPcpiChxHoc,Fish Congee (Bean Sprout Alley),无障碍座位,否
ChIJ8ZwztiOZ4jARiPcpiChxHoc,Fish Congee (Bean Sprout Alley),可预约,是
ChIJHexyelOZ4jARLR0CAyA8csI,Go-Ang Pratunam Chicken Rice (Chinatown),无障碍座位,否
ChIJI5hrGwOZ4jARnIGrjOAxdXI,Helo Nomsod,无障碍入口,否
ChIJB7pj8wSZ4jARdZ21D2BcB3M,Hia Mak Tofu Pudding & Grass Jelly,可预约,否
ChIJ44UokRCZ4jARg-JS_I2_HPg,Hiso Curry Rice Pa Aew,无障碍入口,否
ChIJ44UokRCZ4jARg-JS_I2_HPg,Hiso Curry Rice Pa Aew,无障碍停车,否
ChIJ44UokRCZ4jARg-JS_I2_HPg,Hiso Curry Rice Pa Aew,无障碍座位,否
ChIJ44UokRCZ4jARg-JS_I2_HPg,Hiso Curry Rice Pa Aew,可预约,否
ChIJB3z_C7GZ4jARldFjsPjsfsc,IM En Ville,适合儿童,是
ChIJB3z_C7GZ4jARldFjsPjsfsc,IM En Ville,适合观看体育,否
ChIJB3z_C7GZ4jARldFjsPjsfsc,IM En Ville,有洗手间,是
ChIJB3z_C7GZ4jARldFjsPjsfsc,IM En Ville,户外座位,否
ChIJB3z_C7GZ4jARldFjsPjsfsc,IM En Ville,外带,是
ChIJB3z_C7GZ4jARldFjsPjsfsc,IM En Ville,堂食,是
ChIJB3z_C7GZ4jARldFjsPjsfsc,IM En Ville,路边取餐,否
ChIJB3z_C7GZ4jARldFjsPjsfsc,IM En Ville,供应早餐,是
ChIJB3z_C7GZ4jARldFjsPjsfsc,IM En Ville,供应早午餐,是
ChIJB3z_C7GZ4jARldFjsPjsfsc,IM En Ville,供应午餐,是
ChIJB3z_C7GZ4jARldFjsPjsfsc,IM En Ville,供应咖啡,是
ChIJB3z_C7GZ4jARldFjsPjsfsc,IM En Ville,供应甜品,是
ChIJB3z_C7GZ4jARldFjsPjsfsc,IM En Ville,供应啤酒,是
ChIJB3z_C7GZ4jARldFjsPjsfsc,IM En Ville,供应鸡尾酒,是
ChIJB3z_C7GZ4jARldFjsPjsfsc,IM En Ville,供应葡萄酒,是
ChIJB3z_C7GZ4jARldFjsPjsfsc,IM En Ville,现场音乐,否
ChIJB3z_C7GZ4jARldFjsPjsfsc,IM En Ville,无障碍入口,否
ChIJB3z_C7GZ4jARldFjsPjsfsc,IM En Ville,无障碍停车,否
ChIJB3z_C7GZ4jARldFjsPjsfsc,IM En Ville,无障碍座位,否
ChIJB3z_C7GZ4jARldFjsPjsfsc,IM En Ville,可预约,是
ChIJB3z_C7GZ4jARldFjsPjsfsc,IM En Ville,适合团体,是
ChIJB3z_C7GZ4jARldFjsPjsfsc,IM En Ville,供应晚餐,是
ChIJcd--0RKZ4jARLWyNKveEf5o,Is Orange,无障碍停车,否
ChIJsX86ihmZ4jARWBVg5pZlItc,J Poon Fried Chicken,无障碍入口,否
ChIJsX86ihmZ4jARWBVg5pZlItc,J Poon Fried Chicken,无障碍停车,否
ChIJsX86ihmZ4jARWBVg5pZlItc,J Poon Fried Chicken,无障碍座位,否
ChIJZejJhWCZ4jARgjnNFeZkQq4,JAM JAM Chinatown,可预约,是
ChIJNTVPQdOZ4jAR4YXnjlySBOU,Jackson,可预约,是
ChIJ4XSusB-Z4jARM-YBXN88dK0,Jae Mali Pork Blood Soup,无障碍入口,否
ChIJ4XSusB-Z4jARM-YBXN88dK0,Jae Mali Pork Blood Soup,无障碍停车,否
ChIJ4XSusB-Z4jARM-YBXN88dK0,Jae Mali Pork Blood Soup,无障碍座位,否
ChIJ4XSusB-Z4jARM-YBXN88dK0,Jae Mali Pork Blood Soup,可预约,是
ChIJv-2SmnaZ4jARoSgQCsEcXkU,Jae Sri Ho Mok Sampheng,无障碍入口,否
ChIJv-2SmnaZ4jARoSgQCsEcXkU,Jae Sri Ho Mok Sampheng,无障碍停车,否
ChIJv-2SmnaZ4jARoSgQCsEcXkU,Jae Sri Ho Mok Sampheng,无障碍座位,否
ChIJtYCmoqiZ4jAR31a9G1s_9fE,Jay Duean Restaurant Khao Kaeng -kร้านเจ๊เดือนข้าวแกง-ไก่มะระหมูตุ๋น,无障碍入口,是
ChIJrbl29xaZ4jARf2vk9rryuWU,Jay Hung's Kitchen - ครัวเจ๊ฮุ้ง,可预约,是
ChIJORiK5hOZ4jAR5hRiKwXnJ_M,Jit Charcoal Stove Pad Thai and A la carte,无障碍入口,否
ChIJORiK5hOZ4jAR5hRiKwXnJ_M,Jit Charcoal Stove Pad Thai and A la carte,无障碍停车,否
ChIJORiK5hOZ4jAR5hRiKwXnJ_M,Jit Charcoal Stove Pad Thai and A la carte,无障碍座位,否
ChIJ7V-jhBGZ4jARIcNyxq2Qry8,Khanom Chin Mae Chan,无障碍停车,否
ChIJ7V-jhBGZ4jARIcNyxq2Qry8,Khanom Chin Mae Chan,无障碍座位,否
ChIJv_uJ6nyZ4jARh8DLBhzeSnY,Khao Gaeng Hia Hee (Curry),无障碍入口,否
ChIJv_uJ6nyZ4jARh8DLBhzeSnY,Khao Gaeng Hia Hee (Curry),无障碍停车,否
ChIJv_uJ6nyZ4jARh8DLBhzeSnY,Khao Gaeng Hia Hee (Curry),无障碍座位,否
ChIJv_uJ6nyZ4jARh8DLBhzeSnY,Khao Gaeng Hia Hee (Curry),可预约,否
ChIJrUiQXyGZ4jAR6HZAhYZlll0,Khao Kha Moo Sai Tua Jae Ta,无障碍入口,否
ChIJrUiQXyGZ4jAR6HZAhYZlll0,Khao Kha Moo Sai Tua Jae Ta,无障碍停车,否
ChIJrUiQXyGZ4jAR6HZAhYZlll0,Khao Kha Moo Sai Tua Jae Ta,无障碍座位,否
ChIJrUiQXyGZ4jAR6HZAhYZlll0,Khao Kha Moo Sai Tua Jae Ta,可预约,否
ChIJTyVYej6Z4jAR_1fpix79NfM,Khao Man Kai Jae Yi,无障碍入口,否
ChIJTyVYej6Z4jAR_1fpix79NfM,Khao Man Kai Jae Yi,无障碍停车,否
ChIJTyVYej6Z4jAR_1fpix79NfM,Khao Man Kai Jae Yi,无障碍座位,是
ChIJTyVYej6Z4jAR_1fpix79NfM,Khao Man Kai Jae Yi,可预约,否
ChIJB9pVtRKZ4jARo5mxIaIm54A,Khaosan Center,无障碍座位,是
ChIJg3RpzmyZ4jARm9PuUx4HOgM,Khrua Bawon,可预约,是
ChIJHyntig2Z4jARAeCVZN74Blk,Khun Lek Porridge,适合儿童,是
ChIJHyntig2Z4jARAeCVZN74Blk,Khun Lek Porridge,适合观看体育,否
ChIJHyntig2Z4jARAeCVZN74Blk,Khun Lek Porridge,有洗手间,是
ChIJHyntig2Z4jARAeCVZN74Blk,Khun Lek Porridge,户外座位,是
ChIJHyntig2Z4jARAeCVZN74Blk,Khun Lek Porridge,外带,是
ChIJHyntig2Z4jARAeCVZN74Blk,Khun Lek Porridge,配送,是
ChIJHyntig2Z4jARAeCVZN74Blk,Khun Lek Porridge,堂食,是
ChIJHyntig2Z4jARAeCVZN74Blk,Khun Lek Porridge,供应早餐,否
ChIJHyntig2Z4jARAeCVZN74Blk,Khun Lek Porridge,供应午餐,是
ChIJHyntig2Z4jARAeCVZN74Blk,Khun Lek Porridge,供应咖啡,否
ChIJHyntig2Z4jARAeCVZN74Blk,Khun Lek Porridge,供应甜品,否
ChIJHyntig2Z4jARAeCVZN74Blk,Khun Lek Porridge,供应啤酒,否
ChIJHyntig2Z4jARAeCVZN74Blk,Khun Lek Porridge,供应鸡尾酒,否
ChIJHyntig2Z4jARAeCVZN74Blk,Khun Lek Porridge,供应葡萄酒,否
ChIJHyntig2Z4jARAeCVZN74Blk,Khun Lek Porridge,现场音乐,否
ChIJHyntig2Z4jARAeCVZN74Blk,Khun Lek Porridge,无障碍入口,否
ChIJHyntig2Z4jARAeCVZN74Blk,Khun Lek Porridge,无障碍停车,否
ChIJHyntig2Z4jARAeCVZN74Blk,Khun Lek Porridge,无障碍座位,否
ChIJHyntig2Z4jARAeCVZN74Blk,Khun Lek Porridge,可预约,否
ChIJHyntig2Z4jARAeCVZN74Blk,Khun Lek Porridge,允许携带宠物,否
ChIJHyntig2Z4jARAeCVZN74Blk,Khun Lek Porridge,适合团体,是
ChIJHyntig2Z4jARAeCVZN74Blk,Khun Lek Porridge,供应晚餐,是
ChIJHyntig2Z4jARAeCVZN74Blk,Khun Lek Porridge,无障碍洗手间,是
ChIJG_YCtDqZ4jARGwg4OXAdtLc,Kitchen by Siri,可预约,是
ChIJsSbzLyKZ4jAR7ZXNBe7UuaI,Krua Porn La Mai,无障碍入口,否
ChIJsSbzLyKZ4jAR7ZXNBe7UuaI,Krua Porn La Mai,无障碍停车,否
ChIJsSbzLyKZ4jAR7ZXNBe7UuaI,Krua Porn La Mai,无障碍座位,否
ChIJsSbzLyKZ4jAR7ZXNBe7UuaI,Krua Porn La Mai,可预约,是
ChIJT-b1NGWZ4jARNsCF7DSHTMg,Kyauk Suchada Noodle Restaurant - ร้านก๋วยเตี๋ยวแคระสุชาดา,无障碍入口,否
ChIJT-b1NGWZ4jARNsCF7DSHTMg,Kyauk Suchada Noodle Restaurant - ร้านก๋วยเตี๋ยวแคระสุชาดา,无障碍停车,否
ChIJT-b1NGWZ4jARNsCF7DSHTMg,Kyauk Suchada Noodle Restaurant - ร้านก๋วยเตี๋ยวแคระสุชาดา,无障碍座位,否
ChIJ1R4RhAyZ4jARx36oFY10NWw,MAMA’S Indian Cuisine,无障碍入口,是
ChIJ1R4RhAyZ4jARx36oFY10NWw,MAMA’S Indian Cuisine,可预约,是
ChIJDxdbiBOZ4jAR1gIVpfph_LU,Mae Pranom Original Thai Food,无障碍停车,否
ChIJDxdbiBOZ4jAR1gIVpfph_LU,Mae Pranom Original Thai Food,可预约,否
ChIJtw14yz2Z4jARNGSfDyVDsZQ,Maen Si Fishball & Noodles,无障碍座位,否
ChIJtw14yz2Z4jARNGSfDyVDsZQ,Maen Si Fishball & Noodles,可预约,否
ChIJQ2GkLwCZ4jARN-Hrd11fO8A,Mall Emsphere,无障碍入口,是
ChIJQ2GkLwCZ4jARN-Hrd11fO8A,Mall Emsphere,无障碍停车,是
ChIJvdfe26KZ4jARt1sX0-ntNpA,Millionaire Club Khaosan,可预约,是
ChIJj7-DS9OZ4jARj_wKk794f54,My Darling Khaosan,可预约,是
ChIJyQwQD1aZ4jARZK5dAnL8ifY,Na Projects Group,可预约,是
ChIJFVSJhxOZ4jAR-2CE3lMwTtY,Namo Kitchen,无障碍停车,否
ChIJFVSJhxOZ4jAR-2CE3lMwTtY,Namo Kitchen,可预约,是
ChIJc5rj6SuZ4jAROdkxJh0QSw0,Nothing Sacred,可预约,是
ChIJCXz1F9yZ4jARwlUnJbjW02g,Ohh Khun Phra,无障碍入口,是
ChIJCXz1F9yZ4jARwlUnJbjW02g,Ohh Khun Phra,无障碍停车,是
ChIJCXz1F9yZ4jARwlUnJbjW02g,Ohh Khun Phra,无障碍座位,否
ChIJCXz1F9yZ4jARwlUnJbjW02g,Ohh Khun Phra,可预约,是
ChIJCXz1F9yZ4jARwlUnJbjW02g,Ohh Khun Phra,无障碍洗手间,否
ChIJyXU5KCyZ4jARunPlLYwdtkU,Olá Thai Tapas Bar And Cafe,无障碍入口,是
ChIJyXU5KCyZ4jARunPlLYwdtkU,Olá Thai Tapas Bar And Cafe,无障碍座位,是
ChIJyXU5KCyZ4jARunPlLYwdtkU,Olá Thai Tapas Bar And Cafe,可预约,是
ChIJnxSGKvqZ4jARf5ul3rPEfc4,Pa Auan Pochana,无障碍停车,否
ChIJuezdhBGZ4jAR_IQccITw2xk,Pa Thong Ko Sawoei,无障碍入口,否
ChIJuezdhBGZ4jAR_IQccITw2xk,Pa Thong Ko Sawoei,无障碍停车,否
ChIJuezdhBGZ4jAR_IQccITw2xk,Pa Thong Ko Sawoei,无障碍座位,否
ChIJmUWrZWGZ4jARDCXYNE33EhM,Pa Tong Go Saveoy Yaowarat,无障碍入口,否
ChIJmUWrZWGZ4jARDCXYNE33EhM,Pa Tong Go Saveoy Yaowarat,无障碍停车,否
ChIJmUWrZWGZ4jARDCXYNE33EhM,Pa Tong Go Saveoy Yaowarat,无障碍座位,否
ChIJEzz5fyGZ4jAR9p3C9M69Nzc,Pae Sia Dimsum,无障碍入口,否
ChIJEzz5fyGZ4jAR9p3C9M69Nzc,Pae Sia Dimsum,无障碍停车,否
ChIJEzz5fyGZ4jAR9p3C9M69Nzc,Pae Sia Dimsum,无障碍座位,否
ChIJEzz5fyGZ4jAR9p3C9M69Nzc,Pae Sia Dimsum,可预约,否
ChIJfzrimhGZ4jAR7RoMyWMhmAM,Phraeng Nara Pork Balls,无障碍入口,否
ChIJfzrimhGZ4jAR7RoMyWMhmAM,Phraeng Nara Pork Balls,无障碍停车,否
ChIJfzrimhGZ4jAR7RoMyWMhmAM,Phraeng Nara Pork Balls,无障碍座位,否
ChIJfzrimhGZ4jAR7RoMyWMhmAM,Phraeng Nara Pork Balls,可预约,否
ChIJFSM1lhGZ4jARqDCVNrd8r-4,Phuthon Bar,适合儿童,是
ChIJFSM1lhGZ4jARqDCVNrd8r-4,Phuthon Bar,适合观看体育,否
ChIJFSM1lhGZ4jARqDCVNrd8r-4,Phuthon Bar,有洗手间,是
ChIJFSM1lhGZ4jARqDCVNrd8r-4,Phuthon Bar,户外座位,是
ChIJFSM1lhGZ4jARqDCVNrd8r-4,Phuthon Bar,外带,是
ChIJFSM1lhGZ4jARqDCVNrd8r-4,Phuthon Bar,堂食,是
ChIJFSM1lhGZ4jARqDCVNrd8r-4,Phuthon Bar,供应咖啡,是
ChIJFSM1lhGZ4jARqDCVNrd8r-4,Phuthon Bar,供应甜品,是
ChIJFSM1lhGZ4jARqDCVNrd8r-4,Phuthon Bar,供应葡萄酒,否
ChIJFSM1lhGZ4jARqDCVNrd8r-4,Phuthon Bar,现场音乐,否
ChIJFSM1lhGZ4jARqDCVNrd8r-4,Phuthon Bar,无障碍停车,否
ChIJFSM1lhGZ4jARqDCVNrd8r-4,Phuthon Bar,无障碍座位,否
ChIJFSM1lhGZ4jARqDCVNrd8r-4,Phuthon Bar,适合团体,是
ChIJtU15dvyZ4jAR2H0-lZCae5U,Pi Mao Rad Na Rim Khlong Lord,无障碍停车,否
ChIJtU15dvyZ4jAR2H0-lZCae5U,Pi Mao Rad Na Rim Khlong Lord,无障碍座位,否
ChIJZc_U2mmZ4jARsxbUBm93gzE,Prempracha Restaurant,可预约,是
ChIJhaAL-XqZ4jARML4qutNfN5Y,ROOM 191 Khaosan,可预约,是
ChIJZ7zuxyOZ4jARt44ul-ZcljE,Rabbit Hill,无障碍入口,否
ChIJZ7zuxyOZ4jARt44ul-ZcljE,Rabbit Hill,无障碍停车,否
ChIJZ7zuxyOZ4jARt44ul-ZcljE,Rabbit Hill,无障碍座位,否
ChIJZ7zuxyOZ4jARt44ul-ZcljE,Rabbit Hill,可预约,是
ChIJb1fij9qe4jARuh9QsXf24Do,Rat Na Yot Phak 40 Years,无障碍入口,否
ChIJb1fij9qe4jARuh9QsXf24Do,Rat Na Yot Phak 40 Years,无障碍停车,否
ChIJb1fij9qe4jARuh9QsXf24Do,Rat Na Yot Phak 40 Years,无障碍座位,否
ChIJb1fij9qe4jARuh9QsXf24Do,Rat Na Yot Phak 40 Years,可预约,否
ChIJcaYZ3oKZ4jARWvWYYAXFlnI,Rere Khaosan,可预约,是
ChIJNwV8nxuZ4jARFMSUwQspByM,Roti Na Poh Chang,无障碍入口,否
ChIJNwV8nxuZ4jARFMSUwQspByM,Roti Na Poh Chang,无障碍停车,否
ChIJNwV8nxuZ4jARFMSUwQspByM,Roti Na Poh Chang,无障碍座位,否
ChIJYQ_8zRmZ4jAR4WOf-cLAKFE,Saphan Lek Chicken Rice,无障碍入口,否
ChIJYQ_8zRmZ4jAR4WOf-cLAKFE,Saphan Lek Chicken Rice,无障碍停车,否
ChIJYQ_8zRmZ4jAR4WOf-cLAKFE,Saphan Lek Chicken Rice,无障碍座位,否
ChIJfROy7hKZ4jAREsxPs6EGxWk,Sky High,无障碍入口,是
ChIJfROy7hKZ4jAREsxPs6EGxWk,Sky High,无障碍停车,是
ChIJfROy7hKZ4jAREsxPs6EGxWk,Sky High,无障碍座位,是
ChIJfROy7hKZ4jAREsxPs6EGxWk,Sky High,可预约,是
ChIJfROy7hKZ4jAREsxPs6EGxWk,Sky High,无障碍洗手间,是
ChIJ-aetqBeZ4jARJjz3wFjKzjw,Supa Restaurant,可预约,是
ChIJFWOR_aWZ4jARORORYwy3Yig,Sweet Restaurant,可预约,是
ChIJxxrpyPKZ4jARYICwYOfrnmk,TANA (ธนา),无障碍入口,否
ChIJxxrpyPKZ4jARYICwYOfrnmk,TANA (ธนา),可预约,是
ChIJGdq0TB-Z4jARNLGes6btNP4,Tang Jing Dong Porridge 陳進忠,可预约,否
ChIJg08A1zKZ4jARjfeFmhd4BbE,Tha Arun,可预约,是
ChIJCXn-jhaZ4jARwB4hkYLPC18,Thai Food at Samranrat,无障碍入口,否
ChIJCXn-jhaZ4jARwB4hkYLPC18,Thai Food at Samranrat,无障碍停车,否
ChIJCXn-jhaZ4jARwB4hkYLPC18,Thai Food at Samranrat,可预约,否
ChIJRZUW6BGZ4jARlUw_qmJ0fgY,Thai Tham,无障碍入口,否
ChIJRZUW6BGZ4jARlUw_qmJ0fgY,Thai Tham,无障碍停车,否
ChIJRZUW6BGZ4jARlUw_qmJ0fgY,Thai Tham,无障碍座位,否
ChIJj8e0G72Z4jARLs4etGWH7Ik,"Ton ton - Coffee, Eggs & Baked Goods",可预约,是
ChIJA2Z8OAeZ4jARVok28aPlzyk,Trok khrut cafe :ตรอกครุฑ คาเฟ่,可预约,是
ChIJA_2vlBGZ4jARg6h5m7HuQys,Udom Potchana,无障碍入口,否
ChIJA_2vlBGZ4jARg6h5m7HuQys,Udom Potchana,无障碍停车,否
ChIJA_2vlBGZ4jARg6h5m7HuQys,Udom Potchana,无障碍座位,否
ChIJBVvffxaZ4jARmmTsri3Y3Bo,"Wu’s Yong Tau Foo, Ghost Gate",无障碍入口,否
ChIJBVvffxaZ4jARmmTsri3Y3Bo,"Wu’s Yong Tau Foo, Ghost Gate",无障碍停车,否
ChIJBVvffxaZ4jARmmTsri3Y3Bo,"Wu’s Yong Tau Foo, Ghost Gate",无障碍座位,否
ChIJBVvffxaZ4jARmmTsri3Y3Bo,"Wu’s Yong Tau Foo, Ghost Gate",可预约,否
ChIJpX2KRsCZ4jARA6dk8rDID-U,Yellow Curry Studio | แกงเหลืองสตูดิโอ,可预约,是
ChIJBZy3Oz2Z4jAR4vadR2M3T_A,Yin-Dee Noodle,无障碍入口,否
ChIJBZy3Oz2Z4jAR4vadR2M3T_A,Yin-Dee Noodle,无障碍停车,否
ChIJBZy3Oz2Z4jAR4vadR2M3T_A,Yin-Dee Noodle,无障碍座位,否
ChIJvTL75BGZ4jARLLVZRoch_Ds,Yong Seng Lee,无障碍停车,否
ChIJvTL75BGZ4jARLLVZRoch_Ds,Yong Seng Lee,无障碍座位,否
ChIJM-1q-cuZ4jAR8czFDk9hsRQ,กินเส้น เน้นข้าว,无障碍入口,否
ChIJl5Y96nCZ4jARRBngWrj2vZg,ก๋วยจั๊บน้ำใสตรอกวัดพระพิเรนทร์ ฝั่งวรจักร,无障碍入口,否
ChIJl5Y96nCZ4jARRBngWrj2vZg,ก๋วยจั๊บน้ำใสตรอกวัดพระพิเรนทร์ ฝั่งวรจักร,无障碍停车,否
ChIJl5Y96nCZ4jARRBngWrj2vZg,ก๋วยจั๊บน้ำใสตรอกวัดพระพิเรนทร์ ฝั่งวรจักร,无障碍座位,否
ChIJVTcVvRCZ4jAR7rSCGvmUOns,ก๋วยเตี๋ยวเรือน้ำตกริมคลอง,可预约,否
ChIJ0a8SYj2Z4jAR931ksARYm7Y,ก๋วยเตี๋ยวแคะสุชาดา(จู) ตลาดวรจักร,无障碍入口,否
ChIJ0a8SYj2Z4jAR931ksARYm7Y,ก๋วยเตี๋ยวแคะสุชาดา(จู) ตลาดวรจักร,无障碍停车,是
ChIJ0a8SYj2Z4jAR931ksARYm7Y,ก๋วยเตี๋ยวแคะสุชาดา(จู) ตลาดวรจักร,无障碍座位,是
ChIJ0a8SYj2Z4jAR931ksARYm7Y,ก๋วยเตี๋ยวแคะสุชาดา(จู) ตลาดวรจักร,无障碍洗手间,否
ChIJT3TIlSKZ4jAR2VYJfNBNqgs,ขาหมูยอดรส(เจ๊ตวง),无障碍入口,否
ChIJhXNuA_6Z4jARNMTCy0s7Tsg,ข้าวมันไก่โกเผ่ง,无障碍停车,否
ChIJ70ac0jyZ4jAR5I3dxUlA9rs,คั่วไก่-เป็ด (น้ำซุปมะนาวดอง) Decor,可预约,否
ChIJiQgwlBqZ4jARpIQJ6R1wnOw,คั่วไก่บ้านหม้อ,无障碍座位,否
ChIJKZfzAL2Z4jAR_1a0mA_Xwa8,ฉายา แม้นศรี CHAYAA MANSRI FRIED CHICKEN,可预约,是
ChIJ-Xdm2hOZ4jARDltoLdBGnm4,ซาลาเปา แม่เง็ก,无障碍座位,否
ChIJS9xmGBKZ4jARVfA0O0otn0s,ต้มเลือดหมูตรอกครุฑ-ศาลเจ้าพ่อเสือ,无障碍停车,否
ChIJS9xmGBKZ4jARVfA0O0otn0s,ต้มเลือดหมูตรอกครุฑ-ศาลเจ้าพ่อเสือ,无障碍座位,否
ChIJS9xmGBKZ4jARVfA0O0otn0s,ต้มเลือดหมูตรอกครุฑ-ศาลเจ้าพ่อเสือ,可预约,否
ChIJLSC380eT4jARrTuekz0Wi5I,บรม BarRoam,可预约,是
ChIJ5zCeBxGZ4jARGTx2ROn4dq4,บริษัท บิลเลี่ยนริช จำกัด,可预约,是
ChIJN5NyabqZ4jAR1VbElEKDZUU,"ป้าสี กะเพรา20บาท,ข้าวต้มกุ๊ย",可预约,是
ChIJKVkAhJiZ4jARNoCJrCQPoIw,ภู Kitchen สวนอาหารริมแม่น้ำเจ้าพระยา,适合儿童,是
ChIJKVkAhJiZ4jARNoCJrCQPoIw,ภู Kitchen สวนอาหารริมแม่น้ำเจ้าพระยา,适合观看体育,否
ChIJKVkAhJiZ4jARNoCJrCQPoIw,ภู Kitchen สวนอาหารริมแม่น้ำเจ้าพระยา,有洗手间,是
ChIJKVkAhJiZ4jARNoCJrCQPoIw,ภู Kitchen สวนอาหารริมแม่น้ำเจ้าพระยา,户外座位,是
ChIJKVkAhJiZ4jARNoCJrCQPoIw,ภู Kitchen สวนอาหารริมแม่น้ำเจ้าพระยา,堂食,是
ChIJKVkAhJiZ4jARNoCJrCQPoIw,ภู Kitchen สวนอาหารริมแม่น้ำเจ้าพระยา,路边取餐,否
ChIJKVkAhJiZ4jARNoCJrCQPoIw,ภู Kitchen สวนอาหารริมแม่น้ำเจ้าพระยา,供应午餐,是
ChIJKVkAhJiZ4jARNoCJrCQPoIw,ภู Kitchen สวนอาหารริมแม่น้ำเจ้าพระยา,供应甜品,是
ChIJKVkAhJiZ4jARNoCJrCQPoIw,ภู Kitchen สวนอาหารริมแม่น้ำเจ้าพระยา,供应啤酒,是
ChIJKVkAhJiZ4jARNoCJrCQPoIw,ภู Kitchen สวนอาหารริมแม่น้ำเจ้าพระยา,供应鸡尾酒,否
ChIJKVkAhJiZ4jARNoCJrCQPoIw,ภู Kitchen สวนอาหารริมแม่น้ำเจ้าพระยา,供应葡萄酒,是
ChIJKVkAhJiZ4jARNoCJrCQPoIw,ภู Kitchen สวนอาหารริมแม่น้ำเจ้าพระยา,无障碍座位,否
ChIJKVkAhJiZ4jARNoCJrCQPoIw,ภู Kitchen สวนอาหารริมแม่น้ำเจ้าพระยา,可预约,是
ChIJKVkAhJiZ4jARNoCJrCQPoIw,ภู Kitchen สวนอาหารริมแม่น้ำเจ้าพระยา,适合团体,是
ChIJKVkAhJiZ4jARNoCJrCQPoIw,ภู Kitchen สวนอาหารริมแม่น้ำเจ้าพระยา,供应晚餐,是
ChIJ-_nOMsGZ4jAR0uqM_k2WEuA,มากินนะ ข้าวแกง-หมูทอด,可预约,是
ChIJMfJd2ROZ4jAR4iW5Mue8Q1w,มิตรโภชนา กระเพาะปลา Mitrpochana fish maw soup 林來耀(魚肚羹),无障碍入口,否
ChIJMfJd2ROZ4jAR4iW5Mue8Q1w,มิตรโภชนา กระเพาะปลา Mitrpochana fish maw soup 林來耀(魚肚羹),无障碍停车,否
ChIJMfJd2ROZ4jAR4iW5Mue8Q1w,มิตรโภชนา กระเพาะปลา Mitrpochana fish maw soup 林來耀(魚肚羹),无障碍座位,否
ChIJMfJd2ROZ4jAR4iW5Mue8Q1w,มิตรโภชนา กระเพาะปลา Mitrpochana fish maw soup 林來耀(魚肚羹),可预约,否
ChIJL89BchmZ4jARZkyabvgLRoU,ยำโดเรมอน,无障碍入口,否
ChIJL89BchmZ4jARZkyabvgLRoU,ยำโดเรมอน,无障碍停车,否
ChIJqR5ZlLWZ4jARKtX9Hv_IN_k,รสกรุง - Ros Krung Esarn Thai Cafe,可预约,是
ChIJAThg4BqZ4jARJ90ZBGSD8Zg,รสทิพย์ยอดผัก บ้านหม้อ (Ros Thip Yod Pak - Baan Mor),无障碍入口,否
ChIJAThg4BqZ4jARJ90ZBGSD8Zg,รสทิพย์ยอดผัก บ้านหม้อ (Ros Thip Yod Pak - Baan Mor),无障碍停车,否
ChIJAThg4BqZ4jARJ90ZBGSD8Zg,รสทิพย์ยอดผัก บ้านหม้อ (Ros Thip Yod Pak - Baan Mor),无障碍座位,否
ChIJYUUWhRmZ4jARX8xXEyuKZXU,ราดหน้าเฮงยอดผัก,无障碍入口,否
ChIJYUUWhRmZ4jARX8xXEyuKZXU,ราดหน้าเฮงยอดผัก,无障碍停车,否
ChIJYUUWhRmZ4jARX8xXEyuKZXU,ราดหน้าเฮงยอดผัก,无障碍座位,否
ChIJYUUWhRmZ4jARX8xXEyuKZXU,ราดหน้าเฮงยอดผัก,可预约,否
ChIJg_d3vRiZ4jARGkjNF3ON4z0,ร้าน เจ๊ปู เกาเหลา ต้มเลือดหมู,无障碍入口,否
ChIJg_d3vRiZ4jARGkjNF3ON4z0,ร้าน เจ๊ปู เกาเหลา ต้มเลือดหมู,无障碍停车,否
ChIJg_d3vRiZ4jARGkjNF3ON4z0,ร้าน เจ๊ปู เกาเหลา ต้มเลือดหมู,无障碍座位,否
ChIJ3y-pM2uZ4jARdzaQjUm8xr0,ร้านตุ๊กโภชนา,无障碍入口,否
ChIJ3y-pM2uZ4jARdzaQjUm8xr0,ร้านตุ๊กโภชนา,无障碍停车,否
ChIJ3y-pM2uZ4jARdzaQjUm8xr0,ร้านตุ๊กโภชนา,无障碍座位,否
ChIJi6KBzK-Z4jAR5qZ_pT63J7I,ร้านหมูทอดคุณนิด,无障碍入口,否
ChIJUz5j8LCZ4jARuKtBpDVr8Ks,ร้านหมูปิ้ง สูตรอากง (เจ๊ฮุ้ง),无障碍入口,否
ChIJUz5j8LCZ4jARuKtBpDVr8Ks,ร้านหมูปิ้ง สูตรอากง (เจ๊ฮุ้ง),无障碍停车,否
ChIJUz5j8LCZ4jARuKtBpDVr8Ks,ร้านหมูปิ้ง สูตรอากง (เจ๊ฮุ้ง),无障碍座位,否
ChIJHR0iKeWZ4jARE-Y56UYhq64,ร้านเจ๊ดาวท่าน้ำราชวงศ์,无障碍座位,否
ChIJ48UwVQOZ4jAR55x9OS6KVlI,ร้านเปีย 105,可预约,是
ChIJQ5j7giKZ4jARqTleVzwpHqo,ร้านเล่าเส็ง ก๋วยเตี๋ยวเป็ด/ข้าวขาหมู,无障碍座位,否
ChIJ4SvFJliZ4jAR7JEgL9WJvwc,วันวาน WanWaan.bkk,可预约,是
ChIJ3RVXLH-Z4jARnEOhVgXSUPs,วา วา ชาบู WA WA SHABU,可预约,是
ChIJHZRr582Z4jARcN6uValSScY,สุกี้ฟ้าประทาน,可预约,是
ChIJGUv0XRuZ4jAR-ManRsK62KM,หลิ่มหย่วนพัด ปากคลองตลาด,无障碍入口,否
ChIJGUv0XRuZ4jAR-ManRsK62KM,หลิ่มหย่วนพัด ปากคลองตลาด,无障碍停车,否
ChIJhaU_SGuZ4jAR2-lZZDs85vc,อึ้งซี่สูน,无障碍入口,否
ChIJhaU_SGuZ4jAR2-lZZDs85vc,อึ้งซี่สูน,无障碍停车,否
ChIJhaU_SGuZ4jAR2-lZZDs85vc,อึ้งซี่สูน,无障碍座位,否
ChIJlSAB5HaZ4jARoYpVAd9z4_k,เกาลัดนายเล็ก,无障碍座位,否
ChIJlSAB5HaZ4jARoYpVAd9z4_k,เกาลัดนายเล็ก,可预约,是
ChIJ459GzBmZ4jARf2GNa4mqpD0,เซี้ย เกาเหลาเนื้อไร้เทียมทาน Lai Tiem Tan Beef Stews,无障碍入口,否
ChIJ459GzBmZ4jARf2GNa4mqpD0,เซี้ย เกาเหลาเนื้อไร้เทียมทาน Lai Tiem Tan Beef Stews,无障碍停车,否
ChIJ459GzBmZ4jARf2GNa4mqpD0,เซี้ย เกาเหลาเนื้อไร้เทียมทาน Lai Tiem Tan Beef Stews,无障碍座位,否
ChIJ63SVNGCZ4jARUOarcgHzjvc,เฮียเซ้งกระเพาะปลาเวิ้งนาครเขษม,无障碍座位,否
ChIJd4_lpRCZ4jARV1wJkvBdJ9M,แกงกะหรี่หลังโรงพยาบาลกลาง คุณมาลี,无障碍入口,否
ChIJd4_lpRCZ4jARV1wJkvBdJ9M,แกงกะหรี่หลังโรงพยาบาลกลาง คุณมาลี,无障碍停车,否
ChIJd4_lpRCZ4jARV1wJkvBdJ9M,แกงกะหรี่หลังโรงพยาบาลกลาง คุณมาลี,无障碍座位,否
ChIJtdnEsp9n4jARC5cWgpwMHZk,แม่อ้อยอร่อยดี ซีฟู้ดทะเล,无障碍座位,是
ChIJtdnEsp9n4jARC5cWgpwMHZk,แม่อ้อยอร่อยดี ซีฟู้ดทะเล,可预约,是
ChIJtdnEsp9n4jARC5cWgpwMHZk,แม่อ้อยอร่อยดี ซีฟู้ดทะเล,无障碍洗手间,是
ChIJY_ulGBqZ4jARMGqDLdDBPrM,โค้วจั้วฮวดขาหมูเจ้าเก่า,无障碍停车,否
ChIJY_ulGBqZ4jARMGqDLdDBPrM,โค้วจั้วฮวดขาหมูเจ้าเก่า,无障碍座位,否
ChIJdyWd9RaZ4jARY5vK1rSQc1A,โตซาลาเปา Chinese Steamed Buns 包子,无障碍入口,否
ChIJdyWd9RaZ4jARY5vK1rSQc1A,โตซาลาเปา Chinese Steamed Buns 包子,无障碍停车,否
ChIJdyWd9RaZ4jARY5vK1rSQc1A,โตซาลาเปา Chinese Steamed Buns 包子,无障碍座位,否
ChIJsd6VxQuZ4jARfyIJ316nFGw,โบ๊กเกี้ย,无障碍停车,否
ChIJsd6VxQuZ4jARfyIJ316nFGw,โบ๊กเกี้ย,无障碍座位,否
ChIJoz2uNTyZ4jARt1rVO8DGNSI,ไก่บ้านต้มน้ำปลา แม้นศรี1,可预约,是
ChIJwz12tqiZ4jARxC7XpMan7Bo,中南粥,无障碍入口,否
ChIJwz12tqiZ4jARxC7XpMan7Bo,中南粥,无障碍停车,否
ChIJwz12tqiZ4jARxC7XpMan7Bo,中南粥,无障碍座位,否
ChIJCajrCTeZ4jARWkKX4WczdVA,成功海南鶏飯,无障碍停车,否
ChIJ6f5WccqZ4jARr6-v0QqCS-I,曼谷考山中餐馆,可预约,是
ChIJX9zZ6e-Z4jARyKuDAqa3Nkk,碎炸片,可预约,是
ChIJVR6zhBiZ4jAR3RI1NZFDoo0,祥記魚湯,无障碍停车,否
ChIJVR6zhBiZ4jAR3RI1NZFDoo0,祥記魚湯,可预约,否
ChIJvwJRiyGZ4jARZxqtz5bpTfI,Da’s Crab,无障碍入口,否
ChIJvwJRiyGZ4jARZxqtz5bpTfI,Da’s Crab,无障碍停车,否
ChIJvwJRiyGZ4jARZxqtz5bpTfI,Da’s Crab,无障碍座位,否
ChIJDb2Wk_-Z4jAR1HH-KI1jVsg,Guy Kao Grilled Squid,无障碍入口,否
ChIJDb2Wk_-Z4jAR1HH-KI1jVsg,Guy Kao Grilled Squid,无障碍停车,否
ChIJDb2Wk_-Z4jAR1HH-KI1jVsg,Guy Kao Grilled Squid,无障碍座位,否
ChIJDb2Wk_-Z4jAR1HH-KI1jVsg,Guy Kao Grilled Squid,可预约,否
ChIJs6kAawCZ4jAR6pn2EwCB5Ts,Herethep Seafood,可预约,否
ChIJLyZrciGZ4jARC1iQWHQDdOU,T & K Seafood,无障碍入口,否
ChIJLyZrciGZ4jARC1iQWHQDdOU,T & K Seafood,无障碍停车,否
ChIJLyZrciGZ4jARC1iQWHQDdOU,T & K Seafood,无障碍座位,否
ChIJLyZrciGZ4jARC1iQWHQDdOU,T & K Seafood,可预约,是
ChIJgzGEI8iZ4jARFMLTMQ2wSvM,The Seafood Cafe & Restaurant,可预约,是
ChIJd5aTUzswEBERxUd4l-c4a4k,ไฟเขียวเยาวราช Fikeaw Yaowarat,无障碍停车,否
ChIJd5aTUzswEBERxUd4l-c4a4k,ไฟเขียวเยาวราช Fikeaw Yaowarat,无障碍座位,否
ChIJw-5nYQCZ4jAR-eiGPjj3NFw,ピン シャークフィン,可预约,是
ChIJbz-KWRCZ4jARLfowOQetbr4,Mhong Ratchabophit Boiled Beef/Offal,无障碍入口,否
ChIJbz-KWRCZ4jARLfowOQetbr4,Mhong Ratchabophit Boiled Beef/Offal,无障碍停车,否
ChIJbz-KWRCZ4jARLfowOQetbr4,Mhong Ratchabophit Boiled Beef/Offal,无障碍座位,否
ChIJbz-KWRCZ4jARLfowOQetbr4,Mhong Ratchabophit Boiled Beef/Offal,可预约,否
ChIJKeE-hUCZ4jARVKsC9N7lCdI,DOJOE STEAK EXPERT,无障碍入口,否
ChIJKeE-hUCZ4jARVKsC9N7lCdI,DOJOE STEAK EXPERT,无障碍停车,否
ChIJKeE-hUCZ4jARVKsC9N7lCdI,DOJOE STEAK EXPERT,可预约,是
ChIJpZxUd-WZ4jARo9fqO54-al8,Hump zaab Beef&friends restaurant,可预约,是
ChIJU7-bAHKZ4jAR1bIomy1ExU4,134 Green House (Home-style Thai food),可预约,是
ChIJ34lV5wiZ4jAR3HOmXoyBHa4,Above Riva,无障碍入口,否
ChIJ34lV5wiZ4jAR3HOmXoyBHa4,Above Riva,无障碍停车,否
ChIJ34lV5wiZ4jAR3HOmXoyBHa4,Above Riva,无障碍座位,否
ChIJ34lV5wiZ4jAR3HOmXoyBHa4,Above Riva,可预约,是
ChIJ34lV5wiZ4jAR3HOmXoyBHa4,Above Riva,无障碍洗手间,否
ChIJf3TQalWZ4jAR9UaI72JQKI4,Absorn Thai Bistro,无障碍入口,是
ChIJf3TQalWZ4jAR9UaI72JQKI4,Absorn Thai Bistro,无障碍座位,是
ChIJf3TQalWZ4jAR9UaI72JQKI4,Absorn Thai Bistro,可预约,是
ChIJXx4pakqZ4jARYtp8mvXAmvY,Anya Authentic Thai Cuisine,无障碍停车,否
ChIJXx4pakqZ4jARYtp8mvXAmvY,Anya Authentic Thai Cuisine,可预约,是
ChIJ8evBFGyZ4jAR6p2Shxx9_YI,Baan Nual,无障碍停车,否
ChIJ8evBFGyZ4jAR6p2Shxx9_YI,Baan Nual,可预约,是
ChIJUUjd5BOZ4jARQgEtYC2mxI8,Baan Pad Thai Halal-Food,无障碍入口,否
ChIJUUjd5BOZ4jARQgEtYC2mxI8,Baan Pad Thai Halal-Food,无障碍停车,否
ChIJUUjd5BOZ4jARQgEtYC2mxI8,Baan Pad Thai Halal-Food,无障碍座位,否
ChIJUUjd5BOZ4jARQgEtYC2mxI8,Baan Pad Thai Halal-Food,可预约,是
ChIJUUjd5BOZ4jARQgEtYC2mxI8,Baan Pad Thai Halal-Food,无障碍洗手间,否
ChIJTSiMNEmZ4jARSWT0kIHXAzI,Baan Ya Hom Zantiis,可预约,是
ChIJ9Tt8kPGR4jAR_z20n07689c,BaanTye Restaurant,无障碍入口,否
ChIJ9Tt8kPGR4jAR_z20n07689c,BaanTye Restaurant,无障碍停车,否
ChIJ9Tt8kPGR4jAR_z20n07689c,BaanTye Restaurant,无障碍座位,否
ChIJ9Tt8kPGR4jAR_z20n07689c,BaanTye Restaurant,可预约,是
ChIJ9Tt8kPGR4jAR_z20n07689c,BaanTye Restaurant,无障碍洗手间,否
ChIJF_5xDxOZ4jARFqu_biCj5SI,Ban Wannakovit,无障碍入口,否
ChIJF_5xDxOZ4jARFqu_biCj5SI,Ban Wannakovit,无障碍停车,否
ChIJF_5xDxOZ4jARFqu_biCj5SI,Ban Wannakovit,无障碍座位,否
ChIJF_5xDxOZ4jARFqu_biCj5SI,Ban Wannakovit,可预约,是
ChIJ0wyZXgSZ4jAR-o-Bj-4vKJs,Chakrabongse Dining,可预约,是
ChIJ24F1wiKZ4jARlnZNKFEsgWo,Chokdi,无障碍座位,否
ChIJg86wsZ-Z4jARYyyrIYV1rpw,Chom Arun,可预约,是
ChIJg86wsZ-Z4jARYyyrIYV1rpw,Chom Arun,无障碍洗手间,是
ChIJ9UBLB3WZ4jARfNLfX5IpoOc,Feung Nakorn Kitchen Restaurant,可预约,是
ChIJn_VnZj2Z4jARxVd3F-oS4Fc,Horsamut,无障碍座位,是
ChIJn_VnZj2Z4jARxVd3F-oS4Fc,Horsamut,可预约,是
ChIJfxqXjxqZ4jARinUqlgYnk3Y,Hoy Kom Pun Lan,无障碍入口,否
ChIJfxqXjxqZ4jARinUqlgYnk3Y,Hoy Kom Pun Lan,无障碍停车,否
ChIJfxqXjxqZ4jARinUqlgYnk3Y,Hoy Kom Pun Lan,可预约,是
ChIJ1zwf8D-Z4jARViqXAB6-0T0,Hua Hin Photchana,可预约,是
ChIJA_2vlBGZ4jARlQai2DPhJWo,Isan Bunthon Potchana,无障碍停车,否
ChIJA_2vlBGZ4jARlQai2DPhJWo,Isan Bunthon Potchana,可预约,是
ChIJhTjH7T-Z4jARQRFANln2qGI,Kaolao Nang Loeng Pork Brain Shop,无障碍入口,否
ChIJhTjH7T-Z4jARQRFANln2qGI,Kaolao Nang Loeng Pork Brain Shop,无障碍停车,否
ChIJhTjH7T-Z4jARQRFANln2qGI,Kaolao Nang Loeng Pork Brain Shop,无障碍座位,否
ChIJhdkNRSKZ4jARo-VgQ65HGYU,Khao Gaeng Jek Pui (Je Chie),适合儿童,否
ChIJhdkNRSKZ4jARo-VgQ65HGYU,Khao Gaeng Jek Pui (Je Chie),适合观看体育,否
ChIJhdkNRSKZ4jARo-VgQ65HGYU,Khao Gaeng Jek Pui (Je Chie),有洗手间,否
ChIJhdkNRSKZ4jARo-VgQ65HGYU,Khao Gaeng Jek Pui (Je Chie),户外座位,是
ChIJhdkNRSKZ4jARo-VgQ65HGYU,Khao Gaeng Jek Pui (Je Chie),外带,是
ChIJhdkNRSKZ4jARo-VgQ65HGYU,Khao Gaeng Jek Pui (Je Chie),堂食,是
ChIJhdkNRSKZ4jARo-VgQ65HGYU,Khao Gaeng Jek Pui (Je Chie),供应早午餐,否
ChIJhdkNRSKZ4jARo-VgQ65HGYU,Khao Gaeng Jek Pui (Je Chie),供应午餐,是
ChIJhdkNRSKZ4jARo-VgQ65HGYU,Khao Gaeng Jek Pui (Je Chie),供应咖啡,否
ChIJhdkNRSKZ4jARo-VgQ65HGYU,Khao Gaeng Jek Pui (Je Chie),供应甜品,否
ChIJhdkNRSKZ4jARo-VgQ65HGYU,Khao Gaeng Jek Pui (Je Chie),供应啤酒,否
ChIJhdkNRSKZ4jARo-VgQ65HGYU,Khao Gaeng Jek Pui (Je Chie),供应鸡尾酒,否
ChIJhdkNRSKZ4jARo-VgQ65HGYU,Khao Gaeng Jek Pui (Je Chie),供应葡萄酒,否
ChIJhdkNRSKZ4jARo-VgQ65HGYU,Khao Gaeng Jek Pui (Je Chie),现场音乐,否
ChIJhdkNRSKZ4jARo-VgQ65HGYU,Khao Gaeng Jek Pui (Je Chie),无障碍停车,否
ChIJhdkNRSKZ4jARo-VgQ65HGYU,Khao Gaeng Jek Pui (Je Chie),无障碍座位,否
ChIJhdkNRSKZ4jARo-VgQ65HGYU,Khao Gaeng Jek Pui (Je Chie),可预约,否
ChIJhdkNRSKZ4jARo-VgQ65HGYU,Khao Gaeng Jek Pui (Je Chie),供应晚餐,是
ChIJc1iumRKZ4jARTth7ELdyDfw,Khrua Ratchadamnoen,可预约,是
ChIJP7FBkRGZ4jARQhD6fClpux4,Khrua Som Hom,无障碍入口,否
ChIJP7FBkRGZ4jARQhD6fClpux4,Khrua Som Hom,无障碍停车,否
ChIJP7FBkRGZ4jARQhD6fClpux4,Khrua Som Hom,可预约,是
ChIJN8lqeBSZ4jAReT6qXHgmoas,Krua Apsorn @Dinso,适合儿童,是
ChIJN8lqeBSZ4jAReT6qXHgmoas,Krua Apsorn @Dinso,适合观看体育,否
ChIJN8lqeBSZ4jAReT6qXHgmoas,Krua Apsorn @Dinso,有洗手间,是
ChIJN8lqeBSZ4jAReT6qXHgmoas,Krua Apsorn @Dinso,户外座位,否
ChIJN8lqeBSZ4jAReT6qXHgmoas,Krua Apsorn @Dinso,外带,是
ChIJN8lqeBSZ4jAReT6qXHgmoas,Krua Apsorn @Dinso,配送,是
ChIJN8lqeBSZ4jAReT6qXHgmoas,Krua Apsorn @Dinso,堂食,是
ChIJN8lqeBSZ4jAReT6qXHgmoas,Krua Apsorn @Dinso,路边取餐,是
ChIJN8lqeBSZ4jAReT6qXHgmoas,Krua Apsorn @Dinso,供应早餐,否
ChIJN8lqeBSZ4jAReT6qXHgmoas,Krua Apsorn @Dinso,供应早午餐,是
ChIJN8lqeBSZ4jAReT6qXHgmoas,Krua Apsorn @Dinso,供应午餐,是
ChIJN8lqeBSZ4jAReT6qXHgmoas,Krua Apsorn @Dinso,供应咖啡,是
ChIJN8lqeBSZ4jAReT6qXHgmoas,Krua Apsorn @Dinso,供应甜品,是
ChIJN8lqeBSZ4jAReT6qXHgmoas,Krua Apsorn @Dinso,供应啤酒,是
ChIJN8lqeBSZ4jAReT6qXHgmoas,Krua Apsorn @Dinso,供应鸡尾酒,否
ChIJN8lqeBSZ4jAReT6qXHgmoas,Krua Apsorn @Dinso,供应葡萄酒,否
ChIJN8lqeBSZ4jAReT6qXHgmoas,Krua Apsorn @Dinso,供应素食,是
ChIJN8lqeBSZ4jAReT6qXHgmoas,Krua Apsorn @Dinso,现场音乐,否
ChIJN8lqeBSZ4jAReT6qXHgmoas,Krua Apsorn @Dinso,无障碍入口,是
ChIJN8lqeBSZ4jAReT6qXHgmoas,Krua Apsorn @Dinso,无障碍停车,是
ChIJN8lqeBSZ4jAReT6qXHgmoas,Krua Apsorn @Dinso,无障碍座位,是
ChIJN8lqeBSZ4jAReT6qXHgmoas,Krua Apsorn @Dinso,可预约,是
ChIJN8lqeBSZ4jAReT6qXHgmoas,Krua Apsorn @Dinso,允许携带宠物,否
ChIJN8lqeBSZ4jAReT6qXHgmoas,Krua Apsorn @Dinso,适合团体,是
ChIJN8lqeBSZ4jAReT6qXHgmoas,Krua Apsorn @Dinso,供应晚餐,是
ChIJ28KKTQCZ4jARnIWxhfKgl6U,Krua Kitchen & Gallery,可预约,是
ChIJZ1Zj9CGZ4jARozjDFDNpisI,Kuay Jab Nay Lek,无障碍入口,否
ChIJZ1Zj9CGZ4jARozjDFDNpisI,Kuay Jab Nay Lek,无障碍停车,否
ChIJZ1Zj9CGZ4jARozjDFDNpisI,Kuay Jab Nay Lek,无障碍座位,否
ChIJZ1Zj9CGZ4jARozjDFDNpisI,Kuay Jab Nay Lek,可预约,否
ChIJn11fxiOZ4jAR2L8FwYje-pA,Lao Song Heng,无障碍入口,否
ChIJn11fxiOZ4jAR2L8FwYje-pA,Lao Song Heng,无障碍停车,否
ChIJn11fxiOZ4jAR2L8FwYje-pA,Lao Song Heng,无障碍座位,否
ChIJLUk-WhCZ4jARTOMBFCbc5ko,Long Aoei,无障碍入口,否
ChIJLUk-WhCZ4jARTOMBFCbc5ko,Long Aoei,无障碍停车,否
ChIJLUk-WhCZ4jARTOMBFCbc5ko,Long Aoei,无障碍座位,否
ChIJLUk-WhCZ4jARTOMBFCbc5ko,Long Aoei,可预约,是
ChIJX0LkNJqZ4jARHOJRM7KBeRc,MaeThum Padthai,无障碍停车,否
ChIJqTQ3hhSZ4jARvwwlrAP_VwQ,Methavalai Sorndaeng,适合儿童,是
ChIJqTQ3hhSZ4jARvwwlrAP_VwQ,Methavalai Sorndaeng,适合观看体育,否
ChIJqTQ3hhSZ4jARvwwlrAP_VwQ,Methavalai Sorndaeng,有洗手间,是
ChIJqTQ3hhSZ4jARvwwlrAP_VwQ,Methavalai Sorndaeng,户外座位,否
ChIJqTQ3hhSZ4jARvwwlrAP_VwQ,Methavalai Sorndaeng,外带,是
ChIJqTQ3hhSZ4jARvwwlrAP_VwQ,Methavalai Sorndaeng,配送,是
ChIJqTQ3hhSZ4jARvwwlrAP_VwQ,Methavalai Sorndaeng,堂食,是
ChIJqTQ3hhSZ4jARvwwlrAP_VwQ,Methavalai Sorndaeng,供应早餐,否
ChIJqTQ3hhSZ4jARvwwlrAP_VwQ,Methavalai Sorndaeng,供应早午餐,是
ChIJqTQ3hhSZ4jARvwwlrAP_VwQ,Methavalai Sorndaeng,供应午餐,是
ChIJqTQ3hhSZ4jARvwwlrAP_VwQ,Methavalai Sorndaeng,供应咖啡,是
ChIJqTQ3hhSZ4jARvwwlrAP_VwQ,Methavalai Sorndaeng,供应甜品,是
ChIJqTQ3hhSZ4jARvwwlrAP_VwQ,Methavalai Sorndaeng,供应啤酒,是
ChIJqTQ3hhSZ4jARvwwlrAP_VwQ,Methavalai Sorndaeng,供应鸡尾酒,是
ChIJqTQ3hhSZ4jARvwwlrAP_VwQ,Methavalai Sorndaeng,供应葡萄酒,是
ChIJqTQ3hhSZ4jARvwwlrAP_VwQ,Methavalai Sorndaeng,供应素食,是
ChIJqTQ3hhSZ4jARvwwlrAP_VwQ,Methavalai Sorndaeng,现场音乐,是
ChIJqTQ3hhSZ4jARvwwlrAP_VwQ,Methavalai Sorndaeng,无障碍入口,是
ChIJqTQ3hhSZ4jARvwwlrAP_VwQ,Methavalai Sorndaeng,无障碍停车,是
ChIJqTQ3hhSZ4jARvwwlrAP_VwQ,Methavalai Sorndaeng,无障碍座位,是
ChIJqTQ3hhSZ4jARvwwlrAP_VwQ,Methavalai Sorndaeng,可预约,是
ChIJqTQ3hhSZ4jARvwwlrAP_VwQ,Methavalai Sorndaeng,允许携带宠物,否
ChIJqTQ3hhSZ4jARvwwlrAP_VwQ,Methavalai Sorndaeng,适合团体,是
ChIJqTQ3hhSZ4jARvwwlrAP_VwQ,Methavalai Sorndaeng,供应晚餐,是
ChIJqTQ3hhSZ4jARvwwlrAP_VwQ,Methavalai Sorndaeng,无障碍洗手间,是
ChIJYzOn8BOZ4jARh8GAgyjqAIQ,Mit Ko Yuan Restaurant,适合儿童,是
ChIJYzOn8BOZ4jARh8GAgyjqAIQ,Mit Ko Yuan Restaurant,适合观看体育,否
ChIJYzOn8BOZ4jARh8GAgyjqAIQ,Mit Ko Yuan Restaurant,有洗手间,是
ChIJYzOn8BOZ4jARh8GAgyjqAIQ,Mit Ko Yuan Restaurant,户外座位,否
ChIJYzOn8BOZ4jARh8GAgyjqAIQ,Mit Ko Yuan Restaurant,外带,是
ChIJYzOn8BOZ4jARh8GAgyjqAIQ,Mit Ko Yuan Restaurant,配送,是
ChIJYzOn8BOZ4jARh8GAgyjqAIQ,Mit Ko Yuan Restaurant,堂食,是
ChIJYzOn8BOZ4jARh8GAgyjqAIQ,Mit Ko Yuan Restaurant,供应早餐,否
ChIJYzOn8BOZ4jARh8GAgyjqAIQ,Mit Ko Yuan Restaurant,供应午餐,是
ChIJYzOn8BOZ4jARh8GAgyjqAIQ,Mit Ko Yuan Restaurant,供应咖啡,否
ChIJYzOn8BOZ4jARh8GAgyjqAIQ,Mit Ko Yuan Restaurant,供应甜品,否
ChIJYzOn8BOZ4jARh8GAgyjqAIQ,Mit Ko Yuan Restaurant,供应啤酒,是
ChIJYzOn8BOZ4jARh8GAgyjqAIQ,Mit Ko Yuan Restaurant,供应鸡尾酒,否
ChIJYzOn8BOZ4jARh8GAgyjqAIQ,Mit Ko Yuan Restaurant,供应葡萄酒,否
ChIJYzOn8BOZ4jARh8GAgyjqAIQ,Mit Ko Yuan Restaurant,现场音乐,否
ChIJYzOn8BOZ4jARh8GAgyjqAIQ,Mit Ko Yuan Restaurant,无障碍入口,否
ChIJYzOn8BOZ4jARh8GAgyjqAIQ,Mit Ko Yuan Restaurant,无障碍停车,否
ChIJYzOn8BOZ4jARh8GAgyjqAIQ,Mit Ko Yuan Restaurant,无障碍座位,否
ChIJYzOn8BOZ4jARh8GAgyjqAIQ,Mit Ko Yuan Restaurant,适合团体,是
ChIJYzOn8BOZ4jARh8GAgyjqAIQ,Mit Ko Yuan Restaurant,供应晚餐,是
ChIJIUU5Lm2Z4jARAvWCA0tEHtQ,My Darling,无障碍入口,否
ChIJI2XO5BOZ4jARYwpwQpslZL0,Niyom Potchana,无障碍入口,否
ChIJI2XO5BOZ4jARYwpwQpslZL0,Niyom Potchana,无障碍停车,否
ChIJI2XO5BOZ4jARYwpwQpslZL0,Niyom Potchana,无障碍座位,否
ChIJI2XO5BOZ4jARYwpwQpslZL0,Niyom Potchana,可预约,是
ChIJgeO0SWuZ4jAR8KeWm3lWz4M,PaDang Kitchen,无障碍入口,否
ChIJgeO0SWuZ4jAR8KeWm3lWz4M,PaDang Kitchen,无障碍停车,是
ChIJgeO0SWuZ4jAR8KeWm3lWz4M,PaDang Kitchen,无障碍座位,是
ChIJgeO0SWuZ4jAR8KeWm3lWz4M,PaDang Kitchen,可预约,是
ChIJgeO0SWuZ4jAR8KeWm3lWz4M,PaDang Kitchen,无障碍洗手间,否
ChIJv_Q5T2uZ4jAR8xSdU8m0UFo,Pat Café BoRaan (แพท คาเฟ่ โบราณ),无障碍入口,是
ChIJv_Q5T2uZ4jAR8xSdU8m0UFo,Pat Café BoRaan (แพท คาเฟ่ โบราณ),无障碍停车,是
ChIJv_Q5T2uZ4jAR8xSdU8m0UFo,Pat Café BoRaan (แพท คาเฟ่ โบราณ),可预约,是
ChIJIWlio8KZ4jARtmoZ4pEglqU,Phukej Restaurant,可预约,是
ChIJR7ge-hmZ4jARtJIF81HrXAE,Puyai Lee Restaurant,无障碍入口,是
ChIJR7ge-hmZ4jARtJIF81HrXAE,Puyai Lee Restaurant,无障碍停车,否
ChIJR7ge-hmZ4jARtJIF81HrXAE,Puyai Lee Restaurant,无障碍座位,是
ChIJR7ge-hmZ4jARtJIF81HrXAE,Puyai Lee Restaurant,可预约,是
ChIJjYPUa8GZ4jARi9fgigQOiR8,RONGROS,无障碍入口,否
ChIJjYPUa8GZ4jARi9fgigQOiR8,RONGROS,无障碍停车,否
ChIJjYPUa8GZ4jARi9fgigQOiR8,RONGROS,无障碍座位,否
ChIJjYPUa8GZ4jARi9fgigQOiR8,RONGROS,可预约,是
ChIJaxq89xaZ4jARQtKhE1uqq9c,Raan Jay Fai,适合儿童,否
ChIJaxq89xaZ4jARQtKhE1uqq9c,Raan Jay Fai,适合观看体育,否
ChIJaxq89xaZ4jARQtKhE1uqq9c,Raan Jay Fai,有洗手间,是
ChIJaxq89xaZ4jARQtKhE1uqq9c,Raan Jay Fai,户外座位,是
ChIJaxq89xaZ4jARQtKhE1uqq9c,Raan Jay Fai,外带,是
ChIJaxq89xaZ4jARQtKhE1uqq9c,Raan Jay Fai,堂食,是
ChIJaxq89xaZ4jARQtKhE1uqq9c,Raan Jay Fai,路边取餐,否
ChIJaxq89xaZ4jARQtKhE1uqq9c,Raan Jay Fai,供应早餐,否
ChIJaxq89xaZ4jARQtKhE1uqq9c,Raan Jay Fai,供应早午餐,是
ChIJaxq89xaZ4jARQtKhE1uqq9c,Raan Jay Fai,供应午餐,是
ChIJaxq89xaZ4jARQtKhE1uqq9c,Raan Jay Fai,供应咖啡,否
ChIJaxq89xaZ4jARQtKhE1uqq9c,Raan Jay Fai,供应甜品,否
ChIJaxq89xaZ4jARQtKhE1uqq9c,Raan Jay Fai,供应啤酒,是
ChIJaxq89xaZ4jARQtKhE1uqq9c,Raan Jay Fai,供应鸡尾酒,否
ChIJaxq89xaZ4jARQtKhE1uqq9c,Raan Jay Fai,供应葡萄酒,否
ChIJaxq89xaZ4jARQtKhE1uqq9c,Raan Jay Fai,供应素食,是
ChIJaxq89xaZ4jARQtKhE1uqq9c,Raan Jay Fai,现场音乐,否
ChIJaxq89xaZ4jARQtKhE1uqq9c,Raan Jay Fai,无障碍入口,否
ChIJaxq89xaZ4jARQtKhE1uqq9c,Raan Jay Fai,无障碍停车,否
ChIJaxq89xaZ4jARQtKhE1uqq9c,Raan Jay Fai,无障碍座位,否
ChIJaxq89xaZ4jARQtKhE1uqq9c,Raan Jay Fai,可预约,是
ChIJaxq89xaZ4jARQtKhE1uqq9c,Raan Jay Fai,允许携带宠物,否
ChIJaxq89xaZ4jARQtKhE1uqq9c,Raan Jay Fai,供应晚餐,是
ChIJaxq89xaZ4jARQtKhE1uqq9c,Raan Jay Fai,无障碍洗手间,否
ChIJxbaoswaZ4jAR6rPYQd9t2uA,Rodchad Kaprow,无障碍停车,否
ChIJES6fOZyZ4jARdm-CczuHFHY,RosSamran (รสสำราญ),可预约,是
ChIJe3-XQxCZ4jAR3-0RRlsGVxk,Rosaroi PhraNakhon รสอร่อย พระนคร,无障碍座位,是
ChIJG1OofgCZ4jARXsx_H9L2E80,Rosirin Café & Bar รสสิรินท์ร by เวียงใต้,无障碍入口,是
ChIJG1OofgCZ4jARXsx_H9L2E80,Rosirin Café & Bar รสสิรินท์ร by เวียงใต้,可预约,是
ChIJB-4hdgCZ4jAR13qj3GA04jk,S&P Restaurant & Bekery,可预约,是
ChIJO8TqvWyZ4jARJ3_ZAlMWJbY,SIAM ORIGINS,无障碍座位,是
ChIJO8TqvWyZ4jARJ3_ZAlMWJbY,SIAM ORIGINS,可预约,是
ChIJg4mOiySZ4jARp3NPQ9A9RGc,Sang Tha Tian,无障碍入口,否
ChIJg4mOiySZ4jARp3NPQ9A9RGc,Sang Tha Tian,无障碍停车,否
ChIJg4mOiySZ4jARp3NPQ9A9RGc,Sang Tha Tian,无障碍座位,否
ChIJg4mOiySZ4jARp3NPQ9A9RGc,Sang Tha Tian,可预约,是
ChIJg2cA_BOZ4jARbGS3W8TDU20,Saw Nah Wang,无障碍入口,否
ChIJg2cA_BOZ4jARbGS3W8TDU20,Saw Nah Wang,无障碍停车,否
ChIJg2cA_BOZ4jARbGS3W8TDU20,Saw Nah Wang,无障碍座位,否
ChIJg2cA_BOZ4jARbGS3W8TDU20,Saw Nah Wang,可预约,否
ChIJI8RErwSZ4jARa52nmelXqz0,Seo Lang,无障碍入口,否
ChIJI8RErwSZ4jARa52nmelXqz0,Seo Lang,无障碍停车,否
ChIJI8RErwSZ4jARa52nmelXqz0,Seo Lang,无障碍座位,否
ChIJI8RErwSZ4jARa52nmelXqz0,Seo Lang,可预约,否
ChIJc_3ekBGZ4jAR8YNM8oyK6-s,Seri ร้านเสรี,无障碍入口,否
ChIJc_3ekBGZ4jAR8YNM8oyK6-s,Seri ร้านเสรี,无障碍停车,否
ChIJc_3ekBGZ4jAR8YNM8oyK6-s,Seri ร้านเสรี,无障碍座位,否
ChIJeeyCzJOZ4jARnijUZok0prY,Somtam Ha Yaek,可预约,是
ChIJ1ZUFby-Z4jARG1iyTAZWxjw,"Somtum Der, Tha Tien ส้มตำเด้อ ท่าเตียน",无障碍入口,否
ChIJ1ZUFby-Z4jARG1iyTAZWxjw,"Somtum Der, Tha Tien ส้มตำเด้อ ท่าเตียน",可预约,是
ChIJjZS9RwSZ4jARNZMgiT03fJ4,Supanniga Eating Room Tha Tien,无障碍入口,否
ChIJjZS9RwSZ4jARNZMgiT03fJ4,Supanniga Eating Room Tha Tien,无障碍停车,否
ChIJjZS9RwSZ4jARNZMgiT03fJ4,Supanniga Eating Room Tha Tien,无障碍座位,否
ChIJjZS9RwSZ4jARNZMgiT03fJ4,Supanniga Eating Room Tha Tien,可预约,是
ChIJfX5VxgWZ4jARunaN7-8daME,THE SIXTH 6th,无障碍入口,否
ChIJfX5VxgWZ4jARunaN7-8daME,THE SIXTH 6th,无障碍停车,否
ChIJfX5VxgWZ4jARunaN7-8daME,THE SIXTH 6th,可预约,否
ChIJpwDjIxuZ4jARWreXxzQCwCQ,Thai Heng Li Restaurant,无障碍停车,否
ChIJpwDjIxuZ4jARWreXxzQCwCQ,Thai Heng Li Restaurant,无障碍座位,否
ChIJpwDjIxuZ4jARWreXxzQCwCQ,Thai Heng Li Restaurant,可预约,否
ChIJxeRITBmZ4jAR4TQNYRZYstw,The Originals Mae On's Curry Over Rice at Saphan Han,无障碍入口,否
ChIJxeRITBmZ4jAR4TQNYRZYstw,The Originals Mae On's Curry Over Rice at Saphan Han,无障碍停车,否
ChIJxeRITBmZ4jAR4TQNYRZYstw,The Originals Mae On's Curry Over Rice at Saphan Han,无障碍座位,否
ChIJuygu3fyZ4jARUC_Gds9Hff8,Tik’s Spicy Salad,无障碍停车,否
ChIJuygu3fyZ4jARUC_Gds9Hff8,Tik’s Spicy Salad,无障碍座位,否
ChIJf2yG3BOZ4jARE3o3rhUTyJk,Uncle & Friends,可预约,是
ChIJVYWK3BOZ4jAR_M5fGQk0OrA,Yui mung bean rice-crepe,无障碍入口,否
ChIJVYWK3BOZ4jAR_M5fGQk0OrA,Yui mung bean rice-crepe,无障碍停车,否
ChIJVYWK3BOZ4jAR_M5fGQk0OrA,Yui mung bean rice-crepe,无障碍座位,否
ChIJ_8IVPhqZ4jARwJZltUwb7Hk,ครัวชฎา,可预约,是
ChIJEdxBjROZ4jARaqB9gQHgfu8,บ้าน ๑๐๐ ปี,可预约,是
ChIJY3fswo-Z4jARm0mwI29TW1M,ร้านขจร | Kajohn Authentic Southern Thai Cuisine,无障碍座位,是
ChIJY3fswo-Z4jARm0mwI29TW1M,ร้านขจร | Kajohn Authentic Southern Thai Cuisine,可预约,是
ChIJD8VD_L6Z4jAR0eSw7J8tcoM,ร้านอาหาร J&B,可预约,是
ChIJH9ZLOWCZ4jARubSaEqTFMaQ,ร้านไก่ทอด หมูทอด,无障碍停车,否
ChIJy68JUD6Z4jARCkygmXXFjJM,สุธาทิพย์ขนมจีนไหหลำ 陳裕盛,无障碍入口,否
ChIJy68JUD6Z4jARCkygmXXFjJM,สุธาทิพย์ขนมจีนไหหลำ 陳裕盛,无障碍停车,否
ChIJy68JUD6Z4jARCkygmXXFjJM,สุธาทิพย์ขนมจีนไหหลำ 陳裕盛,无障碍座位,否
ChIJy68JUD6Z4jARCkygmXXFjJM,สุธาทิพย์ขนมจีนไหหลำ 陳裕盛,可预约,否
ChIJ5xUnRWGZ4jARhMo0GWgbJVM,ส้มตำสุวรรณี(ยายนาง)​,无障碍入口,否
ChIJ5xUnRWGZ4jARhMo0GWgbJVM,ส้มตำสุวรรณี(ยายนาง)​,可预约,是
ChIJifZ0FKuZ4jARKecZ90T_JxU,อ้วนโภชนา อาหารไทย อีสาน (ตำนานกว่า 40 ปี),可预约,是
ChIJ7SZIk_qZ4jARVCPF1e8yWuk,เฮียเม้งก๋วยเตี๋ยวเป็ด ตลาดตรอกหม้อ,无障碍入口,否
ChIJp-NPayKZ4jAR0iEfwB-800A,Jae Lee Vegan,可预约,否
ChIJ2aZ45AWZ4jARk6CNKwMHa-A,Kem-Kon Vegan Phahurat,无障碍入口,否
ChIJ2aZ45AWZ4jARk6CNKwMHa-A,Kem-Kon Vegan Phahurat,无障碍停车,否
ChIJFfYmYOWZ4jARDkhCxaszX_I,Mello Vegan,可预约,是
ChIJobojk76Z4jAR0AmSzV3wDLY,Vegan Pranakhon- Khaosan Road วีแกนพระนคร- ถนนข้าวสาร,可预约,是
ChIJtQpmMhOZ4jARJiZhOZuPJFs,Ethos Vegetarian & Vegan Restaurant,无障碍入口,否
ChIJtQpmMhOZ4jARJiZhOZuPJFs,Ethos Vegetarian & Vegan Restaurant,无障碍停车,否
ChIJtQpmMhOZ4jARJiZhOZuPJFs,Ethos Vegetarian & Vegan Restaurant,无障碍座位,否
ChIJtQpmMhOZ4jARJiZhOZuPJFs,Ethos Vegetarian & Vegan Restaurant,无障碍洗手间,否
ChIJK9KcKwCZ4jARzo42vQ8RFlw,GYO FU Vegetarian Dumplings - เกี๊ยวฟู,可预约,是
ChIJcfWPPiKZ4jAR3SYBtYzKCOs,Jae Oa Vegetarian,无障碍入口,否
ChIJcfWPPiKZ4jAR3SYBtYzKCOs,Jae Oa Vegetarian,无障碍停车,否
ChIJcfWPPiKZ4jAR3SYBtYzKCOs,Jae Oa Vegetarian,无障碍座位,否
ChIJqfcXYRmZ4jARsbM6bvRZ_Ek,Punjabi Masala Indian Restaurant,无障碍入口,否
ChIJqfcXYRmZ4jARsbM6bvRZ_Ek,Punjabi Masala Indian Restaurant,无障碍停车,否
ChIJV9-ZLBKZ4jARBxYS3UFf4V8,Vegetarian Healthy Food Restaurant,无障碍停车,否
ChIJ9dfwywWZ4jARKuuXPZ3f1tg,Tonkin Annam,无障碍入口,否
ChIJ9dfwywWZ4jARKuuXPZ3f1tg,Tonkin Annam,无障碍停车,否
ChIJ9dfwywWZ4jARKuuXPZ3f1tg,Tonkin Annam,无障碍座位,否
ChIJ9dfwywWZ4jARKuuXPZ3f1tg,Tonkin Annam,可预约,是
ChIJd_eU9gOZ4jART3P_cATpV0Y,Yuenan - เยี่ยหนาน สาขานางเลิ้ง,可预约,是
ChIJESDN2VaZ4jARem9H7ZirOlw,ปากหม้อ พุ-พาน สาขาตะนาว,无障碍入口,否
ChIJESDN2VaZ4jARem9H7ZirOlw,ปากหม้อ พุ-พาน สาขาตะนาว,无障碍停车,否
