交通类型代码,交通类型中文,agency_id,agency_name,agency_url,agency_timezone,agency_name_泰文,agency_name_英文
4,轮渡,AS,บริษัท อริษา สปีดโบ๊ท จำกัด;Arisa Speedboat,https://www.facebook.com/Ruaengwit/?locale=th_TH,Asia/Bangkok,บริษัท อริษา สปีดโบ๊ท จำกัด,Arisa Speedboat
4,轮渡,AT,บริษัท อ่าวนาง เทรเวล จำกัด;Aonang Travel,https://www.aonangtravel.co.th/th,Asia/Bangkok,บริษัท อ่าวนาง เทรเวล จำกัด,Aonang Travel
4,轮渡,AWM,บริษัท อันดามัน เวฟ มาสเตอร์ จำกัด;andaman wave master,https://www.andamanwavemaster.com/,Asia/Bangkok,บริษัท อันดามัน เวฟ มาสเตอร์ จำกัด,andaman wave master
4,轮渡,BS,บริษัท บันดาหยา จำกัด;Bundhaya speed boat,https://www.bundhayaspeedboat.com/,Asia/Bangkok,บริษัท บันดาหยา จำกัด,Bundhaya speed boat
4,轮渡,BTK,"บ.กรุงเทพธนาคม;The Krungthep Thanakom Co.,Ltd",http://www.thanakom.co.th/thanakom/,Asia/Bangkok,บ.กรุงเทพธนาคม,"The Krungthep Thanakom Co.,Ltd"
4,轮渡,CG,บริษัท ชาวเกาะ กรุ๊ป จำกัด;Chaokoh Group,https://www.chaokohferry.com/,Asia/Bangkok,บริษัท ชาวเกาะ กรุ๊ป จำกัด,Chaokoh Group
4,轮渡,CPL,บริษัท ชาวเกาะ ลอร์ด จำกัด; Chaokoh PhiPhi Lodge,-,Asia/Bangkok,บริษัท ชาวเกาะ ลอร์ด จำกัด,Chaokoh PhiPhi Lodge
4,轮渡,CT,บริษัท ชูเรียง จำกัด;Chureang Travel,https://chureangtravel.com/,Asia/Bangkok,บริษัท ชูเรียง จำกัด,Chureang Travel
4,轮渡,FT,บ.ครอบครัวขนส่ง;Family transport company,http://www.md.go.th,Asia/Bangkok,บ.ครอบครัวขนส่ง,Family transport company
4,轮渡,KS,บริษัท ขนิษฐา สปีดโบ๊ท จำกัด;Kanichta Speedboat,https://www.kanichtaspeedboat.com/,Asia/Bangkok,บริษัท ขนิษฐา สปีดโบ๊ท จำกัด,Kanichta Speedboat
4,轮渡,LS,บริษัท ลันตาซุปเปอร์คอนคอร์ด;Lanta Superconcord,-,Asia/Bangkok,บริษัท ลันตาซุปเปอร์คอนคอร์ด,Lanta Superconcord
4,轮渡,LTP,บริษัท ลันตา เพชรไพลิน จำกัด;Lanta Petpailin,-,Asia/Bangkok,บริษัท ลันตา เพชรไพลิน จำกัด,Lanta Petpailin
4,轮渡,PPC,บริษัท พีพี ครุยเซอร์ จำกัด;Phi Phi Cruiser,http://www.phiphi-cruisers.com,Asia/Bangkok,บริษัท พีพี ครุยเซอร์ จำกัด,Phi Phi Cruiser
4,轮渡,PPCS,บริษัท พีพี คาบาน่า สปีดโบ๊ท จำกัด;Phiphi Cabana Speed Boat ,https://www.facebook.com/p/Phiphi-Cabana-Speed-Boat-100083349968256/,Asia/Bangkok,บริษัท พีพี คาบาน่า สปีดโบ๊ท จำกัด,Phiphi Cabana Speed Boat
4,轮渡,PPCT,บริษัท พีพี ชูกิจ ทองเกิด จำกัด;PP. Chookit Thongkerd,-,Asia/Bangkok,บริษัท พีพี ชูกิจ ทองเกิด จำกัด,PP. Chookit Thongkerd
4,轮渡,PPL,"บริษัท พีพี โลจิสติกส์ จำกัด;PP Logistics Co.,Ltd",https://www.gophiphiisland.com/?fbclid=IwZXh0bgNhZW0CMTAAAR0G_MMeyI6G2W9fnjGVfzEW18tS9H4YvCcNB9AFv4MAa4DUMEHJtCE9RRY_aem_ZmFrZWR1bW15MTZieXRlcw,Asia/Bangkok,บริษัท พีพี โลจิสติกส์ จำกัด,"PP Logistics Co.,Ltd"
4,轮渡,PPSM,บริษัท พีพี สบายดี มารีน จำกัด;P.P. Sabai Marine ,https://www.facebook.com/PPSabaimarine,Asia/Bangkok,บริษัท พีพี สบายดี มารีน จำกัด,P.P. Sabai Marine
4,轮渡,PS1,นายจำรูญ สงวนสิน;-,-,Asia/Bangkok,นายจำรูญ สงวนสิน,
4,轮渡,PS2,นายสุริยา ห่วงผล ;-,-,Asia/Bangkok,นายสุริยา ห่วงผล,
4,轮渡,PS3,นายสุชล มุกดา;-,-,Asia/Bangkok,นายสุชล มุกดา,
4,轮渡,PS4,นายประยูร เก็บทรัพย์;-,-,Asia/Bangkok,นายประยูร เก็บทรัพย์,
4,轮渡,PS5,นายประวิทย์ ประสานการ;-,-,Asia/Bangkok,นายประวิทย์ ประสานการ,
4,轮渡,SA,บริษัท ซีแองเจิ้ล จำกัด;Sea Angel,https://www.facebook.com/seaangelthailand/?locale=th_TH,Asia/Bangkok,บริษัท ซีแองเจิ้ล จำกัด,Sea Angel
4,轮渡,SPS,บริษัท สตูล ปากบารา สปีดโบ๊ท;Satun Pakbara Speed Boat,https://www.spcthailand.com/th/,Asia/Bangkok,บริษัท สตูล ปากบารา สปีดโบ๊ท,Satun Pakbara Speed Boat
4,轮渡,SST,"แสงสุวรรณทัวร์;SANGSUWAN TOUR CO.,LTD.",https://www.busandvan.com/,Asia/Bangkok,แสงสุวรรณทัวร์,"SANGSUWAN TOUR CO.,LTD."
4,轮渡,ST,"บ.สุภัทรา;Supattra Travel Co.,Ltd",http://www.md.go.th,Asia/Bangkok,บ.สุภัทรา,"Supattra Travel Co.,Ltd"
4,轮渡,TL,"บริษัท ไทเกอร์ ไลน์ จำกัด;Tigerline Travel Co., Ltd.",http://tigerlinetravel.com,Asia/Bangkok,บริษัท ไทเกอร์ ไลน์ จำกัด,"Tigerline Travel Co., Ltd."
4,轮渡,TSB (BOAT),ไทย สมายล์ โบ้ท;thai smile boat,https://thaismilegroup.com/?page_id=10304,Asia/Bangkok,ไทย สมายล์ โบ้ท,thai smile boat
4,轮渡,TTA,บริษัท โทรีเซนไทย เอเยนต์ซีส์ จำกัด (มหาชน);THORESEN THAI AGENCIES PUBLIC COMPANY LIMITED,https://www.thoresen.com/th/home,Asia/Bangkok,บริษัท โทรีเซนไทย เอเยนต์ซีส์ จำกัด (มหาชน),THORESEN THAI AGENCIES PUBLIC COMPANY LIMITED
4,轮渡,UT,บริษัท ยูริป ทราเวล จำกัด;Urip Travel,https://www.facebook.com/uriptravel/,Asia/Bangkok,บริษัท ยูริป ทราเวล จำกัด,Urip Travel
