交通类型代码,交通类型中文,route_id,stop_id,最小stop_sequence,最大stop_sequence,经过行程数
4,轮渡,180,101,6,15,2
4,轮渡,180,102,7,14,2
4,轮渡,180,103,8,13,2
4,轮渡,180,104,9,12,2
4,轮渡,180,107,10,11,2
4,轮渡,180,109,10,11,2
4,轮渡,180,112,9,12,2
4,轮渡,180,114,7,14,2
4,轮渡,180,120,6,15,2
4,轮渡,180,123,4,17,2
4,轮渡,180,124,2,19,2
4,轮渡,180,125,1,20,2
4,轮渡,180,13945,8,13,2
4,轮渡,180,13947,5,16,2
4,轮渡,180,16642,3,18,2
4,轮渡,180,92,1,20,2
4,轮渡,180,94,2,19,2
4,轮渡,180,95,3,18,2
4,轮渡,180,96,4,17,2
4,轮渡,180,99,5,16,2
4,轮渡,181,101,11,20,2
4,轮渡,181,102,12,19,2
4,轮渡,181,103,13,18,2
4,轮渡,181,104,14,17,2
4,轮渡,181,105,15,16,2
4,轮渡,181,106,15,16,2
4,轮渡,181,107,14,17,2
4,轮渡,181,108,13,18,2
4,轮渡,181,109,12,19,2
4,轮渡,181,110,11,20,2
4,轮渡,181,111,10,21,2
4,轮渡,181,112,9,22,2
4,轮渡,181,113,8,23,2
4,轮渡,181,114,7,24,2
4,轮渡,181,115,6,25,2
4,轮渡,181,116,5,26,2
4,轮渡,181,117,4,27,2
4,轮渡,181,118,3,28,2
4,轮渡,181,119,2,29,2
4,轮渡,181,120,1,30,2
4,轮渡,181,121,2,29,2
4,轮渡,181,122,1,30,2
4,轮渡,181,92,3,28,2
4,轮渡,181,93,4,27,2
4,轮渡,181,94,5,26,2
4,轮渡,181,95,6,25,2
4,轮渡,181,96,7,24,2
4,轮渡,181,97,8,23,2
4,轮渡,181,98,9,22,2
4,轮渡,181,99,10,21,2
4,轮渡,182,101,11,18,6
4,轮渡,182,102,12,17,6
4,轮渡,182,103,13,16,6
4,轮渡,182,104,14,15,6
4,轮渡,182,105,14,15,6
4,轮渡,182,107,13,16,6
4,轮渡,182,108,12,17,6
4,轮渡,182,109,11,18,6
4,轮渡,182,111,10,19,6
4,轮渡,182,112,9,20,6
4,轮渡,182,113,7,22,6
4,轮渡,182,114,6,23,6
4,轮渡,182,116,5,24,6
4,轮渡,182,117,4,25,6
4,轮渡,182,118,3,26,6
4,轮渡,182,119,2,27,6
4,轮渡,182,120,1,28,6
4,轮渡,182,122,1,28,6
4,轮渡,182,13945,8,21,6
4,轮渡,182,13951,4,25,6
4,轮渡,182,146,19,19,3
4,轮渡,182,16593,10,10,3
4,轮渡,182,92,2,27,6
4,轮渡,182,93,3,26,6
4,轮渡,182,94,5,24,6
4,轮渡,182,95,6,23,6
4,轮渡,182,96,7,22,6
4,轮渡,182,97,8,21,6
4,轮渡,182,99,9,20,6
4,轮渡,183,101,6,10,2
4,轮渡,183,102,7,9,2
4,轮渡,183,103,8,8,2
4,轮渡,183,104,7,9,2
4,轮渡,183,107,6,10,2
4,轮渡,183,109,5,11,2
4,轮渡,183,112,4,12,2
4,轮渡,183,114,2,14,2
4,轮渡,183,120,1,15,2
4,轮渡,183,13945,3,13,2
4,轮渡,183,92,1,15,2
4,轮渡,183,94,2,14,2
4,轮渡,183,95,3,13,2
4,轮渡,183,96,4,12,2
4,轮渡,183,99,5,11,2
4,轮渡,184,303,1,15,4
4,轮渡,184,304,2,14,4
4,轮渡,184,305,3,13,4
4,轮渡,184,306,4,12,4
4,轮渡,184,307,5,11,4
4,轮渡,184,308,6,10,4
4,轮渡,184,309,7,9,4
4,轮渡,184,310,8,8,4
4,轮渡,184,311,7,9,4
4,轮渡,184,312,6,10,4
4,轮渡,184,313,5,11,4
4,轮渡,184,314,4,12,4
4,轮渡,184,315,3,13,4
4,轮渡,184,316,2,14,4
4,轮渡,184,317,1,15,4
4,轮渡,185,13948,13,16,3
4,轮渡,185,171,1,28,4
4,轮渡,185,172,2,27,4
4,轮渡,185,173,3,26,4
4,轮渡,185,174,4,25,4
4,轮渡,185,175,5,24,4
4,轮渡,185,176,6,23,4
4,轮渡,185,177,7,22,4
4,轮渡,185,178,8,21,4
4,轮渡,185,179,9,20,4
4,轮渡,185,180,10,19,4
4,轮渡,185,181,11,18,4
4,轮渡,185,182,12,17,4
4,轮渡,185,183,14,15,4
4,轮渡,185,184,14,15,4
4,轮渡,185,185,13,16,4
4,轮渡,185,186,12,17,4
4,轮渡,185,187,11,18,4
4,轮渡,185,188,10,19,4
4,轮渡,185,189,9,20,4
4,轮渡,185,190,8,21,4
4,轮渡,185,191,7,22,4
4,轮渡,185,192,6,23,4
4,轮渡,185,193,5,24,4
4,轮渡,185,194,4,25,4
4,轮渡,185,195,3,26,4
4,轮渡,185,196,2,27,4
4,轮渡,185,197,1,28,4
4,轮渡,187,126,1,2,4
4,轮渡,187,138,1,2,4
4,轮渡,188,163,1,2,4
4,轮渡,188,166,1,2,4
4,轮渡,189,136,1,2,4
4,轮渡,189,163,1,2,4
4,轮渡,190,161,1,2,4
4,轮渡,190,162,1,2,4
4,轮渡,191,146,1,2,4
4,轮渡,191,156,1,2,4
4,轮渡,192,132,1,2,4
4,轮渡,192,133,1,2,4
4,轮渡,193,141,1,2,4
4,轮渡,193,142,1,2,4
4,轮渡,194,137,1,2,4
4,轮渡,194,166,1,2,4
4,轮渡,195,148,1,2,4
4,轮渡,195,149,1,2,4
4,轮渡,196,143,1,2,4
4,轮渡,196,157,1,2,4
4,轮渡,197,135,1,2,4
4,轮渡,197,164,1,2,4
4,轮渡,198,134,1,2,4
4,轮渡,198,164,1,2,4
4,轮渡,199,130,1,2,4
4,轮渡,199,131,1,2,4
4,轮渡,200,155,1,2,4
4,轮渡,200,168,1,2,4
4,轮渡,201,154,1,2,4
4,轮渡,201,168,1,2,4
4,轮渡,2013,13590,1,11,4
4,轮渡,2013,13591,2,10,4
4,轮渡,2013,13592,3,9,4
4,轮渡,2013,13593,4,8,4
4,轮渡,2013,13594,5,7,4
4,轮渡,2013,13595,6,6,4
4,轮渡,2013,13596,5,7,4
4,轮渡,2013,13597,4,8,4
4,轮渡,2013,13598,3,9,4
4,轮渡,2013,13599,2,10,4
4,轮渡,2013,13600,1,11,4
4,轮渡,202,127,1,2,4
4,轮渡,202,140,1,2,4
4,轮渡,203,128,1,2,4
4,轮渡,203,145,1,2,4
4,轮渡,204,159,1,2,4
4,轮渡,204,160,1,2,4
4,轮渡,205,144,1,2,4
4,轮渡,205,165,1,2,4
4,轮渡,206,165,1,2,4
4,轮渡,206,166,1,2,4
4,轮渡,207,169,1,2,4
4,轮渡,207,170,1,2,4
4,轮渡,2073,102,5,7,2
4,轮渡,2073,104,6,6,2
4,轮渡,2073,107,5,7,2
4,轮渡,2073,112,4,8,2
4,轮渡,2073,114,2,10,2
4,轮渡,2073,120,1,11,2
4,轮渡,2073,13945,3,9,2
4,轮渡,2073,13951,2,10,2
4,轮渡,2073,92,1,11,2
4,轮渡,2073,96,3,9,2
4,轮渡,2073,99,4,8,2
4,轮渡,208,139,1,2,4
4,轮渡,208,158,1,2,4
4,轮渡,209,152,1,2,4
4,轮渡,209,167,1,2,4
4,轮渡,210,153,1,2,4
4,轮渡,210,167,1,2,4
4,轮渡,212,150,1,2,4
4,轮渡,212,151,1,2,4
4,轮渡,2284,126,1,2,2
4,轮渡,2284,13951,1,2,2
4,轮渡,2520,15986,2,12,4
4,轮渡,2520,15987,3,11,4
4,轮渡,2520,15988,4,10,4
4,轮渡,2520,15989,5,9,4
4,轮渡,2520,15990,6,8,4
4,轮渡,2520,15991,7,7,4
4,轮渡,2520,15992,6,8,4
4,轮渡,2520,15993,4,10,4
4,轮渡,2520,15994,5,9,4
4,轮渡,2520,15995,3,11,4
4,轮渡,2520,15996,2,12,4
4,轮渡,2520,15997,1,13,4
4,轮渡,2520,197,1,13,4
4,轮渡,2526,16060,1,2,2
4,轮渡,2526,16061,1,2,2
4,轮渡,2527,16060,1,2,2
4,轮渡,2527,16061,1,2,2
4,轮渡,2528,16060,1,2,2
4,轮渡,2528,16061,1,2,2
4,轮渡,2529,16060,1,1,1
4,轮渡,2529,16084,2,2,1
4,轮渡,2530,16061,1,2,2
4,轮渡,2530,16085,1,2,2
4,轮渡,2531,16061,1,2,2
4,轮渡,2531,16085,1,2,2
4,轮渡,2532,16061,1,2,2
4,轮渡,2532,16085,1,2,2
4,轮渡,2533,16061,1,2,2
4,轮渡,2533,16085,1,2,2
4,轮渡,2534,16061,1,2,2
4,轮渡,2534,16086,1,2,2
4,轮渡,2535,16084,2,2,1
4,轮渡,2535,16086,1,1,1
4,轮渡,2536,16086,1,1,1
4,轮渡,2536,16087,2,2,1
4,轮渡,2541,16061,1,1,1
4,轮渡,2541,16087,2,2,1
4,轮渡,2542,16061,1,1,1
4,轮渡,2542,16087,2,2,1
4,轮渡,2547,16060,1,2,2
4,轮渡,2547,16061,1,2,2
4,轮渡,2548,16061,1,2,2
4,轮渡,2548,16084,1,2,2
4,轮渡,2549,16061,1,1,1
4,轮渡,2549,16087,2,2,1
4,轮渡,2550,16061,1,1,1
4,轮渡,2550,16087,2,2,1
4,轮渡,2551,16061,1,1,1
4,轮渡,2551,16087,2,2,1
4,轮渡,2552,16061,1,1,1
4,轮渡,2552,16087,2,2,1
4,轮渡,2553,16061,1,1,1
4,轮渡,2553,16087,2,2,1
4,轮渡,2554,16061,1,1,1
4,轮渡,2554,16087,2,2,1
4,轮渡,2555,16061,1,1,1
4,轮渡,2555,16087,2,2,1
4,轮渡,2556,16061,1,1,1
4,轮渡,2556,16087,2,2,1
4,轮渡,2557,16061,2,2,1
4,轮渡,2557,16084,1,1,1
4,轮渡,2558,16061,2,2,1
4,轮渡,2558,16084,1,1,1
4,轮渡,2559,16061,2,2,1
4,轮渡,2559,16084,1,1,1
4,轮渡,2560,16061,1,1,1
4,轮渡,2560,16087,2,2,1
4,轮渡,2561,16061,1,1,1
4,轮渡,2561,16087,2,2,1
4,轮渡,2562,16088,1,1,1
4,轮渡,2562,16089,2,2,1
4,轮渡,2563,16088,1,1,1
4,轮渡,2563,16090,2,2,1
4,轮渡,2564,16088,1,1,1
4,轮渡,2564,16089,2,2,1
4,轮渡,2565,16088,1,1,1
4,轮渡,2565,16089,2,2,1
4,轮渡,2566,16088,1,1,1
4,轮渡,2566,16089,2,2,1
4,轮渡,2567,16061,1,1,1
4,轮渡,2567,16087,2,2,1
4,轮渡,2568,16061,1,1,1
4,轮渡,2568,16087,2,2,1
4,轮渡,2569,16061,1,1,1
4,轮渡,2569,16087,2,2,1
4,轮渡,2691,101,3,3,1
4,轮渡,2691,102,2,7,2
4,轮渡,2691,104,1,8,2
4,轮渡,2691,13946,6,6,1
4,轮渡,2691,13951,2,7,2
4,轮渡,2691,16592,4,5,2
4,轮渡,2691,92,1,8,2
4,轮渡,2691,96,3,6,2
4,轮渡,2691,99,4,5,2
4,轮渡,2693,102,8,9,2
4,轮渡,2693,104,8,9,2
4,轮渡,2693,107,7,10,2
4,轮渡,2693,109,6,11,2
4,轮渡,2693,112,5,12,2
4,轮渡,2693,114,3,14,2
4,轮渡,2693,120,2,15,2
4,轮渡,2693,13945,4,13,2
4,轮渡,2693,13947,1,16,2
4,轮渡,2693,14192,2,15,2
4,轮渡,2693,16593,7,10,2
4,轮渡,2693,92,1,16,2
4,轮渡,2693,94,3,14,2
4,轮渡,2693,95,4,13,2
4,轮渡,2693,96,5,12,2
4,轮渡,2693,99,6,11,2
4,轮渡,2715,101,9,15,6
4,轮渡,2715,102,10,14,6
4,轮渡,2715,103,10,13,6
4,轮渡,2715,104,9,13,6
4,轮渡,2715,105,11,14,4
4,轮渡,2715,107,8,15,6
4,轮渡,2715,109,7,16,6
4,轮渡,2715,112,6,17,6
4,轮渡,2715,113,4,19,6
4,轮渡,2715,114,3,20,6
4,轮渡,2715,117,4,21,2
4,轮渡,2715,118,2,22,6
4,轮渡,2715,119,2,23,2
4,轮渡,2715,120,1,24,6
4,轮渡,2715,122,1,24,6
4,轮渡,2715,13945,5,18,6
4,轮渡,2715,13951,3,22,6
4,轮渡,2715,146,13,16,3
4,轮渡,2715,16593,8,9,3
4,轮渡,2715,92,2,23,6
4,轮渡,2715,94,4,21,6
4,轮渡,2715,95,5,20,6
4,轮渡,2715,96,6,19,6
4,轮渡,2715,97,7,18,2
4,轮渡,2715,99,7,17,6
