交通类型代码,交通类型中文,fare_id,price,currency_type,payment_method,transfers,agency_id
4,轮渡,1065,11.00,THB,0,0,ST
4,轮渡,1066,11.00,THB,0,0,ST
4,轮渡,1067,11.00,THB,0,0,ST
4,轮渡,1068,11.00,THB,0,0,ST
4,轮渡,1069,11.00,THB,0,0,ST
4,轮渡,1070,11.00,THB,0,0,ST
4,轮渡,1071,11.00,THB,0,0,ST
4,轮渡,1072,11.00,THB,0,0,ST
4,轮渡,1073,11.00,THB,0,0,ST
4,轮渡,1074,11.00,THB,0,0,ST
4,轮渡,1075,11.00,THB,0,0,ST
4,轮渡,1076,11.00,THB,0,0,ST
4,轮渡,1077,9.00,THB,0,0,ST
4,轮渡,1078,9.00,THB,0,0,ST
4,轮渡,1079,9.00,THB,0,0,ST
4,轮渡,1080,9.00,THB,0,0,ST
4,轮渡,1081,9.00,THB,0,0,ST
4,轮渡,1082,9.00,THB,0,0,ST
4,轮渡,1083,9.00,THB,0,0,ST
4,轮渡,1084,9.00,THB,0,0,ST
4,轮渡,1085,9.00,THB,0,0,ST
4,轮渡,1086,9.00,THB,0,0,ST
4,轮渡,1087,9.00,THB,0,0,ST
4,轮渡,1088,9.00,THB,0,0,ST
4,轮渡,1089,9.00,THB,0,0,ST
4,轮渡,1090,9.00,THB,0,0,ST
4,轮渡,1091,9.00,THB,0,0,ST
4,轮渡,1092,11.00,THB,0,0,ST
4,轮渡,1093,11.00,THB,0,0,ST
4,轮渡,1094,11.00,THB,0,0,ST
4,轮渡,1095,11.00,THB,0,0,ST
4,轮渡,1096,11.00,THB,0,0,ST
4,轮渡,1097,11.00,THB,0,0,ST
4,轮渡,1098,11.00,THB,0,0,ST
4,轮渡,1099,11.00,THB,0,0,ST
4,轮渡,1100,9.00,THB,0,0,ST
4,轮渡,1101,9.00,THB,0,0,ST
4,轮渡,1102,9.00,THB,0,0,ST
4,轮渡,1103,9.00,THB,0,0,ST
4,轮渡,1104,9.00,THB,0,0,ST
4,轮渡,1105,9.00,THB,0,0,ST
4,轮渡,1106,9.00,THB,0,0,ST
4,轮渡,1107,9.00,THB,0,0,ST
4,轮渡,1108,9.00,THB,0,0,ST
4,轮渡,1109,9.00,THB,0,0,ST
4,轮渡,1110,9.00,THB,0,0,ST
4,轮渡,1111,9.00,THB,0,0,ST
4,轮渡,1112,9.00,THB,0,0,ST
4,轮渡,1113,9.00,THB,0,0,ST
4,轮渡,1114,9.00,THB,0,0,ST
4,轮渡,1115,11.00,THB,0,0,ST
4,轮渡,1116,11.00,THB,0,0,ST
4,轮渡,1117,11.00,THB,0,0,ST
4,轮渡,1118,11.00,THB,0,0,ST
4,轮渡,1119,11.00,THB,0,0,ST
4,轮渡,1120,11.00,THB,0,0,ST
4,轮渡,1121,11.00,THB,0,0,ST
4,轮渡,1122,11.00,THB,0,0,ST
4,轮渡,1123,14.00,THB,0,0,ST
4,轮渡,1124,9.00,THB,0,0,ST
4,轮渡,1125,9.00,THB,0,0,ST
4,轮渡,1126,9.00,THB,0,0,ST
4,轮渡,1127,9.00,THB,0,0,ST
4,轮渡,1128,9.00,THB,0,0,ST
4,轮渡,1129,9.00,THB,0,0,ST
4,轮渡,1130,9.00,THB,0,0,ST
4,轮渡,1131,9.00,THB,0,0,ST
4,轮渡,1132,9.00,THB,0,0,ST
4,轮渡,1133,11.00,THB,0,0,ST
4,轮渡,1134,11.00,THB,0,0,ST
4,轮渡,1135,11.00,THB,0,0,ST
4,轮渡,1136,11.00,THB,0,0,ST
4,轮渡,1137,11.00,THB,0,0,ST
4,轮渡,1138,11.00,THB,0,0,ST
4,轮渡,1139,11.00,THB,0,0,ST
4,轮渡,1140,11.00,THB,0,0,ST
4,轮渡,1141,11.00,THB,0,0,ST
4,轮渡,1142,11.00,THB,0,0,ST
4,轮渡,1143,11.00,THB,0,0,ST
4,轮渡,1144,11.00,THB,0,0,ST
4,轮渡,1145,14.00,THB,0,0,ST
4,轮渡,1146,14.00,THB,0,0,ST
4,轮渡,1147,14.00,THB,0,0,ST
4,轮渡,1148,14.00,THB,0,0,ST
4,轮渡,1149,14.00,THB,0,0,ST
4,轮渡,1150,14.00,THB,0,0,ST
4,轮渡,1151,14.00,THB,0,0,ST
4,轮渡,1152,11.00,THB,0,0,ST
4,轮渡,1153,9.00,THB,0,0,ST
4,轮渡,1154,9.00,THB,0,0,ST
4,轮渡,1155,9.00,THB,0,0,ST
4,轮渡,1156,9.00,THB,0,0,ST
4,轮渡,1157,9.00,THB,0,0,ST
4,轮渡,1158,9.00,THB,0,0,ST
4,轮渡,1159,9.00,THB,0,0,ST
4,轮渡,1160,9.00,THB,0,0,ST
4,轮渡,1161,9.00,THB,0,0,ST
4,轮渡,1162,9.00,THB,0,0,ST
4,轮渡,1163,9.00,THB,0,0,ST
4,轮渡,1164,9.00,THB,0,0,ST
4,轮渡,1165,9.00,THB,0,0,ST
4,轮渡,1166,9.00,THB,0,0,ST
4,轮渡,1167,9.00,THB,0,0,ST
4,轮渡,1168,9.00,THB,0,0,ST
4,轮渡,1169,9.00,THB,0,0,ST
4,轮渡,1170,9.00,THB,0,0,ST
4,轮渡,1171,9.00,THB,0,0,ST
4,轮渡,1172,9.00,THB,0,0,ST
4,轮渡,1173,9.00,THB,0,0,ST
4,轮渡,1174,9.00,THB,0,0,ST
4,轮渡,1175,9.00,THB,0,0,ST
4,轮渡,1176,11.00,THB,0,0,ST
4,轮渡,1177,11.00,THB,0,0,ST
4,轮渡,1178,11.00,THB,0,0,ST
4,轮渡,1179,11.00,THB,0,0,ST
4,轮渡,1180,11.00,THB,0,0,ST
4,轮渡,1181,9.00,THB,0,0,ST
4,轮渡,1182,11.00,THB,0,0,ST
4,轮渡,1183,11.00,THB,0,0,ST
4,轮渡,1184,11.00,THB,0,0,ST
4,轮渡,1185,11.00,THB,0,0,ST
4,轮渡,1186,11.00,THB,0,0,ST
4,轮渡,1187,11.00,THB,0,0,ST
4,轮渡,1188,11.00,THB,0,0,ST
4,轮渡,1189,11.00,THB,0,0,ST
4,轮渡,1190,9.00,THB,0,0,ST
4,轮渡,1191,9.00,THB,0,0,ST
4,轮渡,1192,9.00,THB,0,0,ST
4,轮渡,1193,9.00,THB,0,0,ST
4,轮渡,1194,9.00,THB,0,0,ST
4,轮渡,1195,9.00,THB,0,0,ST
4,轮渡,1196,9.00,THB,0,0,ST
4,轮渡,1197,9.00,THB,0,0,ST
4,轮渡,1198,9.00,THB,0,0,ST
4,轮渡,1199,9.00,THB,0,0,ST
4,轮渡,1200,9.00,THB,0,0,ST
4,轮渡,1201,9.00,THB,0,0,ST
4,轮渡,1202,9.00,THB,0,0,ST
4,轮渡,1203,9.00,THB,0,0,ST
4,轮渡,1204,9.00,THB,0,0,ST
4,轮渡,1205,9.00,THB,0,0,ST
4,轮渡,1206,9.00,THB,0,0,ST
4,轮渡,1207,9.00,THB,0,0,ST
4,轮渡,1208,9.00,THB,0,0,ST
4,轮渡,1209,9.00,THB,0,0,ST
4,轮渡,1210,9.00,THB,0,0,ST
4,轮渡,1211,9.00,THB,0,0,ST
4,轮渡,1212,9.00,THB,0,0,ST
4,轮渡,1213,9.00,THB,0,0,ST
4,轮渡,1214,9.00,THB,0,0,ST
4,轮渡,1215,9.00,THB,0,0,ST
4,轮渡,1216,9.00,THB,0,0,ST
4,轮渡,1217,9.00,THB,0,0,ST
4,轮渡,1218,9.00,THB,0,0,ST
4,轮渡,1219,9.00,THB,0,0,ST
4,轮渡,1220,9.00,THB,0,0,ST
4,轮渡,1221,14.00,THB,0,0,ST
4,轮渡,1222,14.00,THB,0,0,ST
4,轮渡,1223,14.00,THB,0,0,ST
4,轮渡,1224,14.00,THB,0,0,ST
4,轮渡,1225,14.00,THB,0,0,ST
4,轮渡,1226,14.00,THB,0,0,ST
4,轮渡,1227,11.00,THB,0,0,ST
4,轮渡,1228,11.00,THB,0,0,ST
4,轮渡,1229,11.00,THB,0,0,ST
4,轮渡,1230,11.00,THB,0,0,ST
4,轮渡,1231,11.00,THB,0,0,ST
4,轮渡,1232,11.00,THB,0,0,ST
4,轮渡,1233,11.00,THB,0,0,ST
4,轮渡,1234,11.00,THB,0,0,ST
4,轮渡,1235,11.00,THB,0,0,ST
4,轮渡,1236,11.00,THB,0,0,ST
4,轮渡,1237,11.00,THB,0,0,ST
4,轮渡,1238,11.00,THB,0,0,ST
4,轮渡,1239,11.00,THB,0,0,ST
4,轮渡,1240,11.00,THB,0,0,ST
4,轮渡,1241,11.00,THB,0,0,ST
4,轮渡,1242,11.00,THB,0,0,ST
4,轮渡,1243,11.00,THB,0,0,ST
4,轮渡,1244,11.00,THB,0,0,ST
4,轮渡,1245,11.00,THB,0,0,ST
4,轮渡,1246,9.00,THB,0,0,ST
4,轮渡,1247,9.00,THB,0,0,ST
4,轮渡,1248,9.00,THB,0,0,ST
4,轮渡,1249,9.00,THB,0,0,ST
4,轮渡,1250,9.00,THB,0,0,ST
4,轮渡,1251,9.00,THB,0,0,ST
4,轮渡,1252,9.00,THB,0,0,ST
4,轮渡,1253,9.00,THB,0,0,ST
4,轮渡,1254,9.00,THB,0,0,ST
4,轮渡,1255,9.00,THB,0,0,ST
4,轮渡,1256,9.00,THB,0,0,ST
4,轮渡,1257,9.00,THB,0,0,ST
4,轮渡,1258,9.00,THB,0,0,ST
4,轮渡,1259,9.00,THB,0,0,ST
4,轮渡,1260,9.00,THB,0,0,ST
4,轮渡,1261,11.00,THB,0,0,ST
4,轮渡,1262,11.00,THB,0,0,ST
4,轮渡,1263,11.00,THB,0,0,ST
4,轮渡,1264,11.00,THB,0,0,ST
4,轮渡,1265,11.00,THB,0,0,ST
4,轮渡,1266,11.00,THB,0,0,ST
4,轮渡,1267,11.00,THB,0,0,ST
4,轮渡,1268,11.00,THB,0,0,ST
4,轮渡,1269,9.00,THB,0,0,ST
4,轮渡,1270,9.00,THB,0,0,ST
4,轮渡,1271,9.00,THB,0,0,ST
4,轮渡,1272,9.00,THB,0,0,ST
4,轮渡,1273,9.00,THB,0,0,ST
4,轮渡,1274,9.00,THB,0,0,ST
4,轮渡,1275,9.00,THB,0,0,ST
4,轮渡,1276,9.00,THB,0,0,ST
4,轮渡,1277,9.00,THB,0,0,ST
4,轮渡,1278,9.00,THB,0,0,ST
4,轮渡,1279,9.00,THB,0,0,ST
4,轮渡,1280,11.00,THB,0,0,ST
4,轮渡,1281,11.00,THB,0,0,ST
4,轮渡,1282,11.00,THB,0,0,ST
4,轮渡,1283,11.00,THB,0,0,ST
4,轮渡,1284,11.00,THB,0,0,ST
4,轮渡,1285,11.00,THB,0,0,ST
4,轮渡,1286,11.00,THB,0,0,ST
4,轮渡,1287,11.00,THB,0,0,ST
4,轮渡,1288,11.00,THB,0,0,ST
4,轮渡,1289,11.00,THB,0,0,ST
4,轮渡,1290,11.00,THB,0,0,ST
4,轮渡,1291,14.00,THB,0,0,ST
4,轮渡,1292,14.00,THB,0,0,ST
4,轮渡,1293,14.00,THB,0,0,ST
4,轮渡,1294,14.00,THB,0,0,ST
4,轮渡,1295,14.00,THB,0,0,ST
4,轮渡,1296,14.00,THB,0,0,ST
4,轮渡,1297,9.00,THB,0,0,ST
4,轮渡,1298,11.00,THB,0,0,ST
4,轮渡,1299,11.00,THB,0,0,ST
4,轮渡,1300,11.00,THB,0,0,ST
4,轮渡,1301,11.00,THB,0,0,ST
4,轮渡,1302,11.00,THB,0,0,ST
4,轮渡,1303,11.00,THB,0,0,ST
4,轮渡,1304,11.00,THB,0,0,ST
4,轮渡,1305,11.00,THB,0,0,ST
4,轮渡,1306,9.00,THB,0,0,ST
4,轮渡,1307,9.00,THB,0,0,ST
4,轮渡,1308,9.00,THB,0,0,ST
4,轮渡,1309,9.00,THB,0,0,ST
4,轮渡,1310,9.00,THB,0,0,ST
4,轮渡,1311,9.00,THB,0,0,ST
4,轮渡,1312,9.00,THB,0,0,ST
4,轮渡,1313,9.00,THB,0,0,ST
4,轮渡,1314,9.00,THB,0,0,ST
4,轮渡,1315,9.00,THB,0,0,ST
4,轮渡,1316,9.00,THB,0,0,ST
4,轮渡,1317,9.00,THB,0,0,ST
4,轮渡,1318,9.00,THB,0,0,ST
4,轮渡,1319,9.00,THB,0,0,ST
4,轮渡,1320,9.00,THB,0,0,ST
4,轮渡,1321,9.00,THB,0,0,ST
4,轮渡,1322,9.00,THB,0,0,ST
4,轮渡,1323,9.00,THB,0,0,ST
4,轮渡,1324,9.00,THB,0,0,ST
4,轮渡,1325,9.00,THB,0,0,ST
4,轮渡,1326,11.00,THB,0,0,ST
4,轮渡,1327,9.00,THB,0,0,ST
4,轮渡,1328,9.00,THB,0,0,ST
4,轮渡,1329,9.00,THB,0,0,ST
4,轮渡,1330,9.00,THB,0,0,ST
4,轮渡,1331,9.00,THB,0,0,ST
4,轮渡,1332,9.00,THB,0,0,ST
4,轮渡,1333,9.00,THB,0,0,ST
4,轮渡,1334,9.00,THB,0,0,ST
4,轮渡,1335,9.00,THB,0,0,ST
4,轮渡,1336,9.00,THB,0,0,ST
4,轮渡,1337,9.00,THB,0,0,ST
4,轮渡,1338,11.00,THB,0,0,ST
4,轮渡,1339,11.00,THB,0,0,ST
4,轮渡,1340,11.00,THB,0,0,ST
4,轮渡,1341,11.00,THB,0,0,ST
4,轮渡,1342,11.00,THB,0,0,ST
4,轮渡,1343,11.00,THB,0,0,ST
4,轮渡,1344,11.00,THB,0,0,ST
4,轮渡,1345,11.00,THB,0,0,ST
4,轮渡,1346,11.00,THB,0,0,ST
4,轮渡,1347,11.00,THB,0,0,ST
4,轮渡,1348,11.00,THB,0,0,ST
4,轮渡,1349,14.00,THB,0,0,ST
4,轮渡,1350,14.00,THB,0,0,ST
4,轮渡,1351,14.00,THB,0,0,ST
4,轮渡,1352,14.00,THB,0,0,ST
4,轮渡,1353,14.00,THB,0,0,ST
4,轮渡,1354,14.00,THB,0,0,ST
4,轮渡,1355,11.00,THB,0,0,ST
4,轮渡,1356,11.00,THB,0,0,ST
4,轮渡,1357,11.00,THB,0,0,ST
4,轮渡,1358,11.00,THB,0,0,ST
4,轮渡,1359,11.00,THB,0,0,ST
4,轮渡,1360,11.00,THB,0,0,ST
4,轮渡,1361,9.00,THB,0,0,ST
4,轮渡,1362,9.00,THB,0,0,ST
4,轮渡,1363,9.00,THB,0,0,ST
4,轮渡,1364,9.00,THB,0,0,ST
4,轮渡,1365,9.00,THB,0,0,ST
4,轮渡,1366,9.00,THB,0,0,ST
4,轮渡,1367,9.00,THB,0,0,ST
4,轮渡,1368,9.00,THB,0,0,ST
4,轮渡,1369,9.00,THB,0,0,ST
4,轮渡,1370,9.00,THB,0,0,ST
4,轮渡,1371,9.00,THB,0,0,ST
4,轮渡,1372,9.00,THB,0,0,ST
4,轮渡,1373,9.00,THB,0,0,ST
4,轮渡,1374,9.00,THB,0,0,ST
4,轮渡,1375,9.00,THB,0,0,ST
4,轮渡,1376,11.00,THB,0,0,ST
4,轮渡,1377,11.00,THB,0,0,ST
4,轮渡,1378,11.00,THB,0,0,ST
4,轮渡,1379,11.00,THB,0,0,ST
4,轮渡,1380,11.00,THB,0,0,ST
4,轮渡,1381,11.00,THB,0,0,ST
4,轮渡,1382,11.00,THB,0,0,ST
4,轮渡,1383,11.00,THB,0,0,ST
4,轮渡,1384,14.00,THB,0,0,ST
4,轮渡,1385,9.00,THB,0,0,ST
4,轮渡,1386,9.00,THB,0,0,ST
4,轮渡,1387,9.00,THB,0,0,ST
4,轮渡,1388,9.00,THB,0,0,ST
4,轮渡,1389,9.00,THB,0,0,ST
4,轮渡,1390,9.00,THB,0,0,ST
4,轮渡,1391,9.00,THB,0,0,ST
4,轮渡,1392,9.00,THB,0,0,ST
4,轮渡,1393,9.00,THB,0,0,ST
4,轮渡,1394,9.00,THB,0,0,ST
4,轮渡,1395,9.00,THB,0,0,ST
4,轮渡,1396,11.00,THB,0,0,ST
4,轮渡,1397,11.00,THB,0,0,ST
4,轮渡,1398,11.00,THB,0,0,ST
4,轮渡,1399,11.00,THB,0,0,ST
4,轮渡,1400,11.00,THB,0,0,ST
4,轮渡,1401,11.00,THB,0,0,ST
4,轮渡,1402,11.00,THB,0,0,ST
4,轮渡,1403,11.00,THB,0,0,ST
4,轮渡,1404,11.00,THB,0,0,ST
4,轮渡,1405,11.00,THB,0,0,ST
4,轮渡,1406,11.00,THB,0,0,ST
4,轮渡,1407,11.00,THB,0,0,ST
4,轮渡,1408,14.00,THB,0,0,ST
4,轮渡,1409,14.00,THB,0,0,ST
4,轮渡,1410,14.00,THB,0,0,ST
4,轮渡,1411,14.00,THB,0,0,ST
4,轮渡,1412,14.00,THB,0,0,ST
4,轮渡,1413,11.00,THB,0,0,ST
4,轮渡,1414,11.00,THB,0,0,ST
4,轮渡,1415,9.00,THB,0,0,ST
4,轮渡,1416,9.00,THB,0,0,ST
4,轮渡,1417,9.00,THB,0,0,ST
4,轮渡,1418,9.00,THB,0,0,ST
4,轮渡,1419,9.00,THB,0,0,ST
4,轮渡,1420,9.00,THB,0,0,ST
4,轮渡,1421,9.00,THB,0,0,ST
4,轮渡,1422,11.00,THB,0,0,ST
4,轮渡,1423,11.00,THB,0,0,ST
4,轮渡,1424,11.00,THB,0,0,ST
4,轮渡,1425,11.00,THB,0,0,ST
4,轮渡,1426,9.00,THB,0,0,ST
4,轮渡,1427,11.00,THB,0,0,ST
4,轮渡,1428,11.00,THB,0,0,ST
4,轮渡,1429,11.00,THB,0,0,ST
4,轮渡,1430,11.00,THB,0,0,ST
4,轮渡,1431,14.00,THB,0,0,ST
4,轮渡,1432,14.00,THB,0,0,ST
4,轮渡,1433,14.00,THB,0,0,ST
4,轮渡,1434,14.00,THB,0,0,ST
4,轮渡,1435,14.00,THB,0,0,ST
4,轮渡,1436,14.00,THB,0,0,ST
4,轮渡,1437,14.00,THB,0,0,ST
4,轮渡,1438,14.00,THB,0,0,ST
4,轮渡,1439,11.00,THB,0,0,ST
4,轮渡,1440,11.00,THB,0,0,ST
4,轮渡,1441,9.00,THB,0,0,ST
4,轮渡,1442,9.00,THB,0,0,ST
4,轮渡,1443,9.00,THB,0,0,ST
4,轮渡,1444,9.00,THB,0,0,ST
4,轮渡,1445,9.00,THB,0,0,ST
4,轮渡,1446,9.00,THB,0,0,ST
4,轮渡,1447,9.00,THB,0,0,ST
4,轮渡,1448,9.00,THB,0,0,ST
4,轮渡,1449,9.00,THB,0,0,ST
4,轮渡,1450,9.00,THB,0,0,ST
4,轮渡,1451,9.00,THB,0,0,ST
4,轮渡,1452,9.00,THB,0,0,ST
4,轮渡,1453,9.00,THB,0,0,ST
4,轮渡,1454,9.00,THB,0,0,ST
4,轮渡,1455,9.00,THB,0,0,ST
4,轮渡,1456,9.00,THB,0,0,ST
4,轮渡,1457,9.00,THB,0,0,ST
4,轮渡,1458,9.00,THB,0,0,ST
4,轮渡,1459,9.00,THB,0,0,ST
4,轮渡,1460,9.00,THB,0,0,ST
4,轮渡,1461,9.00,THB,0,0,ST
4,轮渡,1462,9.00,THB,0,0,ST
4,轮渡,1463,9.00,THB,0,0,ST
4,轮渡,1464,9.00,THB,0,0,ST
4,轮渡,1465,11.00,THB,0,0,ST
4,轮渡,1466,11.00,THB,0,0,ST
4,轮渡,1467,11.00,THB,0,0,ST
4,轮渡,1468,11.00,THB,0,0,ST
4,轮渡,1469,11.00,THB,0,0,ST
4,轮渡,1470,11.00,THB,0,0,ST
4,轮渡,1471,14.00,THB,0,0,ST
4,轮渡,1472,9.00,THB,0,0,ST
4,轮渡,1473,9.00,THB,0,0,ST
4,轮渡,1474,9.00,THB,0,0,ST
4,轮渡,1475,9.00,THB,0,0,ST
4,轮渡,1476,9.00,THB,0,0,ST
4,轮渡,1477,9.00,THB,0,0,ST
4,轮渡,1478,9.00,THB,0,0,ST
4,轮渡,1479,9.00,THB,0,0,ST
4,轮渡,1480,9.00,THB,0,0,ST
4,轮渡,1481,9.00,THB,0,0,ST
4,轮渡,1482,14.00,THB,0,0,ST
4,轮渡,1483,14.00,THB,0,0,ST
4,轮渡,1484,14.00,THB,0,0,ST
4,轮渡,1485,14.00,THB,0,0,ST
4,轮渡,1486,11.00,THB,0,0,ST
4,轮渡,1487,11.00,THB,0,0,ST
4,轮渡,1488,11.00,THB,0,0,ST
4,轮渡,1489,11.00,THB,0,0,ST
4,轮渡,1490,11.00,THB,0,0,ST
4,轮渡,1491,11.00,THB,0,0,ST
4,轮渡,1492,11.00,THB,0,0,ST
4,轮渡,1493,11.00,THB,0,0,ST
4,轮渡,1494,11.00,THB,0,0,ST
4,轮渡,1495,11.00,THB,0,0,ST
4,轮渡,1496,11.00,THB,0,0,ST
4,轮渡,1497,11.00,THB,0,0,ST
4,轮渡,1498,11.00,THB,0,0,ST
4,轮渡,1499,9.00,THB,0,0,ST
4,轮渡,1500,11.00,THB,0,0,ST
4,轮渡,1501,9.00,THB,0,0,ST
4,轮渡,1502,9.00,THB,0,0,ST
4,轮渡,1503,9.00,THB,0,0,ST
4,轮渡,1504,9.00,THB,0,0,ST
4,轮渡,1505,9.00,THB,0,0,ST
4,轮渡,1506,9.00,THB,0,0,ST
4,轮渡,1507,9.00,THB,0,0,ST
4,轮渡,1508,9.00,THB,0,0,ST
4,轮渡,1509,9.00,THB,0,0,ST
4,轮渡,1510,9.00,THB,0,0,ST
4,轮渡,1511,9.00,THB,0,0,ST
4,轮渡,1512,9.00,THB,0,0,ST
4,轮渡,1513,9.00,THB,0,0,ST
4,轮渡,1514,11.00,THB,0,0,ST
4,轮渡,1515,9.00,THB,0,0,ST
4,轮渡,1516,9.00,THB,0,0,ST
4,轮渡,1517,9.00,THB,0,0,ST
4,轮渡,1518,9.00,THB,0,0,ST
4,轮渡,1519,9.00,THB,0,0,ST
4,轮渡,1520,9.00,THB,0,0,ST
4,轮渡,1521,9.00,THB,0,0,ST
4,轮渡,1522,9.00,THB,0,0,ST
4,轮渡,1523,11.00,THB,0,0,ST
4,轮渡,1524,11.00,THB,0,0,ST
4,轮渡,1525,11.00,THB,0,0,ST
4,轮渡,1526,11.00,THB,0,0,ST
4,轮渡,1527,11.00,THB,0,0,ST
4,轮渡,1528,11.00,THB,0,0,ST
4,轮渡,1529,9.00,THB,0,0,ST
4,轮渡,1530,14.00,THB,0,0,ST
4,轮渡,1531,14.00,THB,0,0,ST
4,轮渡,1532,14.00,THB,0,0,ST
4,轮渡,1533,14.00,THB,0,0,ST
4,轮渡,1534,14.00,THB,0,0,ST
4,轮渡,1535,14.00,THB,0,0,ST
4,轮渡,1536,14.00,THB,0,0,ST
4,轮渡,1537,14.00,THB,0,0,ST
4,轮渡,1538,11.00,THB,0,0,ST
4,轮渡,1539,11.00,THB,0,0,ST
4,轮渡,1540,11.00,THB,0,0,ST
4,轮渡,1541,11.00,THB,0,0,ST
4,轮渡,1542,11.00,THB,0,0,ST
4,轮渡,1543,11.00,THB,0,0,ST
4,轮渡,1544,11.00,THB,0,0,ST
4,轮渡,1545,11.00,THB,0,0,ST
4,轮渡,1546,11.00,THB,0,0,ST
4,轮渡,1547,11.00,THB,0,0,ST
4,轮渡,1548,11.00,THB,0,0,ST
4,轮渡,1549,11.00,THB,0,0,ST
4,轮渡,1550,9.00,THB,0,0,ST
4,轮渡,1551,9.00,THB,0,0,ST
4,轮渡,1552,9.00,THB,0,0,ST
4,轮渡,1553,9.00,THB,0,0,ST
4,轮渡,1554,9.00,THB,0,0,ST
4,轮渡,1555,9.00,THB,0,0,ST
4,轮渡,1556,9.00,THB,0,0,ST
4,轮渡,1557,9.00,THB,0,0,ST
4,轮渡,1558,11.00,THB,0,0,ST
4,轮渡,1559,11.00,THB,0,0,ST
4,轮渡,1560,11.00,THB,0,0,ST
4,轮渡,1561,11.00,THB,0,0,ST
4,轮渡,1562,11.00,THB,0,0,ST
4,轮渡,1563,11.00,THB,0,0,ST
4,轮渡,1564,9.00,THB,0,0,ST
4,轮渡,1565,9.00,THB,0,0,ST
4,轮渡,1566,9.00,THB,0,0,ST
4,轮渡,1567,9.00,THB,0,0,ST
4,轮渡,1568,9.00,THB,0,0,ST
4,轮渡,1569,9.00,THB,0,0,ST
4,轮渡,1570,9.00,THB,0,0,ST
4,轮渡,1571,9.00,THB,0,0,ST
4,轮渡,1572,9.00,THB,0,0,ST
4,轮渡,1573,9.00,THB,0,0,ST
4,轮渡,1574,9.00,THB,0,0,ST
4,轮渡,1575,9.00,THB,0,0,ST
4,轮渡,1576,11.00,THB,0,0,ST
4,轮渡,1577,9.00,THB,0,0,ST
4,轮渡,1578,11.00,THB,0,0,ST
4,轮渡,1579,11.00,THB,0,0,ST
4,轮渡,1580,11.00,THB,0,0,ST
4,轮渡,1581,11.00,THB,0,0,ST
4,轮渡,1582,11.00,THB,0,0,ST
4,轮渡,1583,11.00,THB,0,0,ST
4,轮渡,1584,11.00,THB,0,0,ST
4,轮渡,1585,9.00,THB,0,0,ST
4,轮渡,1586,9.00,THB,0,0,ST
4,轮渡,1587,9.00,THB,0,0,ST
4,轮渡,1588,11.00,THB,0,0,ST
4,轮渡,1589,11.00,THB,0,0,ST
4,轮渡,1590,11.00,THB,0,0,ST
4,轮渡,1591,11.00,THB,0,0,ST
4,轮渡,1592,11.00,THB,0,0,ST
4,轮渡,1593,11.00,THB,0,0,ST
4,轮渡,1594,9.00,THB,0,0,ST
4,轮渡,1595,9.00,THB,0,0,ST
4,轮渡,1596,9.00,THB,0,0,ST
4,轮渡,1597,9.00,THB,0,0,ST
4,轮渡,1598,9.00,THB,0,0,ST
4,轮渡,1599,9.00,THB,0,0,ST
4,轮渡,1600,9.00,THB,0,0,ST
4,轮渡,1601,9.00,THB,0,0,ST
4,轮渡,1602,9.00,THB,0,0,ST
4,轮渡,1603,9.00,THB,0,0,ST
4,轮渡,1604,9.00,THB,0,0,ST
4,轮渡,1605,9.00,THB,0,0,ST
4,轮渡,1606,9.00,THB,0,0,ST
4,轮渡,1607,9.00,THB,0,0,ST
4,轮渡,1608,9.00,THB,0,0,ST
4,轮渡,1609,9.00,THB,0,0,ST
4,轮渡,1610,9.00,THB,0,0,ST
4,轮渡,1611,9.00,THB,0,0,ST
4,轮渡,1612,9.00,THB,0,0,ST
4,轮渡,1613,9.00,THB,0,0,ST
4,轮渡,1614,9.00,THB,0,0,ST
4,轮渡,1615,9.00,THB,0,0,ST
4,轮渡,1616,9.00,THB,0,0,ST
4,轮渡,1617,9.00,THB,0,0,ST
4,轮渡,1618,9.00,THB,0,0,ST
4,轮渡,1619,9.00,THB,0,0,ST
4,轮渡,1620,9.00,THB,0,0,ST
4,轮渡,1621,9.00,THB,0,0,ST
4,轮渡,1622,9.00,THB,0,0,ST
4,轮渡,1623,9.00,THB,0,0,ST
4,轮渡,1624,9.00,THB,0,0,ST
4,轮渡,1625,11.00,THB,0,0,ST
4,轮渡,1626,14.00,THB,0,0,ST
4,轮渡,1627,14.00,THB,0,0,ST
4,轮渡,1628,14.00,THB,0,0,ST
4,轮渡,1629,14.00,THB,0,0,ST
4,轮渡,1630,14.00,THB,0,0,ST
4,轮渡,1631,14.00,THB,0,0,ST
4,轮渡,1632,14.00,THB,0,0,ST
4,轮渡,1633,14.00,THB,0,0,ST
4,轮渡,1634,11.00,THB,0,0,ST
4,轮渡,1635,11.00,THB,0,0,ST
4,轮渡,1636,11.00,THB,0,0,ST
4,轮渡,1637,11.00,THB,0,0,ST
4,轮渡,1638,11.00,THB,0,0,ST
4,轮渡,1639,11.00,THB,0,0,ST
4,轮渡,1640,11.00,THB,0,0,ST
4,轮渡,1641,11.00,THB,0,0,ST
4,轮渡,1642,11.00,THB,0,0,ST
4,轮渡,1643,11.00,THB,0,0,ST
4,轮渡,1644,11.00,THB,0,0,ST
4,轮渡,1645,11.00,THB,0,0,ST
4,轮渡,1646,14.00,THB,0,0,ST
4,轮渡,1647,14.00,THB,0,0,ST
4,轮渡,1648,14.00,THB,0,0,ST
4,轮渡,1649,14.00,THB,0,0,ST
4,轮渡,1650,14.00,THB,0,0,ST
4,轮渡,1651,14.00,THB,0,0,ST
4,轮渡,1652,14.00,THB,0,0,ST
4,轮渡,1653,14.00,THB,0,0,ST
4,轮渡,1654,11.00,THB,0,0,ST
4,轮渡,1655,11.00,THB,0,0,ST
4,轮渡,1656,11.00,THB,0,0,ST
4,轮渡,1657,11.00,THB,0,0,ST
4,轮渡,1658,11.00,THB,0,0,ST
4,轮渡,1659,11.00,THB,0,0,ST
4,轮渡,1660,11.00,THB,0,0,ST
4,轮渡,1661,11.00,THB,0,0,ST
4,轮渡,1662,11.00,THB,0,0,ST
4,轮渡,1663,11.00,THB,0,0,ST
4,轮渡,1664,11.00,THB,0,0,ST
4,轮渡,1665,9.00,THB,0,0,ST
4,轮渡,1666,9.00,THB,0,0,ST
4,轮渡,1667,9.00,THB,0,0,ST
4,轮渡,1668,9.00,THB,0,0,ST
4,轮渡,1669,9.00,THB,0,0,ST
4,轮渡,1670,9.00,THB,0,0,ST
4,轮渡,1671,9.00,THB,0,0,ST
4,轮渡,1672,9.00,THB,0,0,ST
4,轮渡,1673,9.00,THB,0,0,ST
4,轮渡,1674,11.00,THB,0,0,ST
4,轮渡,1675,9.00,THB,0,0,ST
4,轮渡,1676,11.00,THB,0,0,ST
4,轮渡,1677,11.00,THB,0,0,ST
4,轮渡,1678,11.00,THB,0,0,ST
4,轮渡,1679,11.00,THB,0,0,ST
4,轮渡,1680,11.00,THB,0,0,ST
4,轮渡,1681,11.00,THB,0,0,ST
4,轮渡,1682,9.00,THB,0,0,ST
4,轮渡,1683,9.00,THB,0,0,ST
4,轮渡,1684,9.00,THB,0,0,ST
4,轮渡,1685,9.00,THB,0,0,ST
4,轮渡,1686,9.00,THB,0,0,ST
4,轮渡,1687,9.00,THB,0,0,ST
4,轮渡,1688,9.00,THB,0,0,ST
4,轮渡,1689,9.00,THB,0,0,ST
4,轮渡,1690,9.00,THB,0,0,ST
4,轮渡,1691,9.00,THB,0,0,ST
4,轮渡,1692,9.00,THB,0,0,ST
4,轮渡,1693,9.00,THB,0,0,ST
4,轮渡,1694,9.00,THB,0,0,ST
4,轮渡,1695,9.00,THB,0,0,ST
4,轮渡,1696,11.00,THB,0,0,ST
4,轮渡,1697,11.00,THB,0,0,ST
4,轮渡,1698,11.00,THB,0,0,ST
4,轮渡,1699,11.00,THB,0,0,ST
4,轮渡,1700,11.00,THB,0,0,ST
4,轮渡,1701,11.00,THB,0,0,ST
4,轮渡,1702,11.00,THB,0,0,ST
4,轮渡,1703,11.00,THB,0,0,ST
4,轮渡,1704,9.00,THB,0,0,ST
4,轮渡,1705,9.00,THB,0,0,ST
4,轮渡,1706,9.00,THB,0,0,ST
4,轮渡,1707,9.00,THB,0,0,ST
4,轮渡,1708,9.00,THB,0,0,ST
4,轮渡,1709,9.00,THB,0,0,ST
4,轮渡,1710,9.00,THB,0,0,ST
4,轮渡,1711,9.00,THB,0,0,ST
4,轮渡,1712,9.00,THB,0,0,ST
4,轮渡,1713,9.00,THB,0,0,ST
4,轮渡,1714,9.00,THB,0,0,ST
4,轮渡,1715,9.00,THB,0,0,ST
4,轮渡,1716,11.00,THB,0,0,ST
4,轮渡,1717,11.00,THB,0,0,ST
4,轮渡,1718,11.00,THB,0,0,ST
4,轮渡,1719,11.00,THB,0,0,ST
4,轮渡,1720,11.00,THB,0,0,ST
4,轮渡,1721,11.00,THB,0,0,ST
4,轮渡,1722,11.00,THB,0,0,ST
4,轮渡,1723,9.00,THB,0,0,ST
4,轮渡,1724,9.00,THB,0,0,ST
4,轮渡,1725,9.00,THB,0,0,ST
4,轮渡,1726,9.00,THB,0,0,ST
4,轮渡,1727,9.00,THB,0,0,ST
4,轮渡,1728,9.00,THB,0,0,ST
4,轮渡,1729,9.00,THB,0,0,ST
4,轮渡,1730,9.00,THB,0,0,ST
4,轮渡,1731,9.00,THB,0,0,ST
4,轮渡,1732,11.00,THB,0,0,ST
4,轮渡,1733,9.00,THB,0,0,ST
4,轮渡,1734,9.00,THB,0,0,ST
4,轮渡,1735,9.00,THB,0,0,ST
4,轮渡,1736,9.00,THB,0,0,ST
4,轮渡,1737,11.00,THB,0,0,ST
4,轮渡,1738,11.00,THB,0,0,ST
4,轮渡,1739,11.00,THB,0,0,ST
4,轮渡,1740,11.00,THB,0,0,ST
4,轮渡,1741,11.00,THB,0,0,ST
4,轮渡,1742,11.00,THB,0,0,ST
4,轮渡,1743,9.00,THB,0,0,ST
4,轮渡,1744,9.00,THB,0,0,ST
4,轮渡,1745,9.00,THB,0,0,ST
4,轮渡,1746,9.00,THB,0,0,ST
4,轮渡,1747,9.00,THB,0,0,ST
4,轮渡,1748,9.00,THB,0,0,ST
4,轮渡,1749,9.00,THB,0,0,ST
4,轮渡,1750,9.00,THB,0,0,ST
4,轮渡,1751,9.00,THB,0,0,ST
4,轮渡,1752,9.00,THB,0,0,ST
4,轮渡,1753,9.00,THB,0,0,ST
4,轮渡,1754,11.00,THB,0,0,ST
4,轮渡,1755,11.00,THB,0,0,ST
4,轮渡,1756,11.00,THB,0,0,ST
4,轮渡,1757,11.00,THB,0,0,ST
4,轮渡,1758,11.00,THB,0,0,ST
4,轮渡,1759,11.00,THB,0,0,ST
4,轮渡,1760,11.00,THB,0,0,ST
4,轮渡,1761,11.00,THB,0,0,ST
4,轮渡,1762,11.00,THB,0,0,ST
4,轮渡,1763,11.00,THB,0,0,ST
4,轮渡,1764,11.00,THB,0,0,ST
4,轮渡,1765,11.00,THB,0,0,ST
4,轮渡,1766,11.00,THB,0,0,ST
4,轮渡,1767,11.00,THB,0,0,ST
4,轮渡,1768,11.00,THB,0,0,ST
4,轮渡,1769,11.00,THB,0,0,ST
4,轮渡,1770,11.00,THB,0,0,ST
4,轮渡,1771,11.00,THB,0,0,ST
4,轮渡,1772,9.00,THB,0,0,ST
4,轮渡,1773,9.00,THB,0,0,ST
4,轮渡,1774,9.00,THB,0,0,ST
4,轮渡,1775,9.00,THB,0,0,ST
4,轮渡,1776,9.00,THB,0,0,ST
4,轮渡,1777,9.00,THB,0,0,ST
4,轮渡,1778,9.00,THB,0,0,ST
4,轮渡,1779,9.00,THB,0,0,ST
4,轮渡,1780,9.00,THB,0,0,ST
4,轮渡,1781,14.00,THB,0,0,ST
4,轮渡,1782,14.00,THB,0,0,ST
4,轮渡,1783,14.00,THB,0,0,ST
4,轮渡,1784,14.00,THB,0,0,ST
4,轮渡,1785,14.00,THB,0,0,ST
4,轮渡,1786,14.00,THB,0,0,ST
4,轮渡,1787,14.00,THB,0,0,ST
4,轮渡,1788,14.00,THB,0,0,ST
4,轮渡,1789,11.00,THB,0,0,ST
4,轮渡,1790,9.00,THB,0,0,ST
4,轮渡,1791,11.00,THB,0,0,ST
4,轮渡,1792,11.00,THB,0,0,ST
4,轮渡,1793,11.00,THB,0,0,ST
4,轮渡,1794,11.00,THB,0,0,ST
4,轮渡,1795,11.00,THB,0,0,ST
4,轮渡,1796,11.00,THB,0,0,ST
4,轮渡,1797,9.00,THB,0,0,ST
4,轮渡,1798,9.00,THB,0,0,ST
4,轮渡,1799,9.00,THB,0,0,ST
4,轮渡,1800,9.00,THB,0,0,ST
4,轮渡,1801,9.00,THB,0,0,ST
4,轮渡,1802,9.00,THB,0,0,ST
4,轮渡,1803,9.00,THB,0,0,ST
4,轮渡,1804,9.00,THB,0,0,ST
4,轮渡,1805,9.00,THB,0,0,ST
4,轮渡,1806,9.00,THB,0,0,ST
4,轮渡,1807,9.00,THB,0,0,ST
4,轮渡,1808,9.00,THB,0,0,ST
4,轮渡,1809,9.00,THB,0,0,ST
4,轮渡,1810,9.00,THB,0,0,ST
4,轮渡,1811,9.00,THB,0,0,ST
4,轮渡,1812,9.00,THB,0,0,ST
4,轮渡,1813,9.00,THB,0,0,ST
4,轮渡,1814,9.00,THB,0,0,ST
4,轮渡,1815,9.00,THB,0,0,ST
4,轮渡,1816,9.00,THB,0,0,ST
4,轮渡,1817,9.00,THB,0,0,ST
4,轮渡,1818,9.00,THB,0,0,ST
4,轮渡,1819,14.00,THB,0,0,ST
4,轮渡,1820,9.00,THB,0,0,ST
4,轮渡,1821,9.00,THB,0,0,ST
4,轮渡,1822,9.00,THB,0,0,ST
4,轮渡,1823,9.00,THB,0,0,ST
4,轮渡,1824,9.00,THB,0,0,ST
4,轮渡,1825,9.00,THB,0,0,ST
4,轮渡,1826,14.00,THB,0,0,ST
4,轮渡,1827,14.00,THB,0,0,ST
4,轮渡,1828,14.00,THB,0,0,ST
4,轮渡,1829,14.00,THB,0,0,ST
4,轮渡,1830,14.00,THB,0,0,ST
4,轮渡,1831,11.00,THB,0,0,ST
4,轮渡,1832,11.00,THB,0,0,ST
4,轮渡,1833,11.00,THB,0,0,ST
4,轮渡,1834,11.00,THB,0,0,ST
4,轮渡,1835,11.00,THB,0,0,ST
4,轮渡,1836,11.00,THB,0,0,ST
4,轮渡,1837,11.00,THB,0,0,ST
4,轮渡,1838,11.00,THB,0,0,ST
4,轮渡,1839,11.00,THB,0,0,ST
4,轮渡,1840,11.00,THB,0,0,ST
4,轮渡,1841,11.00,THB,0,0,ST
4,轮渡,1842,11.00,THB,0,0,ST
4,轮渡,1843,9.00,THB,0,0,ST
4,轮渡,1844,9.00,THB,0,0,ST
4,轮渡,1845,9.00,THB,0,0,ST
4,轮渡,1846,9.00,THB,0,0,ST
4,轮渡,1847,9.00,THB,0,0,ST
4,轮渡,1848,11.00,THB,0,0,ST
4,轮渡,1849,11.00,THB,0,0,ST
4,轮渡,1850,14.00,THB,0,0,ST
4,轮渡,1851,14.00,THB,0,0,ST
4,轮渡,1852,14.00,THB,0,0,ST
4,轮渡,1853,14.00,THB,0,0,ST
4,轮渡,1854,14.00,THB,0,0,ST
4,轮渡,1855,14.00,THB,0,0,ST
4,轮渡,1856,9.00,THB,0,0,ST
4,轮渡,1857,9.00,THB,0,0,ST
4,轮渡,1858,9.00,THB,0,0,ST
4,轮渡,1859,9.00,THB,0,0,ST
4,轮渡,1860,9.00,THB,0,0,ST
4,轮渡,1861,9.00,THB,0,0,ST
4,轮渡,1862,9.00,THB,0,0,ST
4,轮渡,1863,9.00,THB,0,0,ST
4,轮渡,1864,9.00,THB,0,0,ST
4,轮渡,1865,9.00,THB,0,0,ST
4,轮渡,1866,9.00,THB,0,0,ST
4,轮渡,1867,11.00,THB,0,0,ST
4,轮渡,1868,11.00,THB,0,0,ST
4,轮渡,1869,11.00,THB,0,0,ST
4,轮渡,1870,11.00,THB,0,0,ST
4,轮渡,1871,11.00,THB,0,0,ST
4,轮渡,1872,11.00,THB,0,0,ST
4,轮渡,1873,11.00,THB,0,0,ST
4,轮渡,1874,11.00,THB,0,0,ST
4,轮渡,1875,11.00,THB,0,0,ST
4,轮渡,1876,11.00,THB,0,0,ST
4,轮渡,1877,9.00,THB,0,0,ST
4,轮渡,1878,14.00,THB,0,0,ST
4,轮渡,1879,14.00,THB,0,0,ST
4,轮渡,1880,14.00,THB,0,0,ST
4,轮渡,1881,14.00,THB,0,0,ST
4,轮渡,1882,14.00,THB,0,0,ST
4,轮渡,1883,14.00,THB,0,0,ST
4,轮渡,1884,11.00,THB,0,0,ST
4,轮渡,1885,11.00,THB,0,0,ST
4,轮渡,1886,11.00,THB,0,0,ST
4,轮渡,1887,11.00,THB,0,0,ST
4,轮渡,1888,11.00,THB,0,0,ST
4,轮渡,1889,11.00,THB,0,0,ST
4,轮渡,1890,11.00,THB,0,0,ST
4,轮渡,1891,11.00,THB,0,0,ST
4,轮渡,1892,11.00,THB,0,0,ST
4,轮渡,1893,11.00,THB,0,0,ST
4,轮渡,1894,11.00,THB,0,0,ST
4,轮渡,1895,11.00,THB,0,0,ST
4,轮渡,1896,9.00,THB,0,0,ST
4,轮渡,1897,9.00,THB,0,0,ST
4,轮渡,1898,9.00,THB,0,0,ST
4,轮渡,1899,9.00,THB,0,0,ST
4,轮渡,1900,9.00,THB,0,0,ST
4,轮渡,1901,9.00,THB,0,0,ST
4,轮渡,1902,9.00,THB,0,0,ST
4,轮渡,1903,9.00,THB,0,0,ST
4,轮渡,1904,9.00,THB,0,0,ST
4,轮渡,1905,9.00,THB,0,0,ST
4,轮渡,1906,9.00,THB,0,0,ST
4,轮渡,1907,11.00,THB,0,0,ST
4,轮渡,1908,11.00,THB,0,0,ST
4,轮渡,1909,11.00,THB,0,0,ST
4,轮渡,1910,11.00,THB,0,0,ST
4,轮渡,1911,11.00,THB,0,0,ST
4,轮渡,1912,11.00,THB,0,0,ST
4,轮渡,1913,11.00,THB,0,0,ST
4,轮渡,1914,11.00,THB,0,0,ST
4,轮渡,1915,9.00,THB,0,0,ST
4,轮渡,1916,9.00,THB,0,0,ST
4,轮渡,1917,9.00,THB,0,0,ST
4,轮渡,1918,9.00,THB,0,0,ST
4,轮渡,1919,9.00,THB,0,0,ST
4,轮渡,1920,9.00,THB,0,0,ST
4,轮渡,1921,9.00,THB,0,0,ST
4,轮渡,1922,9.00,THB,0,0,ST
4,轮渡,1923,9.00,THB,0,0,ST
4,轮渡,1924,9.00,THB,0,0,ST
4,轮渡,1925,9.00,THB,0,0,ST
4,轮渡,1926,9.00,THB,0,0,ST
4,轮渡,1927,9.00,THB,0,0,ST
4,轮渡,1928,9.00,THB,0,0,ST
4,轮渡,1929,11.00,THB,0,0,ST
4,轮渡,1930,11.00,THB,0,0,ST
4,轮渡,1931,11.00,THB,0,0,ST
4,轮渡,1932,11.00,THB,0,0,ST
4,轮渡,1933,11.00,THB,0,0,ST
4,轮渡,1934,11.00,THB,0,0,ST
4,轮渡,2333,15.00,THB,0,0,BTK
4,轮渡,2334,15.00,THB,0,0,BTK
4,轮渡,2335,15.00,THB,0,0,BTK
4,轮渡,2336,15.00,THB,0,0,BTK
4,轮渡,2337,15.00,THB,0,0,BTK
4,轮渡,2338,15.00,THB,0,0,BTK
4,轮渡,2339,15.00,THB,0,0,BTK
4,轮渡,2340,15.00,THB,0,0,BTK
4,轮渡,2341,15.00,THB,0,0,BTK
4,轮渡,2342,15.00,THB,0,0,BTK
4,轮渡,2343,15.00,THB,0,0,BTK
4,轮渡,2344,15.00,THB,0,0,BTK
4,轮渡,2345,15.00,THB,0,0,BTK
4,轮渡,2346,15.00,THB,0,0,BTK
4,轮渡,2347,15.00,THB,0,0,BTK
4,轮渡,2348,15.00,THB,0,0,BTK
4,轮渡,2349,15.00,THB,0,0,BTK
4,轮渡,2350,15.00,THB,0,0,BTK
4,轮渡,2351,15.00,THB,0,0,BTK
4,轮渡,2352,15.00,THB,0,0,BTK
4,轮渡,2353,15.00,THB,0,0,BTK
4,轮渡,2354,15.00,THB,0,0,BTK
4,轮渡,2355,15.00,THB,0,0,BTK
4,轮渡,2356,15.00,THB,0,0,BTK
4,轮渡,2357,15.00,THB,0,0,BTK
4,轮渡,2358,15.00,THB,0,0,BTK
4,轮渡,2359,15.00,THB,0,0,BTK
4,轮渡,2360,15.00,THB,0,0,BTK
4,轮渡,2361,15.00,THB,0,0,BTK
4,轮渡,2362,15.00,THB,0,0,BTK
4,轮渡,2363,15.00,THB,0,0,BTK
4,轮渡,2364,15.00,THB,0,0,BTK
4,轮渡,2365,15.00,THB,0,0,BTK
4,轮渡,2366,15.00,THB,0,0,BTK
4,轮渡,2367,15.00,THB,0,0,BTK
4,轮渡,2368,15.00,THB,0,0,BTK
4,轮渡,2369,15.00,THB,0,0,BTK
4,轮渡,2370,15.00,THB,0,0,BTK
4,轮渡,2371,15.00,THB,0,0,BTK
4,轮渡,2372,15.00,THB,0,0,BTK
4,轮渡,2373,15.00,THB,0,0,BTK
4,轮渡,2374,15.00,THB,0,0,BTK
4,轮渡,2375,15.00,THB,0,0,BTK
4,轮渡,2376,15.00,THB,0,0,BTK
4,轮渡,2377,15.00,THB,0,0,BTK
4,轮渡,2378,15.00,THB,0,0,BTK
4,轮渡,2379,15.00,THB,0,0,BTK
4,轮渡,2380,15.00,THB,0,0,BTK
4,轮渡,2381,15.00,THB,0,0,BTK
4,轮渡,2382,15.00,THB,0,0,BTK
4,轮渡,2383,15.00,THB,0,0,BTK
4,轮渡,2384,15.00,THB,0,0,BTK
4,轮渡,2385,15.00,THB,0,0,BTK
4,轮渡,2386,15.00,THB,0,0,BTK
4,轮渡,2387,15.00,THB,0,0,BTK
4,轮渡,2388,15.00,THB,0,0,BTK
4,轮渡,2389,15.00,THB,0,0,BTK
4,轮渡,2390,15.00,THB,0,0,BTK
4,轮渡,2391,15.00,THB,0,0,BTK
4,轮渡,2392,15.00,THB,0,0,BTK
4,轮渡,2393,15.00,THB,0,0,BTK
4,轮渡,2394,15.00,THB,0,0,BTK
4,轮渡,2395,15.00,THB,0,0,BTK
4,轮渡,2396,15.00,THB,0,0,BTK
4,轮渡,2397,15.00,THB,0,0,BTK
4,轮渡,2398,15.00,THB,0,0,BTK
4,轮渡,2399,15.00,THB,0,0,BTK
4,轮渡,2400,15.00,THB,0,0,BTK
4,轮渡,2401,15.00,THB,0,0,BTK
4,轮渡,2402,15.00,THB,0,0,BTK
4,轮渡,2403,15.00,THB,0,0,BTK
4,轮渡,2404,15.00,THB,0,0,BTK
4,轮渡,2405,15.00,THB,0,0,BTK
4,轮渡,2406,15.00,THB,0,0,BTK
4,轮渡,2407,15.00,THB,0,0,BTK
4,轮渡,2408,15.00,THB,0,0,BTK
4,轮渡,2409,15.00,THB,0,0,BTK
4,轮渡,2410,15.00,THB,0,0,BTK
4,轮渡,2411,15.00,THB,0,0,BTK
4,轮渡,2412,15.00,THB,0,0,BTK
4,轮渡,2413,15.00,THB,0,0,BTK
4,轮渡,2414,15.00,THB,0,0,BTK
4,轮渡,2415,15.00,THB,0,0,BTK
4,轮渡,2416,15.00,THB,0,0,BTK
4,轮渡,2417,15.00,THB,0,0,BTK
4,轮渡,2418,15.00,THB,0,0,BTK
4,轮渡,2419,15.00,THB,0,0,BTK
4,轮渡,2420,15.00,THB,0,0,BTK
4,轮渡,2421,15.00,THB,0,0,BTK
4,轮渡,2422,15.00,THB,0,0,BTK
4,轮渡,2423,15.00,THB,0,0,BTK
4,轮渡,2424,15.00,THB,0,0,BTK
4,轮渡,2425,15.00,THB,0,0,BTK
4,轮渡,2426,15.00,THB,0,0,BTK
4,轮渡,2427,15.00,THB,0,0,BTK
4,轮渡,2428,15.00,THB,0,0,BTK
4,轮渡,2429,15.00,THB,0,0,BTK
4,轮渡,2430,15.00,THB,0,0,BTK
4,轮渡,2431,15.00,THB,0,0,BTK
4,轮渡,2432,15.00,THB,0,0,BTK
4,轮渡,2433,15.00,THB,0,0,BTK
4,轮渡,2434,15.00,THB,0,0,BTK
4,轮渡,2435,15.00,THB,0,0,BTK
4,轮渡,2436,15.00,THB,0,0,BTK
4,轮渡,2437,15.00,THB,0,0,BTK
4,轮渡,2438,15.00,THB,0,0,BTK
4,轮渡,2439,15.00,THB,0,0,BTK
4,轮渡,2440,15.00,THB,0,0,BTK
4,轮渡,2441,15.00,THB,0,0,BTK
4,轮渡,2442,15.00,THB,0,0,BTK
4,轮渡,2443,15.00,THB,0,0,BTK
4,轮渡,2444,15.00,THB,0,0,BTK
4,轮渡,2445,15.00,THB,0,0,BTK
4,轮渡,2446,15.00,THB,0,0,BTK
4,轮渡,2447,15.00,THB,0,0,BTK
4,轮渡,2448,15.00,THB,0,0,BTK
4,轮渡,2449,15.00,THB,0,0,BTK
4,轮渡,2450,15.00,THB,0,0,BTK
4,轮渡,2451,15.00,THB,0,0,BTK
4,轮渡,2452,15.00,THB,0,0,BTK
4,轮渡,2453,15.00,THB,0,0,BTK
4,轮渡,2454,15.00,THB,0,0,BTK
4,轮渡,2455,15.00,THB,0,0,BTK
4,轮渡,2456,15.00,THB,0,0,BTK
4,轮渡,2457,15.00,THB,0,0,BTK
4,轮渡,2458,15.00,THB,0,0,BTK
4,轮渡,2459,15.00,THB,0,0,BTK
4,轮渡,2460,15.00,THB,0,0,BTK
4,轮渡,2461,15.00,THB,0,0,BTK
4,轮渡,2462,15.00,THB,0,0,BTK
4,轮渡,2463,15.00,THB,0,0,BTK
4,轮渡,2464,15.00,THB,0,0,BTK
4,轮渡,2465,15.00,THB,0,0,BTK
4,轮渡,2466,15.00,THB,0,0,BTK
4,轮渡,2467,15.00,THB,0,0,BTK
4,轮渡,2468,15.00,THB,0,0,BTK
4,轮渡,2469,15.00,THB,0,0,BTK
4,轮渡,2470,15.00,THB,0,0,BTK
4,轮渡,2471,15.00,THB,0,0,BTK
4,轮渡,2472,15.00,THB,0,0,BTK
4,轮渡,2473,15.00,THB,0,0,BTK
4,轮渡,2474,15.00,THB,0,0,BTK
4,轮渡,2475,15.00,THB,0,0,BTK
4,轮渡,2476,15.00,THB,0,0,BTK
4,轮渡,2477,15.00,THB,0,0,BTK
4,轮渡,2478,15.00,THB,0,0,BTK
4,轮渡,2479,15.00,THB,0,0,BTK
4,轮渡,2480,15.00,THB,0,0,BTK
4,轮渡,2481,15.00,THB,0,0,BTK
4,轮渡,2482,15.00,THB,0,0,BTK
4,轮渡,2483,15.00,THB,0,0,BTK
4,轮渡,2484,15.00,THB,0,0,BTK
4,轮渡,2485,15.00,THB,0,0,BTK
4,轮渡,2486,15.00,THB,0,0,BTK
4,轮渡,2487,15.00,THB,0,0,BTK
4,轮渡,2488,15.00,THB,0,0,BTK
4,轮渡,2489,15.00,THB,0,0,BTK
4,轮渡,2490,15.00,THB,0,0,BTK
4,轮渡,2491,15.00,THB,0,0,BTK
4,轮渡,2492,15.00,THB,0,0,BTK
4,轮渡,2493,15.00,THB,0,0,BTK
4,轮渡,2494,15.00,THB,0,0,BTK
4,轮渡,2495,15.00,THB,0,0,BTK
4,轮渡,2496,15.00,THB,0,0,BTK
4,轮渡,2497,15.00,THB,0,0,BTK
4,轮渡,2498,15.00,THB,0,0,BTK
4,轮渡,2499,15.00,THB,0,0,BTK
4,轮渡,2500,15.00,THB,0,0,BTK
4,轮渡,2501,15.00,THB,0,0,BTK
4,轮渡,2502,15.00,THB,0,0,BTK
4,轮渡,2503,15.00,THB,0,0,BTK
4,轮渡,2504,15.00,THB,0,0,BTK
4,轮渡,2505,15.00,THB,0,0,BTK
4,轮渡,2506,15.00,THB,0,0,BTK
4,轮渡,2507,15.00,THB,0,0,BTK
4,轮渡,2508,15.00,THB,0,0,BTK
4,轮渡,2509,15.00,THB,0,0,BTK
4,轮渡,2510,15.00,THB,0,0,BTK
4,轮渡,2511,15.00,THB,0,0,BTK
4,轮渡,2512,15.00,THB,0,0,BTK
4,轮渡,2513,15.00,THB,0,0,BTK
4,轮渡,2514,15.00,THB,0,0,BTK
4,轮渡,2515,15.00,THB,0,0,BTK
4,轮渡,2516,15.00,THB,0,0,BTK
4,轮渡,2517,15.00,THB,0,0,BTK
4,轮渡,2518,15.00,THB,0,0,BTK
4,轮渡,2519,15.00,THB,0,0,BTK
4,轮渡,2520,15.00,THB,0,0,BTK
4,轮渡,2521,15.00,THB,0,0,BTK
4,轮渡,2522,15.00,THB,0,0,BTK
4,轮渡,2523,15.00,THB,0,0,BTK
4,轮渡,2524,15.00,THB,0,0,BTK
4,轮渡,2525,15.00,THB,0,0,BTK
4,轮渡,2526,15.00,THB,0,0,BTK
4,轮渡,2527,15.00,THB,0,0,BTK
4,轮渡,2528,15.00,THB,0,0,BTK
4,轮渡,2529,15.00,THB,0,0,BTK
4,轮渡,2530,15.00,THB,0,0,BTK
4,轮渡,2531,15.00,THB,0,0,BTK
4,轮渡,2532,15.00,THB,0,0,BTK
4,轮渡,2533,15.00,THB,0,0,BTK
4,轮渡,2534,15.00,THB,0,0,BTK
4,轮渡,2535,15.00,THB,0,0,BTK
4,轮渡,2536,15.00,THB,0,0,BTK
4,轮渡,2537,15.00,THB,0,0,BTK
4,轮渡,2538,15.00,THB,0,0,BTK
4,轮渡,2539,15.00,THB,0,0,BTK
4,轮渡,2540,15.00,THB,0,0,BTK
4,轮渡,2541,15.00,THB,0,0,BTK
4,轮渡,2542,15.00,THB,0,0,BTK
4,轮渡,3069,5.00,THB,0,0,ST
4,轮渡,3070,6.00,THB,0,0,ST
4,轮渡,3071,6.00,THB,0,0,ST
4,轮渡,3072,5.00,THB,0,0,ST
4,轮渡,3073,5.00,THB,0,0,ST
4,轮渡,3074,5.00,THB,0,0,ST
4,轮渡,3075,5.00,THB,0,0,ST
4,轮渡,3076,6.00,THB,0,0,ST
4,轮渡,3077,10.00,THB,0,0,ST
4,轮渡,3078,5.00,THB,0,0,ST
4,轮渡,3079,5.00,THB,0,0,ST
4,轮渡,3080,5.00,THB,0,0,ST
4,轮渡,3081,5.00,THB,0,0,ST
4,轮渡,3082,5.00,THB,0,0,ST
4,轮渡,3083,5.00,THB,0,0,ST
4,轮渡,3084,5.00,THB,0,0,ST
4,轮渡,3085,5.00,THB,0,0,ST
4,轮渡,3086,5.00,THB,0,0,ST
4,轮渡,3087,5.00,THB,0,0,ST
4,轮渡,3088,6.00,THB,0,0,ST
4,轮渡,3089,5.00,THB,0,0,ST
4,轮渡,3090,5.00,THB,0,0,ST
4,轮渡,3091,5.00,THB,0,0,ST
4,轮渡,3092,5.00,THB,0,0,ST
4,轮渡,3093,5.00,THB,0,0,ST
4,轮渡,691357,18.00,THB,0,0,FT
4,轮渡,691358,18.00,THB,0,0,FT
4,轮渡,691359,18.00,THB,0,0,FT
4,轮渡,691360,16.00,THB,0,0,FT
4,轮渡,691361,16.00,THB,0,0,FT
4,轮渡,691362,16.00,THB,0,0,FT
4,轮渡,691363,18.00,THB,0,0,FT
4,轮渡,691364,16.00,THB,0,0,FT
4,轮渡,691365,14.00,THB,0,0,FT
4,轮渡,691366,14.00,THB,0,0,FT
4,轮渡,691367,12.00,THB,0,0,FT
4,轮渡,691368,12.00,THB,0,0,FT
4,轮渡,691369,12.00,THB,0,0,FT
4,轮渡,691370,12.00,THB,0,0,FT
4,轮渡,691371,12.00,THB,0,0,FT
4,轮渡,691372,14.00,THB,0,0,FT
4,轮渡,691373,14.00,THB,0,0,FT
4,轮渡,691374,16.00,THB,0,0,FT
4,轮渡,691375,16.00,THB,0,0,FT
4,轮渡,691376,16.00,THB,0,0,FT
4,轮渡,691377,16.00,THB,0,0,FT
4,轮渡,691378,16.00,THB,0,0,FT
4,轮渡,691379,18.00,THB,0,0,FT
4,轮渡,691380,18.00,THB,0,0,FT
4,轮渡,691381,18.00,THB,0,0,FT
4,轮渡,691382,18.00,THB,0,0,FT
4,轮渡,691383,18.00,THB,0,0,FT
4,轮渡,691384,14.00,THB,0,0,FT
4,轮渡,691385,14.00,THB,0,0,FT
4,轮渡,691386,14.00,THB,0,0,FT
4,轮渡,691387,12.00,THB,0,0,FT
4,轮渡,691388,12.00,THB,0,0,FT
4,轮渡,691389,12.00,THB,0,0,FT
4,轮渡,691390,12.00,THB,0,0,FT
4,轮渡,691391,14.00,THB,0,0,FT
4,轮渡,691392,14.00,THB,0,0,FT
4,轮渡,691393,14.00,THB,0,0,FT
4,轮渡,691394,16.00,THB,0,0,FT
4,轮渡,691395,16.00,THB,0,0,FT
4,轮渡,691396,16.00,THB,0,0,FT
4,轮渡,691397,16.00,THB,0,0,FT
4,轮渡,691398,18.00,THB,0,0,FT
4,轮渡,691399,18.00,THB,0,0,FT
4,轮渡,691400,18.00,THB,0,0,FT
4,轮渡,691401,18.00,THB,0,0,FT
4,轮渡,691402,20.00,THB,0,0,FT
4,轮渡,691403,20.00,THB,0,0,FT
4,轮渡,691404,20.00,THB,0,0,FT
4,轮渡,691405,20.00,THB,0,0,FT
4,轮渡,691406,20.00,THB,0,0,FT
4,轮渡,691407,20.00,THB,0,0,FT
4,轮渡,691408,18.00,THB,0,0,FT
4,轮渡,691409,16.00,THB,0,0,FT
4,轮渡,691410,16.00,THB,0,0,FT
4,轮渡,691411,14.00,THB,0,0,FT
4,轮渡,691412,14.00,THB,0,0,FT
4,轮渡,691413,14.00,THB,0,0,FT
4,轮渡,691414,12.00,THB,0,0,FT
4,轮渡,691415,12.00,THB,0,0,FT
4,轮渡,691416,12.00,THB,0,0,FT
4,轮渡,691417,12.00,THB,0,0,FT
4,轮渡,691418,12.00,THB,0,0,FT
4,轮渡,691419,14.00,THB,0,0,FT
4,轮渡,691420,14.00,THB,0,0,FT
4,轮渡,691421,14.00,THB,0,0,FT
4,轮渡,691422,16.00,THB,0,0,FT
4,轮渡,691423,16.00,THB,0,0,FT
4,轮渡,691424,16.00,THB,0,0,FT
4,轮渡,691425,16.00,THB,0,0,FT
4,轮渡,691426,16.00,THB,0,0,FT
4,轮渡,691427,18.00,THB,0,0,FT
4,轮渡,691428,18.00,THB,0,0,FT
4,轮渡,691429,18.00,THB,0,0,FT
4,轮渡,691430,20.00,THB,0,0,FT
4,轮渡,691431,20.00,THB,0,0,FT
4,轮渡,691432,20.00,THB,0,0,FT
4,轮渡,691433,16.00,THB,0,0,FT
4,轮渡,691434,16.00,THB,0,0,FT
4,轮渡,691435,18.00,THB,0,0,FT
4,轮渡,691436,20.00,THB,0,0,FT
4,轮渡,691437,20.00,THB,0,0,FT
4,轮渡,691438,20.00,THB,0,0,FT
4,轮渡,691439,20.00,THB,0,0,FT
4,轮渡,691440,18.00,THB,0,0,FT
4,轮渡,691441,18.00,THB,0,0,FT
4,轮渡,691442,18.00,THB,0,0,FT
4,轮渡,691443,16.00,THB,0,0,FT
4,轮渡,691444,16.00,THB,0,0,FT
4,轮渡,691445,16.00,THB,0,0,FT
4,轮渡,691446,16.00,THB,0,0,FT
4,轮渡,691447,14.00,THB,0,0,FT
4,轮渡,691448,14.00,THB,0,0,FT
4,轮渡,691449,14.00,THB,0,0,FT
4,轮渡,691450,12.00,THB,0,0,FT
4,轮渡,691451,12.00,THB,0,0,FT
4,轮渡,691452,12.00,THB,0,0,FT
4,轮渡,691453,12.00,THB,0,0,FT
4,轮渡,691454,12.00,THB,0,0,FT
4,轮渡,691455,14.00,THB,0,0,FT
4,轮渡,691456,14.00,THB,0,0,FT
4,轮渡,691457,14.00,THB,0,0,FT
4,轮渡,691458,14.00,THB,0,0,FT
4,轮渡,691459,16.00,THB,0,0,FT
4,轮渡,691460,16.00,THB,0,0,FT
4,轮渡,691461,14.00,THB,0,0,FT
4,轮渡,691462,22.00,THB,0,0,FT
4,轮渡,691463,22.00,THB,0,0,FT
4,轮渡,691464,20.00,THB,0,0,FT
4,轮渡,691465,20.00,THB,0,0,FT
4,轮渡,691466,20.00,THB,0,0,FT
4,轮渡,691467,20.00,THB,0,0,FT
4,轮渡,691468,20.00,THB,0,0,FT
4,轮渡,691469,18.00,THB,0,0,FT
4,轮渡,691470,18.00,THB,0,0,FT
4,轮渡,691471,18.00,THB,0,0,FT
4,轮渡,691472,16.00,THB,0,0,FT
4,轮渡,691473,16.00,THB,0,0,FT
4,轮渡,691474,16.00,THB,0,0,FT
4,轮渡,691475,16.00,THB,0,0,FT
4,轮渡,691476,16.00,THB,0,0,FT
4,轮渡,691477,14.00,THB,0,0,FT
4,轮渡,691478,14.00,THB,0,0,FT
4,轮渡,691479,14.00,THB,0,0,FT
4,轮渡,691480,12.00,THB,0,0,FT
4,轮渡,691481,12.00,THB,0,0,FT
4,轮渡,691482,12.00,THB,0,0,FT
4,轮渡,691483,12.00,THB,0,0,FT
4,轮渡,691484,12.00,THB,0,0,FT
4,轮渡,691485,14.00,THB,0,0,FT
4,轮渡,691486,14.00,THB,0,0,FT
4,轮渡,691487,18.00,THB,0,0,FT
4,轮渡,691488,18.00,THB,0,0,FT
4,轮渡,691489,16.00,THB,0,0,FT
4,轮渡,691490,16.00,THB,0,0,FT
4,轮渡,691491,16.00,THB,0,0,FT
4,轮渡,691492,16.00,THB,0,0,FT
4,轮渡,691493,16.00,THB,0,0,FT
4,轮渡,691494,16.00,THB,0,0,FT
4,轮渡,691495,14.00,THB,0,0,FT
4,轮渡,691496,14.00,THB,0,0,FT
4,轮渡,691497,14.00,THB,0,0,FT
4,轮渡,691498,14.00,THB,0,0,FT
4,轮渡,691499,14.00,THB,0,0,FT
4,轮渡,691500,12.00,THB,0,0,FT
4,轮渡,691501,12.00,THB,0,0,FT
4,轮渡,691502,12.00,THB,0,0,FT
4,轮渡,691503,14.00,THB,0,0,FT
4,轮渡,691504,14.00,THB,0,0,FT
4,轮渡,691505,14.00,THB,0,0,FT
4,轮渡,691506,16.00,THB,0,0,FT
4,轮渡,691507,16.00,THB,0,0,FT
4,轮渡,691508,16.00,THB,0,0,FT
4,轮渡,691509,16.00,THB,0,0,FT
4,轮渡,691510,18.00,THB,0,0,FT
4,轮渡,691511,18.00,THB,0,0,FT
4,轮渡,691512,18.00,THB,0,0,FT
4,轮渡,691513,22.00,THB,0,0,FT
4,轮渡,691514,22.00,THB,0,0,FT
4,轮渡,691515,22.00,THB,0,0,FT
4,轮渡,691516,22.00,THB,0,0,FT
4,轮渡,691517,20.00,THB,0,0,FT
4,轮渡,691518,20.00,THB,0,0,FT
4,轮渡,691519,20.00,THB,0,0,FT
4,轮渡,691520,20.00,THB,0,0,FT
4,轮渡,691521,20.00,THB,0,0,FT
4,轮渡,691522,20.00,THB,0,0,FT
4,轮渡,691523,18.00,THB,0,0,FT
4,轮渡,691524,18.00,THB,0,0,FT
4,轮渡,691525,18.00,THB,0,0,FT
4,轮渡,691526,18.00,THB,0,0,FT
4,轮渡,691527,16.00,THB,0,0,FT
4,轮渡,691528,16.00,THB,0,0,FT
4,轮渡,691529,16.00,THB,0,0,FT
4,轮渡,691530,16.00,THB,0,0,FT
4,轮渡,691531,14.00,THB,0,0,FT
4,轮渡,691532,14.00,THB,0,0,FT
4,轮渡,691533,14.00,THB,0,0,FT
4,轮渡,691534,12.00,THB,0,0,FT
4,轮渡,691535,12.00,THB,0,0,FT
4,轮渡,691536,12.00,THB,0,0,FT
4,轮渡,691537,22.00,THB,0,0,FT
4,轮渡,691538,22.00,THB,0,0,FT
4,轮渡,691539,18.00,THB,0,0,FT
4,轮渡,691540,22.00,THB,0,0,FT
4,轮渡,691541,22.00,THB,0,0,FT
4,轮渡,691542,22.00,THB,0,0,FT
4,轮渡,691543,22.00,THB,0,0,FT
4,轮渡,691544,20.00,THB,0,0,FT
4,轮渡,691545,20.00,THB,0,0,FT
4,轮渡,691546,20.00,THB,0,0,FT
4,轮渡,691547,20.00,THB,0,0,FT
4,轮渡,691548,20.00,THB,0,0,FT
4,轮渡,691549,20.00,THB,0,0,FT
4,轮渡,691550,18.00,THB,0,0,FT
4,轮渡,691551,18.00,THB,0,0,FT
4,轮渡,691552,18.00,THB,0,0,FT
4,轮渡,691553,16.00,THB,0,0,FT
4,轮渡,691554,16.00,THB,0,0,FT
4,轮渡,691555,16.00,THB,0,0,FT
4,轮渡,691556,16.00,THB,0,0,FT
4,轮渡,691557,16.00,THB,0,0,FT
4,轮渡,691558,14.00,THB,0,0,FT
4,轮渡,691559,14.00,THB,0,0,FT
4,轮渡,691560,12.00,THB,0,0,FT
4,轮渡,691561,12.00,THB,0,0,FT
4,轮渡,691562,12.00,THB,0,0,FT
4,轮渡,691563,12.00,THB,0,0,FT
4,轮渡,691564,12.00,THB,0,0,FT
4,轮渡,691565,18.00,THB,0,0,FT
4,轮渡,691566,18.00,THB,0,0,FT
4,轮渡,691567,18.00,THB,0,0,FT
4,轮渡,691568,18.00,THB,0,0,FT
4,轮渡,691569,16.00,THB,0,0,FT
4,轮渡,691570,16.00,THB,0,0,FT
4,轮渡,691571,16.00,THB,0,0,FT
4,轮渡,691572,16.00,THB,0,0,FT
4,轮渡,691573,16.00,THB,0,0,FT
4,轮渡,691574,14.00,THB,0,0,FT
4,轮渡,691575,12.00,THB,0,0,FT
4,轮渡,691576,12.00,THB,0,0,FT
4,轮渡,691577,12.00,THB,0,0,FT
4,轮渡,691578,12.00,THB,0,0,FT
4,轮渡,691579,12.00,THB,0,0,FT
4,轮渡,691580,14.00,THB,0,0,FT
4,轮渡,691581,14.00,THB,0,0,FT
4,轮渡,691582,14.00,THB,0,0,FT
4,轮渡,691583,16.00,THB,0,0,FT
4,轮渡,691584,16.00,THB,0,0,FT
4,轮渡,691585,16.00,THB,0,0,FT
4,轮渡,691586,16.00,THB,0,0,FT
4,轮渡,691587,16.00,THB,0,0,FT
4,轮渡,691588,16.00,THB,0,0,FT
4,轮渡,691589,16.00,THB,0,0,FT
4,轮渡,691590,18.00,THB,0,0,FT
4,轮渡,691591,16.00,THB,0,0,FT
4,轮渡,691592,16.00,THB,0,0,FT
4,轮渡,691593,14.00,THB,0,0,FT
4,轮渡,691594,14.00,THB,0,0,FT
4,轮渡,691595,14.00,THB,0,0,FT
4,轮渡,691596,12.00,THB,0,0,FT
4,轮渡,691597,12.00,THB,0,0,FT
4,轮渡,691598,12.00,THB,0,0,FT
4,轮渡,691599,12.00,THB,0,0,FT
4,轮渡,691600,12.00,THB,0,0,FT
4,轮渡,691601,12.00,THB,0,0,FT
4,轮渡,691602,14.00,THB,0,0,FT
4,轮渡,691603,14.00,THB,0,0,FT
4,轮渡,691604,16.00,THB,0,0,FT
4,轮渡,691605,16.00,THB,0,0,FT
4,轮渡,691606,16.00,THB,0,0,FT
4,轮渡,691607,16.00,THB,0,0,FT
4,轮渡,691608,16.00,THB,0,0,FT
4,轮渡,691609,18.00,THB,0,0,FT
4,轮渡,691610,18.00,THB,0,0,FT
4,轮渡,691611,18.00,THB,0,0,FT
4,轮渡,691612,18.00,THB,0,0,FT
4,轮渡,691613,20.00,THB,0,0,FT
4,轮渡,691614,20.00,THB,0,0,FT
4,轮渡,691615,20.00,THB,0,0,FT
4,轮渡,691616,20.00,THB,0,0,FT
4,轮渡,691617,14.00,THB,0,0,FT
4,轮渡,691618,22.00,THB,0,0,FT
4,轮渡,691619,22.00,THB,0,0,FT
4,轮渡,691620,22.00,THB,0,0,FT
4,轮渡,691621,20.00,THB,0,0,FT
4,轮渡,691622,20.00,THB,0,0,FT
4,轮渡,691623,20.00,THB,0,0,FT
4,轮渡,691624,20.00,THB,0,0,FT
4,轮渡,691625,20.00,THB,0,0,FT
4,轮渡,691626,18.00,THB,0,0,FT
4,轮渡,691627,18.00,THB,0,0,FT
4,轮渡,691628,18.00,THB,0,0,FT
4,轮渡,691629,18.00,THB,0,0,FT
4,轮渡,691630,16.00,THB,0,0,FT
4,轮渡,691631,16.00,THB,0,0,FT
4,轮渡,691632,16.00,THB,0,0,FT
4,轮渡,691633,16.00,THB,0,0,FT
4,轮渡,691634,14.00,THB,0,0,FT
4,轮渡,691635,14.00,THB,0,0,FT
4,轮渡,691636,14.00,THB,0,0,FT
4,轮渡,691637,14.00,THB,0,0,FT
4,轮渡,691638,12.00,THB,0,0,FT
4,轮渡,691639,12.00,THB,0,0,FT
4,轮渡,691640,12.00,THB,0,0,FT
4,轮渡,691641,12.00,THB,0,0,FT
4,轮渡,691642,12.00,THB,0,0,FT
4,轮渡,691643,16.00,THB,0,0,FT
4,轮渡,691644,16.00,THB,0,0,FT
4,轮渡,691645,16.00,THB,0,0,FT
4,轮渡,691646,16.00,THB,0,0,FT
4,轮渡,691647,16.00,THB,0,0,FT
4,轮渡,691648,14.00,THB,0,0,FT
4,轮渡,691649,14.00,THB,0,0,FT
4,轮渡,691650,14.00,THB,0,0,FT
4,轮渡,691651,12.00,THB,0,0,FT
4,轮渡,691652,12.00,THB,0,0,FT
4,轮渡,691653,12.00,THB,0,0,FT
4,轮渡,691654,12.00,THB,0,0,FT
4,轮渡,691655,14.00,THB,0,0,FT
4,轮渡,691656,14.00,THB,0,0,FT
4,轮渡,691657,14.00,THB,0,0,FT
4,轮渡,691658,16.00,THB,0,0,FT
4,轮渡,691659,16.00,THB,0,0,FT
4,轮渡,691660,16.00,THB,0,0,FT
4,轮渡,691661,16.00,THB,0,0,FT
4,轮渡,691662,16.00,THB,0,0,FT
4,轮渡,691663,18.00,THB,0,0,FT
4,轮渡,691664,18.00,THB,0,0,FT
4,轮渡,691665,18.00,THB,0,0,FT
4,轮渡,691666,20.00,THB,0,0,FT
4,轮渡,691667,20.00,THB,0,0,FT
4,轮渡,691668,20.00,THB,0,0,FT
4,轮渡,691669,14.00,THB,0,0,FT
4,轮渡,691670,20.00,THB,0,0,FT
4,轮渡,691671,20.00,THB,0,0,FT
4,轮渡,691672,20.00,THB,0,0,FT
4,轮渡,691673,20.00,THB,0,0,FT
4,轮渡,691674,18.00,THB,0,0,FT
4,轮渡,691675,18.00,THB,0,0,FT
4,轮渡,691676,18.00,THB,0,0,FT
4,轮渡,691677,18.00,THB,0,0,FT
4,轮渡,691678,16.00,THB,0,0,FT
4,轮渡,691679,16.00,THB,0,0,FT
4,轮渡,691680,16.00,THB,0,0,FT
4,轮渡,691681,16.00,THB,0,0,FT
4,轮渡,691682,16.00,THB,0,0,FT
4,轮渡,691683,14.00,THB,0,0,FT
4,轮渡,691684,14.00,THB,0,0,FT
4,轮渡,691685,14.00,THB,0,0,FT
4,轮渡,691686,12.00,THB,0,0,FT
4,轮渡,691687,12.00,THB,0,0,FT
4,轮渡,691688,12.00,THB,0,0,FT
4,轮渡,691689,12.00,THB,0,0,FT
4,轮渡,691690,12.00,THB,0,0,FT
4,轮渡,691691,14.00,THB,0,0,FT
4,轮渡,691692,14.00,THB,0,0,FT
4,轮渡,691693,14.00,THB,0,0,FT
4,轮渡,691694,16.00,THB,0,0,FT
4,轮渡,691695,22.00,THB,0,0,FT
4,轮渡,691696,12.00,THB,0,0,FT
4,轮渡,691697,12.00,THB,0,0,FT
4,轮渡,691698,12.00,THB,0,0,FT
4,轮渡,691699,12.00,THB,0,0,FT
4,轮渡,691700,14.00,THB,0,0,FT
4,轮渡,691701,14.00,THB,0,0,FT
4,轮渡,691702,14.00,THB,0,0,FT
4,轮渡,691703,16.00,THB,0,0,FT
4,轮渡,691704,16.00,THB,0,0,FT
4,轮渡,691705,16.00,THB,0,0,FT
4,轮渡,691706,16.00,THB,0,0,FT
4,轮渡,691707,16.00,THB,0,0,FT
4,轮渡,691708,16.00,THB,0,0,FT
4,轮渡,691709,18.00,THB,0,0,FT
4,轮渡,691710,18.00,THB,0,0,FT
4,轮渡,691711,18.00,THB,0,0,FT
4,轮渡,691712,18.00,THB,0,0,FT
4,轮渡,691713,20.00,THB,0,0,FT
4,轮渡,691714,20.00,THB,0,0,FT
4,轮渡,691715,20.00,THB,0,0,FT
4,轮渡,691716,20.00,THB,0,0,FT
4,轮渡,691717,22.00,THB,0,0,FT
4,轮渡,691718,20.00,THB,0,0,FT
4,轮渡,691719,22.00,THB,0,0,FT
4,轮渡,691720,22.00,THB,0,0,FT
4,轮渡,691721,18.00,THB,0,0,FT
4,轮渡,691722,18.00,THB,0,0,FT
4,轮渡,691723,20.00,THB,0,0,FT
4,轮渡,691724,20.00,THB,0,0,FT
4,轮渡,691725,20.00,THB,0,0,FT
4,轮渡,691726,20.00,THB,0,0,FT
4,轮渡,691727,20.00,THB,0,0,FT
4,轮渡,691728,18.00,THB,0,0,FT
4,轮渡,691729,18.00,THB,0,0,FT
4,轮渡,691730,18.00,THB,0,0,FT
4,轮渡,691731,16.00,THB,0,0,FT
4,轮渡,691732,16.00,THB,0,0,FT
4,轮渡,691733,16.00,THB,0,0,FT
4,轮渡,691734,16.00,THB,0,0,FT
4,轮渡,691735,16.00,THB,0,0,FT
4,轮渡,691736,16.00,THB,0,0,FT
4,轮渡,691737,14.00,THB,0,0,FT
4,轮渡,691738,14.00,THB,0,0,FT
4,轮渡,691739,12.00,THB,0,0,FT
4,轮渡,691740,12.00,THB,0,0,FT
4,轮渡,691741,12.00,THB,0,0,FT
4,轮渡,691742,12.00,THB,0,0,FT
4,轮渡,691743,14.00,THB,0,0,FT
4,轮渡,691744,14.00,THB,0,0,FT
4,轮渡,691745,14.00,THB,0,0,FT
4,轮渡,691746,16.00,THB,0,0,FT
4,轮渡,691747,14.00,THB,0,0,FT
4,轮渡,691748,14.00,THB,0,0,FT
4,轮渡,691749,22.00,THB,0,0,FT
4,轮渡,691750,20.00,THB,0,0,FT
4,轮渡,691751,20.00,THB,0,0,FT
4,轮渡,691752,20.00,THB,0,0,FT
4,轮渡,691753,20.00,THB,0,0,FT
4,轮渡,691754,20.00,THB,0,0,FT
4,轮渡,691755,18.00,THB,0,0,FT
4,轮渡,691756,18.00,THB,0,0,FT
4,轮渡,691757,18.00,THB,0,0,FT
4,轮渡,691758,18.00,THB,0,0,FT
4,轮渡,691759,16.00,THB,0,0,FT
4,轮渡,691760,16.00,THB,0,0,FT
4,轮渡,691761,16.00,THB,0,0,FT
4,轮渡,691762,16.00,THB,0,0,FT
4,轮渡,691763,16.00,THB,0,0,FT
4,轮渡,691764,14.00,THB,0,0,FT
4,轮渡,691765,14.00,THB,0,0,FT
4,轮渡,691766,12.00,THB,0,0,FT
4,轮渡,691767,12.00,THB,0,0,FT
4,轮渡,691768,12.00,THB,0,0,FT
4,轮渡,691769,12.00,THB,0,0,FT
4,轮渡,691770,12.00,THB,0,0,FT
4,轮渡,691771,12.00,THB,0,0,FT
4,轮渡,691772,14.00,THB,0,0,FT
4,轮渡,691773,16.00,THB,0,0,FT
4,轮渡,691774,12.00,THB,0,0,FT
4,轮渡,691775,12.00,THB,0,0,FT
4,轮渡,691776,14.00,THB,0,0,FT
4,轮渡,691777,14.00,THB,0,0,FT
4,轮渡,691778,14.00,THB,0,0,FT
4,轮渡,691779,16.00,THB,0,0,FT
4,轮渡,691780,16.00,THB,0,0,FT
4,轮渡,691781,16.00,THB,0,0,FT
4,轮渡,691782,16.00,THB,0,0,FT
4,轮渡,691783,16.00,THB,0,0,FT
4,轮渡,691784,18.00,THB,0,0,FT
4,轮渡,691785,18.00,THB,0,0,FT
4,轮渡,691786,18.00,THB,0,0,FT
4,轮渡,691787,18.00,THB,0,0,FT
4,轮渡,691788,18.00,THB,0,0,FT
4,轮渡,691789,20.00,THB,0,0,FT
4,轮渡,691790,20.00,THB,0,0,FT
4,轮渡,691791,20.00,THB,0,0,FT
4,轮渡,691792,20.00,THB,0,0,FT
4,轮渡,691793,22.00,THB,0,0,FT
4,轮渡,691794,22.00,THB,0,0,FT
4,轮渡,691795,22.00,THB,0,0,FT
4,轮渡,691796,22.00,THB,0,0,FT
4,轮渡,691797,22.00,THB,0,0,FT
4,轮渡,691798,12.00,THB,0,0,FT
4,轮渡,691799,18.00,THB,0,0,FT
4,轮渡,691800,18.00,THB,0,0,FT
4,轮渡,691801,16.00,THB,0,0,FT
4,轮渡,691802,16.00,THB,0,0,FT
4,轮渡,691803,16.00,THB,0,0,FT
4,轮渡,691804,16.00,THB,0,0,FT
4,轮渡,691805,14.00,THB,0,0,FT
4,轮渡,691806,14.00,THB,0,0,FT
4,轮渡,691807,14.00,THB,0,0,FT
4,轮渡,691808,12.00,THB,0,0,FT
4,轮渡,691809,12.00,THB,0,0,FT
4,轮渡,691810,12.00,THB,0,0,FT
4,轮渡,691811,12.00,THB,0,0,FT
4,轮渡,691812,14.00,THB,0,0,FT
4,轮渡,691813,14.00,THB,0,0,FT
4,轮渡,691814,16.00,THB,0,0,FT
4,轮渡,691815,16.00,THB,0,0,FT
4,轮渡,691816,16.00,THB,0,0,FT
4,轮渡,691817,16.00,THB,0,0,FT
4,轮渡,691818,16.00,THB,0,0,FT
4,轮渡,691819,16.00,THB,0,0,FT
4,轮渡,691820,16.00,THB,0,0,FT
4,轮渡,691821,18.00,THB,0,0,FT
4,轮渡,691822,18.00,THB,0,0,FT
4,轮渡,691823,18.00,THB,0,0,FT
4,轮渡,691824,16.00,THB,0,0,FT
4,轮渡,691825,22.00,THB,0,0,FT
4,轮渡,691826,12.00,THB,0,0,FT
4,轮渡,691827,12.00,THB,0,0,FT
4,轮渡,691828,12.00,THB,0,0,FT
4,轮渡,691829,12.00,THB,0,0,FT
4,轮渡,691830,12.00,THB,0,0,FT
4,轮渡,691831,12.00,THB,0,0,FT
4,轮渡,691832,14.00,THB,0,0,FT
4,轮渡,691833,14.00,THB,0,0,FT
4,轮渡,691834,14.00,THB,0,0,FT
4,轮渡,691835,16.00,THB,0,0,FT
4,轮渡,691836,16.00,THB,0,0,FT
4,轮渡,691837,16.00,THB,0,0,FT
4,轮渡,691838,16.00,THB,0,0,FT
4,轮渡,691839,16.00,THB,0,0,FT
4,轮渡,691840,18.00,THB,0,0,FT
4,轮渡,691841,18.00,THB,0,0,FT
4,轮渡,691842,18.00,THB,0,0,FT
4,轮渡,691843,18.00,THB,0,0,FT
4,轮渡,691844,20.00,THB,0,0,FT
4,轮渡,691845,20.00,THB,0,0,FT
4,轮渡,691846,20.00,THB,0,0,FT
4,轮渡,691847,20.00,THB,0,0,FT
4,轮渡,691848,22.00,THB,0,0,FT
4,轮渡,691849,22.00,THB,0,0,FT
4,轮渡,691850,22.00,THB,0,0,FT
4,轮渡,691851,22.00,THB,0,0,FT
4,轮渡,691852,12.00,THB,0,0,FT
4,轮渡,691853,12.00,THB,0,0,FT
4,轮渡,691854,12.00,THB,0,0,FT
4,轮渡,691855,12.00,THB,0,0,FT
4,轮渡,691856,14.00,THB,0,0,FT
4,轮渡,691857,14.00,THB,0,0,FT
4,轮渡,691858,14.00,THB,0,0,FT
4,轮渡,691859,14.00,THB,0,0,FT
4,轮渡,691860,14.00,THB,0,0,FT
4,轮渡,691861,16.00,THB,0,0,FT
4,轮渡,691862,16.00,THB,0,0,FT
4,轮渡,691863,16.00,THB,0,0,FT
4,轮渡,691864,16.00,THB,0,0,FT
4,轮渡,691865,16.00,THB,0,0,FT
4,轮渡,691866,18.00,THB,0,0,FT
4,轮渡,691867,18.00,THB,0,0,FT
4,轮渡,691868,18.00,THB,0,0,FT
4,轮渡,691869,20.00,THB,0,0,FT
4,轮渡,691870,20.00,THB,0,0,FT
4,轮渡,691871,20.00,THB,0,0,FT
4,轮渡,691872,20.00,THB,0,0,FT
4,轮渡,691873,20.00,THB,0,0,FT
4,轮渡,691874,22.00,THB,0,0,FT
4,轮渡,691875,22.00,THB,0,0,FT
4,轮渡,691876,22.00,THB,0,0,FT
4,轮渡,691877,22.00,THB,0,0,FT
4,轮渡,691878,12.00,THB,0,0,FT
4,轮渡,691879,14.00,THB,0,0,FT
4,轮渡,691880,14.00,THB,0,0,FT
4,轮渡,691881,14.00,THB,0,0,FT
4,轮渡,691882,16.00,THB,0,0,FT
4,轮渡,691883,16.00,THB,0,0,FT
4,轮渡,691884,16.00,THB,0,0,FT
4,轮渡,691885,16.00,THB,0,0,FT
4,轮渡,691886,16.00,THB,0,0,FT
4,轮渡,691887,18.00,THB,0,0,FT
4,轮渡,691888,18.00,THB,0,0,FT
4,轮渡,691889,18.00,THB,0,0,FT
4,轮渡,691890,20.00,THB,0,0,FT
4,轮渡,691891,20.00,THB,0,0,FT
4,轮渡,691892,20.00,THB,0,0,FT
4,轮渡,691893,20.00,THB,0,0,FT
4,轮渡,691894,20.00,THB,0,0,FT
4,轮渡,691895,12.00,THB,0,0,FT
4,轮渡,691896,20.00,THB,0,0,FT
4,轮渡,691897,22.00,THB,0,0,FT
4,轮渡,691898,22.00,THB,0,0,FT
4,轮渡,691899,22.00,THB,0,0,FT
4,轮渡,691900,22.00,THB,0,0,FT
4,轮渡,691901,22.00,THB,0,0,FT
4,轮渡,691902,22.00,THB,0,0,FT
4,轮渡,691903,16.00,THB,0,0,FT
4,轮渡,691904,16.00,THB,0,0,FT
4,轮渡,691905,20.00,THB,0,0,FT
4,轮渡,691906,18.00,THB,0,0,FT
4,轮渡,691907,18.00,THB,0,0,FT
4,轮渡,691908,18.00,THB,0,0,FT
4,轮渡,691909,16.00,THB,0,0,FT
4,轮渡,691910,16.00,THB,0,0,FT
4,轮渡,691911,16.00,THB,0,0,FT
4,轮渡,691912,16.00,THB,0,0,FT
4,轮渡,691913,16.00,THB,0,0,FT
4,轮渡,691914,14.00,THB,0,0,FT
4,轮渡,691915,14.00,THB,0,0,FT
4,轮渡,691916,12.00,THB,0,0,FT
4,轮渡,691917,12.00,THB,0,0,FT
4,轮渡,691918,12.00,THB,0,0,FT
4,轮渡,691919,12.00,THB,0,0,FT
4,轮渡,691920,12.00,THB,0,0,FT
4,轮渡,691921,14.00,THB,0,0,FT
4,轮渡,691922,14.00,THB,0,0,FT
4,轮渡,691923,14.00,THB,0,0,FT
4,轮渡,691924,16.00,THB,0,0,FT
4,轮渡,691925,16.00,THB,0,0,FT
4,轮渡,691926,16.00,THB,0,0,FT
4,轮渡,691927,16.00,THB,0,0,FT
4,轮渡,691928,16.00,THB,0,0,FT
4,轮渡,691929,16.00,THB,0,0,FT
4,轮渡,691930,20.00,THB,0,0,FT
4,轮渡,691931,20.00,THB,0,0,FT
4,轮渡,691932,20.00,THB,0,0,FT
4,轮渡,691933,20.00,THB,0,0,FT
4,轮渡,691934,20.00,THB,0,0,FT
4,轮渡,691935,20.00,THB,0,0,FT
4,轮渡,691936,18.00,THB,0,0,FT
4,轮渡,691937,18.00,THB,0,0,FT
4,轮渡,691938,18.00,THB,0,0,FT
4,轮渡,691939,18.00,THB,0,0,FT
4,轮渡,691940,18.00,THB,0,0,FT
4,轮渡,691941,16.00,THB,0,0,FT
4,轮渡,691942,16.00,THB,0,0,FT
4,轮渡,691943,16.00,THB,0,0,FT
4,轮渡,691944,16.00,THB,0,0,FT
4,轮渡,691945,16.00,THB,0,0,FT
4,轮渡,691946,14.00,THB,0,0,FT
4,轮渡,691947,12.00,THB,0,0,FT
4,轮渡,691948,12.00,THB,0,0,FT
4,轮渡,691949,12.00,THB,0,0,FT
4,轮渡,691950,12.00,THB,0,0,FT
4,轮渡,691951,12.00,THB,0,0,FT
4,轮渡,691952,14.00,THB,0,0,FT
4,轮渡,691953,14.00,THB,0,0,FT
4,轮渡,691954,22.00,THB,0,0,FT
4,轮渡,691955,22.00,THB,0,0,FT
4,轮渡,691956,12.00,THB,0,0,FT
4,轮渡,691957,12.00,THB,0,0,FT
4,轮渡,691958,12.00,THB,0,0,FT
4,轮渡,691959,12.00,THB,0,0,FT
4,轮渡,691960,14.00,THB,0,0,FT
4,轮渡,691961,14.00,THB,0,0,FT
4,轮渡,691962,14.00,THB,0,0,FT
4,轮渡,691963,16.00,THB,0,0,FT
4,轮渡,691964,16.00,THB,0,0,FT
4,轮渡,691965,16.00,THB,0,0,FT
4,轮渡,691966,18.00,THB,0,0,FT
4,轮渡,691967,22.00,THB,0,0,FT
4,轮渡,691968,18.00,THB,0,0,FT
4,轮渡,691969,18.00,THB,0,0,FT
4,轮渡,691970,18.00,THB,0,0,FT
4,轮渡,691971,20.00,THB,0,0,FT
4,轮渡,691972,20.00,THB,0,0,FT
4,轮渡,691973,20.00,THB,0,0,FT
4,轮渡,691974,20.00,THB,0,0,FT
4,轮渡,691975,20.00,THB,0,0,FT
4,轮渡,691976,20.00,THB,0,0,FT
4,轮渡,691977,20.00,THB,0,0,FT
4,轮渡,691978,22.00,THB,0,0,FT
4,轮渡,691979,22.00,THB,0,0,FT
4,轮渡,691980,22.00,THB,0,0,FT
4,轮渡,691981,16.00,THB,0,0,FT
4,轮渡,691982,16.00,THB,0,0,FT
4,轮渡,691983,16.00,THB,0,0,FT
4,轮渡,691984,16.00,THB,0,0,FT
4,轮渡,691985,16.00,THB,0,0,FT
4,轮渡,691986,14.00,THB,0,0,FT
4,轮渡,691987,14.00,THB,0,0,FT
4,轮渡,691988,12.00,THB,0,0,FT
4,轮渡,691989,12.00,THB,0,0,FT
4,轮渡,691990,12.00,THB,0,0,FT
4,轮渡,691991,12.00,THB,0,0,FT
4,轮渡,691992,12.00,THB,0,0,FT
4,轮渡,691993,14.00,THB,0,0,FT
4,轮渡,691994,14.00,THB,0,0,FT
4,轮渡,691995,16.00,THB,0,0,FT
4,轮渡,691996,16.00,THB,0,0,FT
4,轮渡,691997,16.00,THB,0,0,FT
4,轮渡,691998,16.00,THB,0,0,FT
4,轮渡,691999,16.00,THB,0,0,FT
4,轮渡,692000,16.00,THB,0,0,FT
4,轮渡,692001,16.00,THB,0,0,FT
4,轮渡,692002,18.00,THB,0,0,FT
4,轮渡,692003,18.00,THB,0,0,FT
4,轮渡,692004,18.00,THB,0,0,FT
4,轮渡,692005,18.00,THB,0,0,FT
4,轮渡,692006,18.00,THB,0,0,FT
4,轮渡,692007,14.00,THB,0,0,FT
4,轮渡,692008,16.00,THB,0,0,FT
4,轮渡,692009,20.00,THB,0,0,FT
4,轮渡,692010,16.00,THB,0,0,FT
4,轮渡,692011,14.00,THB,0,0,FT
4,轮渡,692012,14.00,THB,0,0,FT
4,轮渡,692013,12.00,THB,0,0,FT
4,轮渡,692014,12.00,THB,0,0,FT
4,轮渡,692015,12.00,THB,0,0,FT
4,轮渡,692016,12.00,THB,0,0,FT
4,轮渡,692017,12.00,THB,0,0,FT
4,轮渡,692018,14.00,THB,0,0,FT
4,轮渡,692019,16.00,THB,0,0,FT
4,轮渡,692020,16.00,THB,0,0,FT
4,轮渡,692021,16.00,THB,0,0,FT
4,轮渡,692022,16.00,THB,0,0,FT
4,轮渡,692023,16.00,THB,0,0,FT
4,轮渡,692024,18.00,THB,0,0,FT
4,轮渡,692025,18.00,THB,0,0,FT
4,轮渡,692026,18.00,THB,0,0,FT
4,轮渡,692027,18.00,THB,0,0,FT
4,轮渡,692028,18.00,THB,0,0,FT
4,轮渡,692029,20.00,THB,0,0,FT
4,轮渡,692030,20.00,THB,0,0,FT
4,轮渡,692031,20.00,THB,0,0,FT
4,轮渡,692032,18.00,THB,0,0,FT
4,轮渡,692033,16.00,THB,0,0,FT
4,轮渡,692034,12.00,THB,0,0,FT
4,轮渡,692035,20.00,THB,0,0,FT
4,轮渡,692036,20.00,THB,0,0,FT
4,轮渡,692037,18.00,THB,0,0,FT
4,轮渡,692038,18.00,THB,0,0,FT
4,轮渡,692039,18.00,THB,0,0,FT
4,轮渡,692040,18.00,THB,0,0,FT
4,轮渡,692041,16.00,THB,0,0,FT
4,轮渡,692042,16.00,THB,0,0,FT
4,轮渡,692043,16.00,THB,0,0,FT
4,轮渡,692044,16.00,THB,0,0,FT
4,轮渡,692045,18.00,THB,0,0,FT
4,轮渡,692046,16.00,THB,0,0,FT
4,轮渡,692047,16.00,THB,0,0,FT
4,轮渡,692048,14.00,THB,0,0,FT
4,轮渡,692049,14.00,THB,0,0,FT
4,轮渡,692050,14.00,THB,0,0,FT
4,轮渡,692051,12.00,THB,0,0,FT
4,轮渡,692052,12.00,THB,0,0,FT
4,轮渡,692053,12.00,THB,0,0,FT
4,轮渡,692054,14.00,THB,0,0,FT
4,轮渡,692055,14.00,THB,0,0,FT
4,轮渡,692056,16.00,THB,0,0,FT
4,轮渡,692057,16.00,THB,0,0,FT
4,轮渡,692058,16.00,THB,0,0,FT
4,轮渡,704270,0.00,THB,0,0,BTK
4,轮渡,919419,23.00,THB,0,0,ST
4,轮渡,1252073,0.00,THB,0,0,FT
4,轮渡,1252074,0.00,THB,0,0,FT
4,轮渡,1252075,0.00,THB,0,0,FT
4,轮渡,1252076,0.00,THB,0,0,FT
4,轮渡,1252077,0.00,THB,0,0,FT
4,轮渡,1252078,0.00,THB,0,0,FT
4,轮渡,1252079,0.00,THB,0,0,FT
4,轮渡,1252080,0.00,THB,0,0,FT
4,轮渡,1252081,0.00,THB,0,0,FT
4,轮渡,1252082,0.00,THB,0,0,FT
4,轮渡,1252083,0.00,THB,0,0,FT
4,轮渡,1252084,0.00,THB,0,0,FT
4,轮渡,1252085,0.00,THB,0,0,FT
4,轮渡,1252086,0.00,THB,0,0,FT
4,轮渡,1252087,0.00,THB,0,0,FT
4,轮渡,1252088,0.00,THB,0,0,FT
4,轮渡,1252089,0.00,THB,0,0,FT
4,轮渡,1252090,0.00,THB,0,0,FT
4,轮渡,1252091,0.00,THB,0,0,FT
4,轮渡,1252092,0.00,THB,0,0,FT
4,轮渡,1252093,0.00,THB,0,0,FT
4,轮渡,1252094,0.00,THB,0,0,FT
4,轮渡,1252095,0.00,THB,0,0,FT
4,轮渡,1252096,0.00,THB,0,0,FT
4,轮渡,1252097,0.00,THB,0,0,FT
4,轮渡,1252098,0.00,THB,0,0,FT
4,轮渡,1252099,0.00,THB,0,0,FT
4,轮渡,1257883,16.00,THB,0,0,FT
4,轮渡,1257884,16.00,THB,0,0,FT
4,轮渡,1257885,16.00,THB,0,0,FT
4,轮渡,1257886,16.00,THB,0,0,FT
4,轮渡,1257887,16.00,THB,0,0,FT
4,轮渡,1257888,14.00,THB,0,0,FT
4,轮渡,1257889,14.00,THB,0,0,FT
4,轮渡,1257890,14.00,THB,0,0,FT
4,轮渡,1257891,14.00,THB,0,0,FT
4,轮渡,1257892,12.00,THB,0,0,FT
4,轮渡,1257893,12.00,THB,0,0,FT
4,轮渡,1257894,12.00,THB,0,0,FT
4,轮渡,1257895,16.00,THB,0,0,FT
4,轮渡,1257896,16.00,THB,0,0,FT
4,轮渡,1257897,16.00,THB,0,0,FT
4,轮渡,1257898,16.00,THB,0,0,FT
4,轮渡,1257899,16.00,THB,0,0,FT
4,轮渡,1257900,14.00,THB,0,0,FT
4,轮渡,1257901,14.00,THB,0,0,FT
4,轮渡,1257902,14.00,THB,0,0,FT
4,轮渡,1257903,14.00,THB,0,0,FT
4,轮渡,1257904,12.00,THB,0,0,FT
4,轮渡,1257905,12.00,THB,0,0,FT
4,轮渡,1257906,12.00,THB,0,0,FT
4,轮渡,1257907,0.00,THB,0,0,FT
4,轮渡,1257908,12.00,THB,0,0,FT
4,轮渡,1257909,12.00,THB,0,0,FT
4,轮渡,1257910,14.00,THB,0,0,FT
4,轮渡,1257911,14.00,THB,0,0,FT
4,轮渡,1257912,14.00,THB,0,0,FT
4,轮渡,1257913,14.00,THB,0,0,FT
4,轮渡,1257914,16.00,THB,0,0,FT
4,轮渡,1257915,16.00,THB,0,0,FT
4,轮渡,1257916,16.00,THB,0,0,FT
4,轮渡,1257917,16.00,THB,0,0,FT
4,轮渡,1257918,18.00,THB,0,0,FT
4,轮渡,1257919,18.00,THB,0,0,FT
4,轮渡,1257920,18.00,THB,0,0,FT
4,轮渡,1257921,20.00,THB,0,0,FT
4,轮渡,1257922,20.00,THB,0,0,FT
4,轮渡,1257923,12.00,THB,0,0,FT
4,轮渡,1257924,12.00,THB,0,0,FT
4,轮渡,1257925,14.00,THB,0,0,FT
4,轮渡,1257926,14.00,THB,0,0,FT
4,轮渡,1257927,14.00,THB,0,0,FT
4,轮渡,1257928,14.00,THB,0,0,FT
4,轮渡,1257929,16.00,THB,0,0,FT
4,轮渡,1257930,16.00,THB,0,0,FT
4,轮渡,1257931,16.00,THB,0,0,FT
4,轮渡,1257932,16.00,THB,0,0,FT
4,轮渡,1257933,18.00,THB,0,0,FT
4,轮渡,1257934,18.00,THB,0,0,FT
4,轮渡,1257935,18.00,THB,0,0,FT
4,轮渡,1257936,20.00,THB,0,0,FT
4,轮渡,1257937,20.00,THB,0,0,FT
4,轮渡,1268497,12.00,THB,0,0,ST
4,轮渡,2214892,0.00,THB,0,0,TTA
4,轮渡,2214938,450.00,THB,0,0,AWM
4,轮渡,2214940,450.00,THB,0,0,UT
4,轮渡,2214941,500.00,THB,0,0,LS
4,轮渡,2214942,600.00,THB,0,0,KS
4,轮渡,2214943,600.00,THB,0,0,AS
4,轮渡,2214944,600.00,THB,0,0,CG
4,轮渡,2214945,600.00,THB,0,0,PPCS
4,轮渡,2214946,500.00,THB,0,0,AT
4,轮渡,2214947,550.00,THB,0,0,AT
4,轮渡,2214948,700.00,THB,0,0,AT
4,轮渡,2214953,500.00,THB,0,0,KS
4,轮渡,2214954,600.00,THB,0,0,KS
4,轮渡,2214959,450.00,THB,0,0,AWM
4,轮渡,2214960,500.00,THB,0,0,CG
4,轮渡,2214961,500.00,THB,0,0,PPC
4,轮渡,2214962,500.00,THB,0,0,CPL
4,轮渡,2214963,500.00,THB,0,0,CG
4,轮渡,2214964,500.00,THB,0,0,SST
4,轮渡,2214965,500.00,THB,0,0,SST
4,轮渡,2214966,500.00,THB,0,0,SA
4,轮渡,2214967,500.00,THB,0,0,CT
4,轮渡,2214968,500.00,THB,0,0,BS
4,轮渡,2214969,700.00,THB,0,0,BS
4,轮渡,2214970,500.00,THB,0,0,LTP
4,轮渡,2214971,500.00,THB,0,0,LTP
4,轮渡,2214972,500.00,THB,0,0,BS
4,轮渡,2214973,500.00,THB,0,0,SST
4,轮渡,2214974,300.00,THB,0,0,PS1
4,轮渡,2214975,300.00,THB,0,0,PS2
4,轮渡,2214976,300.00,THB,0,0,PS1
4,轮渡,2214977,200.00,THB,0,0,PS1
4,轮渡,2214978,300.00,THB,0,0,PS1
4,轮渡,2214979,500.00,THB,0,0,SST
4,轮渡,2214980,500.00,THB,0,0,SST
4,轮渡,2214981,500.00,THB,0,0,SST
4,轮渡,3027335,0.00,THB,0,0,AWM
4,轮渡,3290777,30.00,THB,0,0,TSB (BOAT)
4,轮渡,3290778,30.00,THB,0,0,TSB (BOAT)
4,轮渡,3543908,32.00,THB,0,0,ST
4,轮渡,3543909,18.00,THB,0,0,ST
4,轮渡,3543910,35.00,THB,0,0,ST
4,轮渡,3543911,21.00,THB,0,0,ST
