targetId,targetName,adminId,coverageMode,key,title,answer,summary,topic,knowledgeSubtype,temporalScope,pageKey,sourceSection,sourceParentSection,quote,extractionMethod,evidenceStrength,stability,confidence,intentKeys,audienceScenarios,keywords,dataQuality,originalEntityId,webVerdict,webEvidence
sa_112398,花溪公园,admin_520111,direct_entry,b129a3b336a5,花溪公园音乐广场的建设沿革,音乐广场于2002年建成，此前是一幢苏式风格的大楼，称为“和平礼堂”。 原大楼修建于1951年，修建之初意为当做西南军干校。后因贺龙元帅不愿占用花溪公园之地而勒令停工。已经盖了顶的礼堂在搁置了一段时间后成为贵阳博物馆。贵州是一个有着47种少数民族的大省，主要以苗族、侗族、布依族三大少数民族为主。花溪，是一个少数民族杂居地，主要居住着苗族、布依族，音乐广场对花溪的少数民族来说更是尤为重要，每到少数民族的重大节日，例如：苗族的“四月八”、布依族的“三月三”，各个地方的民族同胞们都会盛装打扮聚集到此载歌载舞欢度他们的节日，非常的热闹。,音乐广场于2002年建成，此前是一幢苏式风格的大楼，称为“和平礼堂”。 原大楼修建于1951年，修建之初意为当做西南军干…,history,建设沿革,长期稳定,baike:112398#音乐广场,音乐广场,主要景点,音乐广场于2002年建成，此前是一幢苏式风格的大楼，称为“和平礼堂”。 原大楼修建于1951年，修建之初意为当做西南军干校。后因贺龙元帅不愿占用花溪公园之地而勒令停工。已经盖了顶的礼堂在搁置了一段时间后成为贵阳博物馆。贵州是一个有着47种少数民族的大省，主要以苗族、侗族、布依族三大少数民族为主。花溪，是一个少数民族杂居地，主要居住着苗族、布依族，音乐广场对花溪的少数民族来说更是尤为重要，每到少数民族的重大节日，例如：苗族的“四月八”、布依族的“三月三”，各个地方的民族同胞们都会盛装打扮聚集到此载歌载舞欢度他们的节日，非常的热闹。,百科章节抽取,交叉印证,稳定,0.9,"[""了解景区"", ""历史文化""]","[""文化游览""]","[""花溪公园"", ""音乐广场""]",needs_review,ar_edfe4eb2f652,real_place,花溪公园运营方官网 gyhxgy.cn 的园内游览导览条目中第一条即「音乐广场」，与睡莲池、水杉路、憩园、南湖、百步桥、坝上桥并列；数据记录本身还带有独立于百科的高德 POI（amapPoiId B0LRGATLG8，amapType「风景名胜;公园广场;公园广场」，地址「花溪大道南段3108号花溪公园内(东北角)」，坐标 26.43522/106.675316）。两条相互独立的证据都指向公园东北角一处可前往的实体广场（2002 年在原「和平礼堂」旧址建成）。
sa_112398,花溪公园,admin_520111,direct_entry,2b32e2c24a76,花溪公园放鸽桥的名称由来,1943年将介石游花溪，途径此桥时遇一只被枪击而落的斑鸠，斑鸠遭枪击却并无大碍，蒋介石放飞斑鸠，因斑鸠形似鸽子，因而桥得名放鸽桥。,1943年将介石游花溪，途径此桥时遇一只被枪击而落的斑鸠，斑鸠遭枪击却并无大碍，蒋介石放飞斑鸠，因斑鸠形似鸽子，因而桥得…,culture,名称由来,长期稳定,baike:112398#放鸽桥,放鸽桥,主要景点,1943年将介石游花溪，途径此桥时遇一只被枪击而落的斑鸠，斑鸠遭枪击却并无大碍，蒋介石放飞斑鸠，因斑鸠形似鸽子，因而桥得名放鸽桥。,百科章节抽取,交叉印证,稳定,0.9,"[""了解景区"", ""历史文化""]","[""文化游览""]","[""花溪公园"", ""放鸽桥""]",needs_review,ar_c652888ff449,real_place,贵州数字出版云村寨《花溪公园七十七年》原文：「改放鹤洲一带的跳蹬为有曲径通幽之妙的小桥，成为公园一亮点，此即今日之放鸽桥」——这是独立于百度百科的地方文史叙述，明确说明放鸽桥是放鹤洲一带一座实体桥梁。携程/景区介绍类资料亦把放鸽桥与百步桥、坝上桥并列为园内桥梁（「园内的放鸽桥各逞风姿」）。
sa_112398,花溪公园,admin_520111,direct_entry,43aa07999c3c,花溪公园放鹤洲的名称由来,放鹤洲又称芙蓉洲。由于贵州优越的气候条件，冬无严寒、夏无酷暑，全年平均温度15℃，加上优质的水源，丰富的水生物，所以每年都吸引很多候鸟到此栖息，每到冬天就会有很多的白鹤飞到此处，白鹤与水中的一座座的芦苇小岛相呼应，形成了一幅美丽的风景，于是便把这里叫做了放鹤洲。,放鹤洲又称芙蓉洲。由于贵州优越的气候条件，冬无严寒、夏无酷暑，全年平均温度15℃，加上优质的水源，丰富的水生物，所以每年…,culture,名称由来,长期稳定,baike:112398#放鹤洲,放鹤洲,主要景点,放鹤洲又称芙蓉洲。由于贵州优越的气候条件，冬无严寒、夏无酷暑，全年平均温度15℃，加上优质的水源，丰富的水生物，所以每年都吸引很多候鸟到此栖息，每到冬天就会有很多的白鹤飞到此处，白鹤与水中的一座座的芦苇小岛相呼应，形成了一幅美丽的风景，于是便把这里叫做了放鹤洲。,百科章节抽取,交叉印证,稳定,0.9,"[""了解景区"", ""历史文化""]","[""文化游览""]","[""花溪公园"", ""放鹤洲""]",needs_review,ar_964e2d2929ae,real_place,又名芙蓉洲，是花溪河中一片洲渚（芦苇小岛群）。景区介绍类资料把「芙蓉洲」列入花溪公园主要景点并描述「放鹤洲溪流宁静、青渚点点」；云村寨《花溪公园七十七年》提到「放鹤洲一带的跳蹬」并把「放鹤洲」列为主要景点之首（「主要景点有放鹤洲、坝上桥、飞云阁、旗亭（棋亭）、西舍、小憩」）。属园内一处可到达的水中洲渚景观。
sa_112398,花溪公园,admin_520111,direct_entry,4c5672fdd239,花溪公园百步桥的名称由来,百步桥，又称跳墩，因由一百三十多个相隔两尺左右的石墩立于河上，游人跳踩石墩而过，故名。,百步桥，又称跳墩，因由一百三十多个相隔两尺左右的石墩立于河上，游人跳踩石墩而过，故名。,culture,名称由来,长期稳定,baike:112398#百步桥,百步桥,主要景点,百步桥，又称跳墩，因由一百三十多个相隔两尺左右的石墩立于河上，游人跳踩石墩而过，故名。,百科章节抽取,交叉印证,稳定,0.9,"[""了解景区"", ""历史文化""]","[""文化游览""]","[""花溪公园"", ""百步桥""]",needs_review,ar_48401d21c6bc,real_place,花溪公园运营方官网 gyhxgy.cn 游览导览条目中明确列有「百步桥」；景区介绍亦载「花溪河上的百步桥有石磴百具弯弯曲曲置于河坝上，一步一磴，微露水面」。即园内横跨花溪河的跳墩式石磴桥（俗称跳墩/跳蹬），实体存在且是主要打卡点。
sa_112398,花溪公园,admin_520111,direct_entry,bd0dfeb5998b,花溪公园东舍的建设沿革,花溪公园内有两座小洋房，一座在公园东侧（东舍），一座在公园西侧（西舍）。东舍兴建于1940年，于1941年初竣工。起初这里是景区招待所。1944年5月，我国著名文学家 巴金 先生曾与 萧珊 在此“举行婚礼”，共度蜜月，当他把萧珊送上车去四川后，独自在此写完了他构思已久的中篇小说《 憩园 》。建国初期进行过简单修整，仍保持原样。但因巴金老先生的中篇小说《憩园》，而改名为“憩园”，并挂有白底黑字的小木牌“花溪小憩”。1958年，贵州省政府在花溪兴建宾馆，把花溪小憩给撤掉，改建成两层楼户，盖琉璃瓦。为与西舍对称，把花溪小憩改为东舍，并挂牌。八十年代，东舍又经过修整，将屋面瓦改成了土红色。1992年以后，花溪组建了旅游公司，并派人到上海走访巴金老先生，征集资料并成立了巴金纪念馆。,花溪公园内有两座小洋房，一座在公园东侧（东舍），一座在公园西侧（西舍）。东舍兴建于1940年，于1941年初竣工。起初这…,history,建设沿革,长期稳定,baike:112398#东舍,东舍,主要景点,花溪公园内有两座小洋房，一座在公园东侧（东舍），一座在公园西侧（西舍）。东舍兴建于1940年，于1941年初竣工。起初这里是景区招待所。1944年5月，我国著名文学家 巴金 先生曾与 萧珊 在此“举行婚礼”，共度蜜月，当他把萧珊送上车去四川后，独自在此写完了他构思已久的中篇小说《 憩园 》。建国初期进行过简单修整，仍保持原样。但因巴金老先生的中篇小说《憩园》，而改名为“憩园”，并挂有白底黑字的小木牌“花溪小憩”。1958年，贵州省政府在花溪兴建宾馆，把花溪小憩给撤掉，改建成两层楼户，盖琉璃瓦。为与西舍对称，把花溪小憩改为东舍，并挂牌。八十年代，东舍又经过修整，将屋面瓦改成了土红色。1992年以后，花溪组建了旅游公司，并派人到上海走访巴金老先生，征集资料并成立了巴金纪念馆。,百科章节抽取,交叉印证,稳定,0.9,"[""了解景区"", ""历史文化""]","[""文化游览""]","[""花溪公园"", ""东舍""]",needs_review,ar_92d53ffa82a0,real_place,云村寨《抗战后方花园 怡情未敢忘忧国》原文：「增建了憩园（1940年3月建成，砖木结构西式平房，今东舍）」，与西舍（原尚武俱乐部）对称；《花溪公园七十七年》亦以「小憩（东舍）」称之。花溪公园官网导览中对应条目为「憩园」。该建筑即 1944 年巴金与萧珊度蜜月、写《憩园》处，后设巴金纪念馆。是园东侧一栋实体小洋房。
sa_112398,花溪公园,admin_520111,direct_entry,dfa6b1021866,花溪公园麟山的景观构成,花溪河两岸作为“公园”来建设，是从民国二十六年（1937年）冬天开始的。但作为“风景名胜”，它的历史可追溯到明代中期。花溪有一山名为狮子山（今麟山），自从明代《弘治贵州图经新志》把它定为贵阳名山之后，就常有人到花溪游玩。这一时期，花溪河两岸是明山配秀水，绿树荫苍苔，“风景出自然，非由人力造”的自然原始时期。到了清 乾隆 嘉庆年间，花溪开始出现“亭台掩林间，楼阁连霄汉”的人工景观。这是花溪白杨寨（今吉麟村）周奎及其子孙所为。周奎于乾隆五十二年（1787年）作《麟山记》。他说，白杨寨东半里许“有山。壮若伏狮”，但也接着说，“狮麟之辨”、“狮无角而麟一角”。他把山头上一巨石认为是“一角”，说“麟兮麟兮，夫复何疑？”于是把狮子山改名叫麟山，并说“狮不得争也”。,花溪河两岸作为“公园”来建设，是从民国二十六年（1937年）冬天开始的。但作为“风景名胜”，它的历史可追溯到明代中期。花…,geography,景观构成,长期稳定,baike:112398#麟山,麟山,主要景点,花溪河两岸作为“公园”来建设，是从民国二十六年（1937年）冬天开始的。但作为“风景名胜”，它的历史可追溯到明代中期。花溪有一山名为狮子山（今麟山），自从明代《弘治贵州图经新志》把它定为贵阳名山之后，就常有人到花溪游玩。这一时期，花溪河两岸是明山配秀水，绿树荫苍苔，“风景出自然，非由人力造”的自然原始时期。到了清 乾隆 嘉庆年间，花溪开始出现“亭台掩林间，楼阁连霄汉”的人工景观。这是花溪白杨寨（今吉麟村）周奎及其子孙所为。周奎于乾隆五十二年（1787年）作《麟山记》。他说，白杨寨东半里许“有山。壮若伏狮”，但也接着说，“狮麟之辨”、“狮无角而麟一角”。他把山头上一巨石认为是“一角”，说“麟兮麟兮，夫复何疑？”于是把狮子山改名叫麟山，并说“狮不得争也”。,百科章节抽取,交叉印证,稳定,0.9,"[""了解景区"", ""历史文化""]","[""文化游览""]","[""花溪公园"", ""麟山""]",needs_review,ar_ee3dcb9c260f,real_place,花溪公园「四山夹一水」中的一山（麟山、蛇山、龟山、凤山），为园内最高点，原名狮子山，清乾隆年间周奎作《麟山记》改名。实地游记（新浪博客《麟山之巅瞰花溪》）描述东、南两侧各有石阶路通山顶，山腹有可容一人穿行的天然穿洞，山顶平台可俯瞰全园，南坡有依山而建的两层亭子。公园官网导览另有「麟山门」为入口标识。
sa_112398,花溪公园,admin_520111,direct_entry,4f4b947254da,花溪公园的生聚教训（摩崖石刻题字（四字榜书））,此摩崖是 何应钦 为纪念抗日期间贵阳被轰炸所提的。后来由贵阳县县长 刘剑魂 所书写。是日本人发动侵华战争的有力见证。“生聚教训”四字典出于“ 卧薪尝胆 ”，该摩崖所蕴含的意义、哲理同样对中华民族的今天和未来都有极强的启迪意义。,此摩崖是 何应钦 为纪念抗日期间贵阳被轰炸所提的。后来由贵阳县县长 刘剑魂 所书写。是日本人发动侵华战争的有力见证。“生…,culture,摩崖石刻与题记,长期稳定,baike:112398#生聚教训,生聚教训,主要景点,此摩崖是 何应钦 为纪念抗日期间贵阳被轰炸所提的。后来由贵阳县县长 刘剑魂 所书写。是日本人发动侵华战争的有力见证。“生聚教训”四字典出于“ 卧薪尝胆 ”，该摩崖所蕴含的意义、哲理同样对中华民族的今天和未来都有极强的启迪意义。,百科章节抽取,交叉印证,待核,0.9,"[""了解景区"", ""历史文化""]","[""文化游览""]","[""花溪公园"", ""生聚教训""]",needs_review,ar_05fee21fe73c,not_a_place,多方资料一致：该四字位于花溪公园麟山东麓崖壁，为 1937 年主持修建花溪公园的贵阳县长刘剑魂手书（何应钦倡意），取越王勾践「十年生聚，十年教训」典故，寓持久抗战。数据记录自身的描述也自认「此摩崖是何应钦为纪念抗日期间贵阳被轰炸所提的」。它是麟山崖壁上的一处题刻文字，不是一个可前往的独立地点实体；若要建实体节点，应挂在「麟山」之下作为题刻/文物要素。
sa_112398,花溪公园,admin_520111,direct_entry,1c5fab8237b7,花溪公园的黔山一柱（摩崖石刻题字）,刻于公元1993年，出自贵州书法家王鄂华之手，意为景点留名。,刻于公元1993年，出自贵州书法家王鄂华之手，意为景点留名。,culture,摩崖石刻与题记,长期稳定,baike:112398#黔山一柱,黔山一柱,主要景点,刻于公元1993年，出自贵州书法家王鄂华之手，意为景点留名。,百科章节抽取,交叉印证,待核,0.9,"[""了解景区"", ""历史文化""]","[""文化游览""]","[""花溪公园"", ""黔山一柱""]",needs_review,ar_d6e7637a42ba,not_a_place,检索到的实地描述：刻有「黔山一柱」的是麟山之巅那块被视为「麒麟独角」的巨石，位于麟山南侧两层亭子上方，属麟山山顶摩崖题刻群之一（同山还有「佛」字摩崖、东麓「生聚教训」）。数据记录自身亦写「刻于公元1993年，出自贵州书法家王鄂华之手，意为景点留名」。是刻在岩石上的四字题名，不是独立的可前往地点。
sa_112398,花溪公园,admin_520111,direct_entry,033278d90745,花溪公园防空亭的抗战历史遗存,亭上刻有“无防空即无国防”，刻于“民国二十八年（1939年）民族复兴节”，字有斗大，字体为 魏碑体 ，浑厚有力。刻此摩崖，意在突出抗战中防空的重要。在中华人民共和国建国初期被铲掉，只能见到被铲后的痕迹。,亭上刻有“无防空即无国防”，刻于“民国二十八年（1939年）民族复兴节”，字有斗大，字体为 魏碑体 ，浑厚有力。刻此摩崖…,history,抗战历史遗存,长期稳定,baike:112398#防空亭,防空亭,主要景点,亭上刻有“无防空即无国防”，刻于“民国二十八年（1939年）民族复兴节”，字有斗大，字体为 魏碑体 ，浑厚有力。刻此摩崖，意在突出抗战中防空的重要。在中华人民共和国建国初期被铲掉，只能见到被铲后的痕迹。,百科章节抽取,单源,稳定,0.75,"[""了解景区"", ""历史文化""]","[""文化游览""]","[""花溪公园"", ""防空亭""]",needs_review,ar_f81cc0163d79,real_place,云村寨《抗战后方花园 怡情未敢忘忧国》记录园内「防空亭」为实体亭，「六面体石柱上刻有6联」，与观瀑亭、柏亭、防校亭等并列；另有资料称花溪公园龟山上的防空亭系抗战时期防空学校所建，亭旁摩崖刻「无防空即无国防」（建国初被铲）。即：亭是实体建筑，摩崖题字是附着其上的文物要素。需注意该条记录的描述文字几乎全在讲题刻而非亭本身，容易被误读为题刻条目。
sa_112398,花溪公园,admin_520111,direct_entry,ea4fdd737224,花溪公园坝上桥的景观构成,坝上桥原是一座石墩木板桥，桥上朱栏，鲜丽夺目 ，取“坝桥风月”之意命名为坝上桥。,坝上桥原是一座石墩木板桥，桥上朱栏，鲜丽夺目 ，取“坝桥风月”之意命名为坝上桥。,geography,景观构成,长期稳定,baike:112398#坝上桥,坝上桥,主要景点,坝上桥原是一座石墩木板桥，桥上朱栏，鲜丽夺目 ，取“坝桥风月”之意命名为坝上桥。,百科章节抽取,交叉印证,稳定,0.9,"[""了解景区"", ""历史文化""]","[""文化游览""]","[""花溪公园"", ""坝上桥""]",needs_review,ar_d042db1a9c86,real_place,花溪公园官网 gyhxgy.cn 导览条目列有「坝上桥」；云村寨史料载「取坝桥风月之意建了坝上桥（1940年初建成，石墩木板桥）」，《花溪公园七十七年》记周恩来「下榻于花溪公园坝上桥旁的西舍」。数据记录另带独立高德 POI（amapType「风景名胜;风景名胜相关;旅游景点」，地址「花溪公园内(西侧)」）。实体桥梁，位置明确。
sa_112398,花溪公园,admin_520111,direct_entry,a8cb9b783f21,花溪公园平桥的景观构成,平桥位于花溪公园西侧大寨村旁，横跨花溪河上。桥畔一弯清水，碧波荡漾，走上以青石块砌成的踏步桥，感受清清的河水在脚下流淌，很是惬意。花溪平桥旁有大片的油茶花田，阳春三月，油菜花开时节来此赏花、野炊、放风筝，更是一番美丽景象。,平桥位于花溪公园西侧大寨村旁，横跨花溪河上。桥畔一弯清水，碧波荡漾，走上以青石块砌成的踏步桥，感受清清的河水在脚下流淌，…,geography,景观构成,长期稳定,baike:112398#平桥,平桥,主要景点,平桥位于花溪公园西侧大寨村旁，横跨花溪河上。桥畔一弯清水，碧波荡漾，走上以青石块砌成的踏步桥，感受清清的河水在脚下流淌，很是惬意。花溪平桥旁有大片的油茶花田，阳春三月，油菜花开时节来此赏花、野炊、放风筝，更是一番美丽景象。,百科章节抽取,单源,稳定,0.75,"[""了解景区"", ""历史文化""]","[""文化游览""]","[""花溪公园"", ""平桥""]",needs_review,ar_6ea640b7680d,real_place,云村寨《花溪公园七十七年》记公园扩建时「开发了平桥至花溪水库段」，说明平桥是花溪河上一个确定的地理节点；其他资料述「平桥位于花溪公园西侧大寨村旁，横跨花溪河上」，为青石块砌成的踏步桥，周边为油菜花田，是本地熟知的赏花野炊点。实体存在、可前往。
sa_112398,花溪公园,admin_520111,direct_entry,b494ec570af7,花溪公园西舍的景观构成,西舍与东舍一样是花溪最早的招待所，后经几次翻新，一直以来都作为宾馆来使用。 朱德 、 陈毅 、 贺龙 等国家领导人来到花溪也都下榻于此。1960年5月， 周总理 率中国政府代表团出国访问缅甸、印度、 尼泊尔 、 柬埔寨 、越南等东南亚国家期间，中途回国停留，代表团全体成员均住在花溪，周总理和 邓颖超 同志就下塌在这里。,西舍与东舍一样是花溪最早的招待所，后经几次翻新，一直以来都作为宾馆来使用。 朱德 、 陈毅 、 贺龙 等国家领导人来到花…,geography,景观构成,长期稳定,baike:112398#西舍,西舍,主要景点,西舍与东舍一样是花溪最早的招待所，后经几次翻新，一直以来都作为宾馆来使用。 朱德 、 陈毅 、 贺龙 等国家领导人来到花溪也都下榻于此。1960年5月， 周总理 率中国政府代表团出国访问缅甸、印度、 尼泊尔 、 柬埔寨 、越南等东南亚国家期间，中途回国停留，代表团全体成员均住在花溪，周总理和 邓颖超 同志就下塌在这里。,百科章节抽取,交叉印证,稳定,0.9,"[""了解景区"", ""历史文化""]","[""文化游览""]","[""花溪公园"", ""西舍""]",needs_review,ar_c4b12eccc097,real_place,云村寨《抗战后方花园 怡情未敢忘忧国》原文：「尚武俱乐部（1941年建，西式平房，今西舍）」；《花溪公园七十七年》记「总理下榻于花溪公园坝上桥旁的西舍」，并把「西舍」列入主要景点。与东舍（憩园）东西对称的实体小洋房，长期作宾馆使用。
sa_112398,花溪公园,admin_520111,direct_entry,370173d964ac,花溪公园棋亭的抗战历史遗存,"棋亭原叫“旗亭”，书上记载，“旗亭”之名是借唐人“旗亭画壁”和宋人“旗亭卖酒”的典故而来。是供游人休息、饮茶、娱乐之处。但还有一种说法是在抗战时期，棋亭原是一座办公楼，每天这里的工作人员都要在此举行升旗仪式，于是叫“旗亭”。

公园开放以后，吸引了大批的游客来此游览，一些棋类爱好者就聚集到这里下棋一比高下，后来便把“旗”字改为“棋”字。 陈毅 元帅来到花溪公园游览时也参与到下棋的行列中，并写下了：“花溪棋亭位山腰，多人聚此费推敲，劝君让他先一着，后发制人棋更高。”的诗篇。",棋亭原叫“旗亭”，书上记载，“旗亭”之名是借唐人“旗亭画壁”和宋人“旗亭卖酒”的典故而来。是供游人休息、饮茶、娱乐之处。…,history,抗战历史遗存,长期稳定,baike:112398#棋亭,棋亭,主要景点,"棋亭原叫“旗亭”，书上记载，“旗亭”之名是借唐人“旗亭画壁”和宋人“旗亭卖酒”的典故而来。是供游人休息、饮茶、娱乐之处。但还有一种说法是在抗战时期，棋亭原是一座办公楼，每天这里的工作人员都要在此举行升旗仪式，于是叫“旗亭”。

公园开放以后，吸引了大批的游客来此游览，一些棋类爱好者就聚集到这里下棋一比高下，后来便把“旗”字改为“棋”字。 陈毅 元帅来到花溪公园游览时也参与到下棋的行列中，并写下了：“花溪棋亭位山腰，多人聚此费推敲，劝君让他先一着，后发制人棋更高。”的诗篇。",百科章节抽取,交叉印证,稳定,0.9,"[""了解景区"", ""历史文化""]","[""文化游览""]","[""花溪公园"", ""棋亭""]",needs_review,ar_38f0b68411d1,real_place,云村寨《抗战后方花园》载「建了旗亭（1940年建成，石木青瓦扇状结构）」；《花溪公园七十七年》把「旗亭（棋亭）」列为主要景点，并以「距棋亭不远处开挖人工湖（今南湖）」作方位参照；maigoo 景点表亦列「棋亭」。陈毅《题花溪棋亭》「花溪棋亭位山腰，多人聚此费推敲」印证其在山腰。实体亭建筑。
sa_112398,花溪公园,admin_520111,direct_entry,56b2035b36d1,花溪公园戴安澜将军墓的抗战历史遗存,"戴安澜 ，原名戴炳阳，安徽省无为县仁泉乡凤和村人。民国十四年七月成为 黄埔军校 第三期学员，后来还当上了营长、团长。戴安澜在各种战役中与日军殊死拼搏屡建占功，1939年（民国二十八年）成为陆军二百师师长。

1941年（民国三十年），戴安澜奉命率部迁驻贵州安顺，他的夫人王荷馨女士带孩子也从广西全州迁到贵阳。戴安澜经常到花溪小住，与家人团聚。

1942年（民国三十一年）戴安澜将军殉国，时年三十八岁。戴安澜将军的殉国，牵动了亿万颗国人的心，全国许多地方都举行了公祭或追悼会，戴安澜将军的灵柩辗转经昆明、安顺、贵阳、然后到达广西全州暂厝于香山寺。

1944年猖狂的日军由湘桂线直下，进占广西，戴安澜的灵柩只能撤离全州，辗转由桂林到柳州经独山和都匀回贵阳。当时他的妻子儿女均住在花溪，经贵阳市政府和各界人士商议，认为花溪山青水秀，又方便寓居花溪的戴将军家属每年清明祭扫，征得戴夫人 王荷馨 女士和戴安澜胞弟戴子庄的同意，便将戴安澜将军灵柩“浅厝”于花溪葫芦坡西麓。

1948年戴将军灵柩随家属从花溪东归，迁回故乡安徽芜湖。依花溪人民之愿，以将军生前穿戴过的一双皮靴和一顶军帽，在原葬灵柩处，兴建了戴安澜将军的衣冠墓，清明时节，为戴安澜将军的衣冠墓立碑志记。并把这里作为爱国主义教育基地，每到清明时节周边的学校及单位都会来为戴安澜将军扫墓，纪念戴安澜将军。",戴安澜 ，原名戴炳阳，安徽省无为县仁泉乡凤和村人。民国十四年七月成为 黄埔军校 第三期学员，后来还当上了营长、团长。戴安…,history,抗战历史遗存,长期稳定,baike:112398#戴安澜将军墓,戴安澜将军墓,主要景点,"戴安澜 ，原名戴炳阳，安徽省无为县仁泉乡凤和村人。民国十四年七月成为 黄埔军校 第三期学员，后来还当上了营长、团长。戴安澜在各种战役中与日军殊死拼搏屡建占功，1939年（民国二十八年）成为陆军二百师师长。

1941年（民国三十年），戴安澜奉命率部迁驻贵州安顺，他的夫人王荷馨女士带孩子也从广西全州迁到贵阳。戴安澜经常到花溪小住，与家人团聚。

1942年（民国三十一年）戴安澜将军殉国，时年三十八岁。戴安澜将军的殉国，牵动了亿万颗国人的心，全国许多地方都举行了公祭或追悼会，戴安澜将军的灵柩辗转经昆明、安顺、贵阳、然后到达广西全州暂厝于香山寺。

1944年猖狂的日军由湘桂线直下，进占广西，戴安澜的灵柩只能撤离全州，辗转由桂林到柳州经独山和都匀回贵阳。当时他的妻子儿女均住在花溪，经贵阳市政府和各界人士商议，认为花溪山青水秀，又方便寓居花溪的戴将军家属每年清明祭扫，征得戴夫人 王荷馨 女士和戴安澜胞弟戴子庄的同意，便将戴安澜将军灵柩“浅厝”于花溪葫芦坡西麓。

1948年戴将军灵柩随家属从花溪东归，迁回故乡安徽芜湖。依花溪人民之愿，以将军生前穿戴过的一双皮靴和一顶军帽，在原葬灵柩处，兴建了戴安澜将军的衣冠墓，清明时节，为戴安澜将军的衣冠墓立碑志记。并把这里作为爱国主义教育基地，每到清明时节周边的学校及单位都会来为戴安澜将军扫墓，纪念戴安澜将军。",百科章节抽取,交叉印证,稳定,0.9,"[""了解景区"", ""历史文化""]","[""文化游览""]","[""花溪公园"", ""戴安澜将军墓""]",needs_review,ar_69401c8973f6,real_place,云村寨《花溪公园七十七年》载「在公园葫芦坡重建了被周恩来誉为『黄埔之英、民族之魂』的抗日名将戴安澜的衣冠冢」，《抗战后方花园》亦记「戴安澜将军衣冠冢仍存在于现今的花溪公园内，于2002年在原地扩建」；数据记录带独立高德 POI（amapType「风景名胜;风景名胜;风景名胜」，地址「花溪公园内(东南角)」）。为花溪区爱国主义教育基地，实体可前往。
sa_404936,青岩古镇,admin_520111,direct_entry,ec548390d270,青岩古镇的综述（百度百科词条「主要景点」下的首个）,"青岩古镇景区旅游资源覆盖全部8个主类，31个亚类中的21个，155个基本类型当中的51种，并且聚集了数量众多的旅游资源单体，成为主题明确、特色突出的旅游景区。青岩古镇景区完整性较好，明清建筑、文物景点、店铺等各种单体及整体布局、街道风格保存完好，建筑风格与布局统一。

青岩古镇4条正街、26条小街和巷道遍布楼、台、亭、阁、寺、庙、宫、祠、塔、院等众多古迹。古镇城内3平方千米范围中，有各类文物景点近百处。这些文物古迹归纳起来主要有一宫（万寿宫）、二祠（班麟贵土司祠、赵国澍祠）、五阁（奎光阁、文昌阁、云龙阁、三宫阁、玉皇阁）、八庙（孙膑庙、财神庙、火神庙、黑神庙、药王庙、雷祖庙、川主庙、东岳庙）、九寺（九泉寺、慈云寺、欢音寺、朝阳寺、寿福寺、圆通寺、迎祥寺、凤皇寺、莲花寺），还有青岩书院、状元府、水星楼、名人故居、石牌坊等等。 旅游综合服务区有赛车场、演艺中心、古镇风情街、特色客栈等，为古镇增添了现代气息。",青岩古镇景区旅游资源覆盖全部8个主类，31个亚类中的21个，155个基本类型当中的51种，并且聚集了数量众多的旅游资源单…,geography,景区资源构成,长期稳定,baike:404936#综述,综述,主要景点,"青岩古镇景区旅游资源覆盖全部8个主类，31个亚类中的21个，155个基本类型当中的51种，并且聚集了数量众多的旅游资源单体，成为主题明确、特色突出的旅游景区。青岩古镇景区完整性较好，明清建筑、文物景点、店铺等各种单体及整体布局、街道风格保存完好，建筑风格与布局统一。

青岩古镇4条正街、26条小街和巷道遍布楼、台、亭、阁、寺、庙、宫、祠、塔、院等众多古迹。古镇城内3平方千米范围中，有各类文物景点近百处。这些文物古迹归纳起来主要有一宫（万寿宫）、二祠（班麟贵土司祠、赵国澍祠）、五阁（奎光阁、文昌阁、云龙阁、三宫阁、玉皇阁）、八庙（孙膑庙、财神庙、火神庙、黑神庙、药王庙、雷祖庙、川主庙、东岳庙）、九寺（九泉寺、慈云寺、欢音寺、朝阳寺、寿福寺、圆通寺、迎祥寺、凤皇寺、莲花寺），还有青岩书院、状元府、水星楼、名人故居、石牌坊等等。 旅游综合服务区有赛车场、演艺中心、古镇风情街、特色客栈等，为古镇增添了现代气息。",百科章节抽取,交叉印证,待核,0.9,"[""了解景区"", ""历史文化""]","[""文化游览""]","[""青岩古镇"", ""综述""]",needs_review,ar_1672d53ca9df,not_a_place,"数据记录本身 sourceSection=""综述""，description 内容为「青岩古镇景区旅游资源覆盖全部8个主类…归纳起来主要有一宫（万寿宫）、二祠、五阁、八庙、九寺…」，属于对全镇景点的总括性罗列，没有任何单体建筑的位置、形制、年代信息；externalIds 为 baike:404936#综述，即百度百科「青岩古镇」词条（https://baike.baidu.com/item/青岩古镇/404936）的章节锚点。这是典型的百科章节标题被误当作实体抽取。"
sa_404936,青岩古镇,admin_520111,direct_entry,f69b5344877e,青岩古镇的牌坊（青岩古镇石牌坊的集合类目名）,青岩古镇城中原有八座牌坊横跨在石板铺筑的大街上，如今尚存两座百岁坊和一座贞节牌坊。定广门内的赵理伦百岁坊，是清道光二十三年（1843年）奉旨建造的。它是一座四柱三间、三楼四阿顶的石牌坊，高9.5米，宽约9米。精心雕琢的石牌坊，在蓝天白云之中，显得空灵。正中的横额上，镌刻着道光皇帝的题额，正面是“七叶衍祥”，背面是“升平人瑞”，上端有“钦赐”二字。抱柱的四对石狮子非同寻常，不是站狮，也不是卧狮或蹲狮。八头狮子仿佛是从高山上俯冲下来，富有灵性。,青岩古镇城中原有八座牌坊横跨在石板铺筑的大街上，如今尚存两座百岁坊和一座贞节牌坊。定广门内的赵理伦百岁坊，是清道光二十三…,culture,同类文物集合,长期稳定,baike:404936#牌坊,牌坊,主要景点,青岩古镇城中原有八座牌坊横跨在石板铺筑的大街上，如今尚存两座百岁坊和一座贞节牌坊。定广门内的赵理伦百岁坊，是清道光二十三年（1843年）奉旨建造的。它是一座四柱三间、三楼四阿顶的石牌坊，高9.5米，宽约9米。精心雕琢的石牌坊，在蓝天白云之中，显得空灵。正中的横额上，镌刻着道光皇帝的题额，正面是“七叶衍祥”，背面是“升平人瑞”，上端有“钦赐”二字。抱柱的四对石狮子非同寻常，不是站狮，也不是卧狮或蹲狮。八头狮子仿佛是从高山上俯冲下来，富有灵性。,百科章节抽取,交叉印证,待核,0.9,"[""了解景区"", ""历史文化""]","[""文化游览""]","[""青岩古镇"", ""牌坊""]",needs_review,ar_2e704f318087,category_heading,记录自身 description 即写明「青岩古镇城中原有八座牌坊横跨在石板铺筑的大街上，如今尚存两座百岁坊和一座贞节牌坊」，即现存至少三座：定广门内的赵理伦百岁坊（清道光二十三年/1843年）、赵彩章百岁坊、周王氏媳刘氏节孝坊。检索贵州省人民政府「青岩古建筑群：古风石韵的状元故里」专题页（guizhou.gov.cn/ztzl/wzgz/yzgz/ctcl/202412/t20241216_86359484.html）与相关文保介绍，赵理伦百岁坊、赵彩章百岁坊、周王氏媳刘氏节孝坊是分别列名的三处文保点。携程亦有独立的「青岩古镇-石牌坊」景点页（you.ctrip.com/sight/guiyang33/98276482.html）。名称「牌坊」既无法唯一定位到某一座，也无法给出唯一坐标，应拆分为三座具名牌坊而非保留为单一 Area。
sa_404936,青岩古镇,admin_520111,direct_entry,95bc73cf7ff4,青岩古镇万寿宫的景观构成,万寿宫为江西会馆，供奉东晋的许逊真君。许逊，江西南昌客家人，生于吴赤乌二年（239年），年轻时修道，因道誉日著，举为孝廉，曾任蜀郡旌阳令，倡行忠孝，利济百姓，归隐后又治理鄱阳湖水患保一方民生，百姓敬为神明，在他仙逝后于其故里（今南昌市新建的逍遥山）建许逊祠祀之。南北朝时许逊祠改称游帷观，宋真宗时改称玉隆宫，宋徽宗时改称玉隆万寿宫，简称“万寿宫”。徽宗崇道，敕封许逊为“神功妙济真君”，后人尊称“许真君”，万寿宫渐成江西土客融合的文化纽带，成了江西人信仰的载体。明清以后江西移民把万寿宫建到了全国各地，据查约有1400多座，有江西人的地方就有万寿宫。在异地他乡，万寿宫是江西人的同乡会馆，又是江西商人的商务会所，他们以会馆为号召，团结一体，共谋发展，昌盛时期还涉足慈善公益事业，有着极强的凝聚力、开拓力以及对于经济的推动力。青岩万寿宫是一个偌大的建筑群，有正殿、配殿、两厢和戏楼。江西人常在此聚会，饮酒看戏，洽谈商务，联络感情，故有“酒戏台”之称。门前牌楼上的“八仙图”浮雕，体现了商人的竞争意识，“八仙过海，各显神通”。不过，万寿宫的“八仙”暗中变成了“九仙”——多了一个许真人。,万寿宫为江西会馆，供奉东晋的许逊真君。许逊，江西南昌客家人，生于吴赤乌二年（239年），年轻时修道，因道誉日著，举为孝廉…,geography,景观构成,长期稳定,baike:404936#万寿宫,万寿宫,主要景点,万寿宫为江西会馆，供奉东晋的许逊真君。许逊，江西南昌客家人，生于吴赤乌二年（239年），年轻时修道，因道誉日著，举为孝廉，曾任蜀郡旌阳令，倡行忠孝，利济百姓，归隐后又治理鄱阳湖水患保一方民生，百姓敬为神明，在他仙逝后于其故里（今南昌市新建的逍遥山）建许逊祠祀之。南北朝时许逊祠改称游帷观，宋真宗时改称玉隆宫，宋徽宗时改称玉隆万寿宫，简称“万寿宫”。徽宗崇道，敕封许逊为“神功妙济真君”，后人尊称“许真君”，万寿宫渐成江西土客融合的文化纽带，成了江西人信仰的载体。明清以后江西移民把万寿宫建到了全国各地，据查约有1400多座，有江西人的地方就有万寿宫。在异地他乡，万寿宫是江西人的同乡会馆，又是江西商人的商务会所，他们以会馆为号召，团结一体，共谋发展，昌盛时期还涉足慈善公益事业，有着极强的凝聚力、开拓力以及对于经济的推动力。青岩万寿宫是一个偌大的建筑群，有正殿、配殿、两厢和戏楼。江西人常在此聚会，饮酒看戏，洽谈商务，联络感情，故有“酒戏台”之称。门前牌楼上的“八仙图”浮雕，体现了商人的竞争意识，“八仙过海，各显神通”。不过，万寿宫的“八仙”暗中变成了“九仙”——多了一个许真人。,百科章节抽取,交叉印证,稳定,0.9,"[""了解景区"", ""历史文化""]","[""文化游览""]","[""青岩古镇"", ""万寿宫""]",needs_review,ar_ec5ca398b903,real_place,贵阳本地宝「青岩古镇万寿宫简介」页（m.gy.bendibao.com/jingdian/qingyanguzhenwanshougong/content/）载：万寿宫位于青岩古镇西街3号，毗邻慈云寺，清康熙年间建、嘉庆三年（1798年）重修，原为江西会馆（供许真君），由正殿、配殿、西厢、戏楼和生活区组成，坐东向西，占地1000余平方米。检索结果亦显示万寿宫与迎祥寺、赵理伦百岁坊等同列为贵阳市市级文物保护单位。是古镇内一座可进入参观的具体建筑群。
sa_404936,青岩古镇,admin_520111,direct_entry,2ad867b727c9,青岩古镇状元府的景观构成,状元府是贵州第一个文状元—— 赵以炯 的故居，坐落在小镇状元街1号，状元街与北街交接，靠南边那一截叫“下院街”，北街干道上有指示路牌比较容易找到。大院门前是一副简单的对联“琴鹤谱志，论语传家”，显示了主人一生的志愿。府第坐南朝北，为两进四合院，府第坐南朝北，为两进四合院，均为一正两厢，风格是歇山式，总占地面积700平方米左右。现存前殿、正殿、两厢和朝门，朝门内墙上有许多不同“寿”字残迹，据说这是赵以炯曾曾祖父赵理伦百岁时所留。建筑是以木质结构为主的，气派而不张扬，宁静恬淡，一派书香风范。 00:46 青岩古镇里的状元府 02:42 我的家乡我推荐——青岩古镇状元府,状元府是贵州第一个文状元—— 赵以炯 的故居，坐落在小镇状元街1号，状元街与北街交接，靠南边那一截叫“下院街”，北街干道…,geography,景观构成,长期稳定,baike:404936#状元府,状元府,主要景点,状元府是贵州第一个文状元—— 赵以炯 的故居，坐落在小镇状元街1号，状元街与北街交接，靠南边那一截叫“下院街”，北街干道上有指示路牌比较容易找到。大院门前是一副简单的对联“琴鹤谱志，论语传家”，显示了主人一生的志愿。府第坐南朝北，为两进四合院，府第坐南朝北，为两进四合院，均为一正两厢，风格是歇山式，总占地面积700平方米左右。现存前殿、正殿、两厢和朝门，朝门内墙上有许多不同“寿”字残迹，据说这是赵以炯曾曾祖父赵理伦百岁时所留。建筑是以木质结构为主的，气派而不张扬，宁静恬淡，一派书香风范。 00:46 青岩古镇里的状元府 02:42 我的家乡我推荐——青岩古镇状元府,百科章节抽取,交叉印证,稳定,0.9,"[""了解景区"", ""历史文化""]","[""文化游览""]","[""青岩古镇"", ""状元府""]",needs_review,ar_5830bfd2e691,real_place,多方资料一致：状元府即贵州第一位文状元赵以炯的故居（赵以炯状元故居），位于青岩镇状元街1号，始建于清道光年间，穿斗式悬山顶二进四合庭院式民居，占地约700—828平方米，现存前殿、正殿、两厢和朝门。中国民族文化资源库「赵以炯状元故居」条目（w.mzzyk.com/mzwhzyk/674771/689918/689920/795453/index.html）有专条介绍；贵州省政府「青岩古建筑群」专题页亦以「状元故里」为题。现为对外开放景点，内设赵以炯生平展、科考制度展。属可前往的具体建筑。
sa_404936,青岩古镇,admin_520111,direct_entry,745f3b83404c,青岩古镇慈云寺的建设沿革,慈云寺位于北街5号。始建于清康熙年间，清道光十二年（1832年）重修，总占地面积近2000平方米。传说是西街吴姓人家捐修的。整个建筑构架保持完好，有很多石柱础为贵阳市石柱础中石雕艺术精品。,慈云寺位于北街5号。始建于清康熙年间，清道光十二年（1832年）重修，总占地面积近2000平方米。传说是西街吴姓人家捐修…,history,建设沿革,长期稳定,baike:404936#慈云寺,慈云寺,主要景点,慈云寺位于北街5号。始建于清康熙年间，清道光十二年（1832年）重修，总占地面积近2000平方米。传说是西街吴姓人家捐修的。整个建筑构架保持完好，有很多石柱础为贵阳市石柱础中石雕艺术精品。,百科章节抽取,交叉印证,稳定,0.9,"[""了解景区"", ""历史文化""]","[""文化游览""]","[""青岩古镇"", ""慈云寺""]",needs_review,ar_a31f6772aa32,real_place,检索结果与多份青岩介绍一致：慈云寺位于青岩古镇北街5号，始建于清康熙年间，清道光十二年（1832年）重修，总占地近2000平方米，传为西街吴姓人家捐修，建筑构架保存完好，石柱础为贵阳石雕精品。检索显示慈云寺与周渔璜墓、赵以炯故居、花溪桐埜书屋、文昌阁、龙泉寺同列为省级文物保护单位。有明确门牌地址，是可进入的具体寺院。
sa_404936,青岩古镇,admin_520111,direct_entry,19d10b2c1662,青岩古镇北城门的名称由来,北城门又称玄武门，为重檐歇山式顶木结构建筑，屋顶为青灰色瓦面，泥塑脊饰，是古代钦差下达皇帝圣旨的场所，初建于明朝天启年（1621—1624年），清顺治十七年（1600年）班麟贵之子应寿子承父职（土司）将土城墙改建为石城墙，清嘉庆三年（1789年），武举人袁大鹏重修扩建，是青岩古镇的象征之一。,北城门又称玄武门，为重檐歇山式顶木结构建筑，屋顶为青灰色瓦面，泥塑脊饰，是古代钦差下达皇帝圣旨的场所，初建于明朝天启年（…,culture,名称由来,长期稳定,baike:404936#北城门,北城门,主要景点,北城门又称玄武门，为重檐歇山式顶木结构建筑，屋顶为青灰色瓦面，泥塑脊饰，是古代钦差下达皇帝圣旨的场所，初建于明朝天启年（1621—1624年），清顺治十七年（1600年）班麟贵之子应寿子承父职（土司）将土城墙改建为石城墙，清嘉庆三年（1789年），武举人袁大鹏重修扩建，是青岩古镇的象征之一。,百科章节抽取,交叉印证,稳定,0.9,"[""了解景区"", ""历史文化""]","[""文化游览""]","[""青岩古镇"", ""北城门""]",needs_review,ar_35fac21bb435,real_place,搜索结果明确：青岩旧城四周有城墙，本设东、西、南、北四座城门；北城门又称玄武门，重檐歇山式顶木结构，初建于明天启年间（1621—1624年），清顺治十七年（1660年）班麟贵之子班应寿将土城墙改建石城墙，清嘉庆三年重修扩建，是青岩古镇的象征之一；新浪博客有「贵阳青岩古镇（系列三）北城门」的实地图文（blog.sina.com.cn/s/blog_53a591a50102e947.html）。今日北城门为古镇北侧主入口，是可前往的实体建筑。需注意：百科原文「清顺治十七年（1600年）」年份换算有误，应为1660年；另有资料称「现存仅城南定广门为清代原构」，指的是原构完整度，不等于北城门不存在（北城门经修复后现存并对外开放）。
sa_404936,青岩古镇,admin_520111,direct_entry,bc56f2c37d74,青岩古镇文昌阁的建设沿革,文昌阁位于东街143号，占地面积800多平方米。建于明万历年间，乾隆年间重修，砖木结构，依山而建，为攒角重楼八角式。是旧时读书人常去读书、聚会、祭拜 文昌帝君 的地方。,文昌阁位于东街143号，占地面积800多平方米。建于明万历年间，乾隆年间重修，砖木结构，依山而建，为攒角重楼八角式。是旧…,history,建设沿革,长期稳定,baike:404936#文昌阁,文昌阁,主要景点,文昌阁位于东街143号，占地面积800多平方米。建于明万历年间，乾隆年间重修，砖木结构，依山而建，为攒角重楼八角式。是旧时读书人常去读书、聚会、祭拜 文昌帝君 的地方。,百科章节抽取,交叉印证,稳定,0.9,"[""了解景区"", ""历史文化""]","[""文化游览""]","[""青岩古镇"", ""文昌阁""]",needs_review,ar_39a10f504768,real_place,贵阳本地宝「青岩古镇文昌阁简介」专页（m.gy.bendibao.com/jingdian/qingyanguzhenwenchangge/content/）载：文昌阁位于青岩古镇东街143号，占地800余平方米，建于明万历年间、乾隆年间重修，砖木结构依山而建，攒角重楼八角式，为旧时读书人读书聚会、祭祀文昌帝君之所；检索结果显示其与慈云寺、龙泉寺等同列贵州省级文物保护单位。有明确门牌地址，是可进入的具体楼阁。
sa_404936,青岩古镇,admin_520111,direct_entry,dffcdb29d2ab,青岩古镇赵公专祠的建设沿革,赵公专祠位于贵阳市花溪区青岩镇南街，建于清同治年间，原为青岩团务总理赵国澍（字畏三）之专祠。专祠占地面积1600平方米，建筑面积920平方米，由山门、通道、过厅、两厢房及大殿组成。清同治二年（1863年），赵国澍进攻灯花教何得胜部阵亡。清廷追封他为太常寺卿，赏骑都尉，准世袭，并降旨建赵公专祠。2001年，对专祠进行了维修，2003年，该处被公布为贵阳市市级文物保护单位。,赵公专祠位于贵阳市花溪区青岩镇南街，建于清同治年间，原为青岩团务总理赵国澍（字畏三）之专祠。专祠占地面积1600平方米，…,history,建设沿革,长期稳定,baike:404936#赵公专祠,赵公专祠,主要景点,赵公专祠位于贵阳市花溪区青岩镇南街，建于清同治年间，原为青岩团务总理赵国澍（字畏三）之专祠。专祠占地面积1600平方米，建筑面积920平方米，由山门、通道、过厅、两厢房及大殿组成。清同治二年（1863年），赵国澍进攻灯花教何得胜部阵亡。清廷追封他为太常寺卿，赏骑都尉，准世袭，并降旨建赵公专祠。2001年，对专祠进行了维修，2003年，该处被公布为贵阳市市级文物保护单位。,百科章节抽取,交叉印证,稳定,0.9,"[""了解景区"", ""历史文化""]","[""文化游览""]","[""青岩古镇"", ""赵公专祠""]",needs_review,ar_9e2486676670,real_place,记录内容与检索结果互证：赵公专祠位于贵阳市花溪区青岩镇南街，建于清同治年间，为青岩团务总理赵国澍（字畏三）之专祠，占地1600平方米、建筑面积920平方米，由山门、通道、过厅、两厢房及大殿组成；2001年维修，2003年公布为贵阳市市级文物保护单位。新浪博客有「贵阳（一）——青岩古镇龙泉寺、文昌阁、赵公专祠」实地游记（blog.sina.com.cn/s/blog_408b1e700102ycqt.html）。青岩「二祠」之一（另一为班麟贵土司祠），是可前往的具体祠堂。
sa_404936,青岩古镇,admin_520111,direct_entry,4e1fd895e1ba,青岩古镇寿福寺的名称由来,寿福寺建于清道光九年（1829年），又称湖南会馆，二进院落，有山门、戏楼、两厢、正殿、后殿等。戏台上的“双龙戏珠”和殿前的两棵古桂花树一起组成“双龙戏珠、龙凤双贵”的深刻寓意，为省级文保单位。2000年对寿福寺进行了修复，并将旁边的孙膑庙纳入寿福寺范围。,寿福寺建于清道光九年（1829年），又称湖南会馆，二进院落，有山门、戏楼、两厢、正殿、后殿等。戏台上的“双龙戏珠”和殿前…,culture,名称由来,长期稳定,baike:404936#寿福寺,寿福寺,主要景点,寿福寺建于清道光九年（1829年），又称湖南会馆，二进院落，有山门、戏楼、两厢、正殿、后殿等。戏台上的“双龙戏珠”和殿前的两棵古桂花树一起组成“双龙戏珠、龙凤双贵”的深刻寓意，为省级文保单位。2000年对寿福寺进行了修复，并将旁边的孙膑庙纳入寿福寺范围。,百科章节抽取,单源,稳定,0.75,"[""了解景区"", ""历史文化""]","[""文化游览""]","[""青岩古镇"", ""寿福寺""]",needs_review,ar_251fa0b8f41a,real_place,记录载：寿福寺建于清道光九年（1829年），又称湖南会馆，二进院落，有山门、戏楼、两厢、正殿、后殿，省级文保，2000年修复并将旁边孙膑庙纳入范围。检索到独立介绍页「寿佛寺-贵州青岩古镇旅游攻略」（androclus.com/remenjingdian/33391.html）：寿佛寺位于高井山9号，坐北朝南，建于清道光九年（1829年），由正殿、住房、戏楼组成的四合院，占地800平方米——建造年份、形制、湖南移民会馆属性均吻合，应为同一处建筑的两种写法。青岩「九寺」名单中亦列有寿佛寺。是可前往的具体建筑。
sa_404936,青岩古镇,admin_520111,direct_entry,dd0f1bd6a38a,青岩古镇迎祥寺的建设沿革,迎祥寺是贵阳的古刹之一，始建于明朝天启元年（1621年），有“黔山祖庙”之称。寺有三重，前为天王殿，中为大雄宝殿，后为观音殿。奇怪的是，在观音菩萨楼上，却坐着一个三眼、四头、八臂的“斗姆”，因为佛、道共处，当地人常把迎祥寺呼为斗姆阁。,迎祥寺是贵阳的古刹之一，始建于明朝天启元年（1621年），有“黔山祖庙”之称。寺有三重，前为天王殿，中为大雄宝殿，后为观…,history,建设沿革,长期稳定,baike:404936#迎祥寺,迎祥寺,主要景点,迎祥寺是贵阳的古刹之一，始建于明朝天启元年（1621年），有“黔山祖庙”之称。寺有三重，前为天王殿，中为大雄宝殿，后为观音殿。奇怪的是，在观音菩萨楼上，却坐着一个三眼、四头、八臂的“斗姆”，因为佛、道共处，当地人常把迎祥寺呼为斗姆阁。,百科章节抽取,交叉印证,稳定,0.9,"[""了解景区"", ""历史文化""]","[""文化游览""]","[""青岩古镇"", ""迎祥寺""]",needs_review,ar_6c925a22cc93,real_place,多方资料一致：迎祥寺位于青岩古镇南街西侧小山脚下，始建于明天启元年（1621年），有「黔山祖庙」之称；原为供奉斗姆的道观（俗称斗姆阁），后改佛寺，故大殿下层供释迦牟尼、上层供斗姆，形成佛道共处；寺分三重，前天王殿、中大雄宝殿、后观音殿。中国华文教育网「青岩古镇」介绍（hwjyw.com/article/9922.html）及澎湃「图说贵州｜山地兵城青岩古镇」均有记述；检索显示迎祥寺与万寿宫、三座牌坊同列贵阳市市级文物保护单位。是可进入的具体寺院。
sa_404936,青岩古镇,admin_520111,direct_entry,428a1be712ce,青岩古镇的名人故居（抗战时期青岩镇内多处名人／革命家）,"抗日战争期间，青岩城墙完好，四座城门依旧，偏僻安全，接纳了很多的“避难者”。八路军贵阳交通站在青岩建立安宣点，把许多革命干部家属疏散到这里来，周恩来的父亲、邓颖超的母亲、李克农和博古（秦邦宪）的家属都曾经在青岩住过。李克农亲属曾居处：位于青岩镇北街10号，民国二十八年至民国三十年（1939—1941年）李克农等中共领导人的亲属曾居于此，现仍为民居； 邓颖超 之母曾居处：位于南街75号，邓颖超之母 杨振德 女士民国二十八年至民国三十年（1939—1941年）曾居于此，现仍为民居，经营快餐； 周恩来 总理之父曾居处：位于青岩背街2号，民国二十八年至民国三十年（1939—1941年），周恩来父亲周懋臣老人曾在此居住，已对外开放。

张公馆原为蒋介石的侍从张尚钦及兄弟张尚全的住宅，为民国年间建筑，是青岩典型民居。该建筑地块层次分明、高低错落有致，修复后的张公馆将呈现出原汁原味的公馆文化，成为贵州非遗文化、民俗文化表演及非遗文化产品、手工技艺展示的窗口及基地。",抗日战争期间，青岩城墙完好，四座城门依旧，偏僻安全，接纳了很多的“避难者”。八路军贵阳交通站在青岩建立安宣点，把许多革命…,culture,同类文物集合,长期稳定,baike:404936#名人故居,名人故居,主要景点,"抗日战争期间，青岩城墙完好，四座城门依旧，偏僻安全，接纳了很多的“避难者”。八路军贵阳交通站在青岩建立安宣点，把许多革命干部家属疏散到这里来，周恩来的父亲、邓颖超的母亲、李克农和博古（秦邦宪）的家属都曾经在青岩住过。李克农亲属曾居处：位于青岩镇北街10号，民国二十八年至民国三十年（1939—1941年）李克农等中共领导人的亲属曾居于此，现仍为民居； 邓颖超 之母曾居处：位于南街75号，邓颖超之母 杨振德 女士民国二十八年至民国三十年（1939—1941年）曾居于此，现仍为民居，经营快餐； 周恩来 总理之父曾居处：位于青岩背街2号，民国二十八年至民国三十年（1939—1941年），周恩来父亲周懋臣老人曾在此居住，已对外开放。

张公馆原为蒋介石的侍从张尚钦及兄弟张尚全的住宅，为民国年间建筑，是青岩典型民居。该建筑地块层次分明、高低错落有致，修复后的张公馆将呈现出原汁原味的公馆文化，成为贵州非遗文化、民俗文化表演及非遗文化产品、手工技艺展示的窗口及基地。",百科章节抽取,交叉印证,待核,0.9,"[""了解景区"", ""历史文化""]","[""文化游览""]","[""青岩古镇"", ""名人故居""]",needs_review,ar_369d2f764d56,category_heading,记录自身 description 就列举了至少四处互不相同的房子：李克农亲属曾居处（北街10号，现仍为民居）、邓颖超之母杨振德曾居处（南街75号，现为快餐经营）、周恩来总理之父周懋臣曾居处（背街2号，已对外开放）、张公馆（蒋介石侍从张尚钦兄弟住宅，修复后作非遗展示基地）。四处分属不同街巷、不同门牌、开放状态各异，「名人故居」无法对应任何单一坐标，属分类标题。应拆为「周恩来父亲曾居处」「邓颖超母亲曾居处」「李克农亲属曾居处」「张公馆」四条独立 Area。
sa_4898566,天河潭风景区,admin_520111,direct_entry,d92c7cfba010,天河潭风景区游客服务中心的地貌与景观资源,天河潭游客服务中心总建筑面积约3万平方米，以贵州土司文化的建筑风格，和山水瀑布相结合，有精致的屋脊翘角，镂空的花窗，浮雕图案。整体建筑风格除了土司文化以外，还有苗族布依族的民族元素，地面图腾融入的是苗族元素，顶部的蜡染融入了布依族的元素，是贵州省最大最智能的游客服务中心，最多可容纳3000人。游客服务中心有能容纳500人同时用餐的宴会厅，还有贵州布依风情馆，有许多民族工艺品售卖，如各式各样耳环，戒指，项圈，发型和手镯的银饰，以及布依服饰。,天河潭游客服务中心总建筑面积约3万平方米，以贵州土司文化的建筑风格，和山水瀑布相结合，有精致的屋脊翘角，镂空的花窗，浮雕…,geography,地貌与景观资源,长期稳定,baike:4898566#游客服务中心,游客服务中心,主要景点,天河潭游客服务中心总建筑面积约3万平方米，以贵州土司文化的建筑风格，和山水瀑布相结合，有精致的屋脊翘角，镂空的花窗，浮雕图案。整体建筑风格除了土司文化以外，还有苗族布依族的民族元素，地面图腾融入的是苗族元素，顶部的蜡染融入了布依族的元素，是贵州省最大最智能的游客服务中心，最多可容纳3000人。游客服务中心有能容纳500人同时用餐的宴会厅，还有贵州布依风情馆，有许多民族工艺品售卖，如各式各样耳环，戒指，项圈，发型和手镯的银饰，以及布依服饰。,百科章节抽取,交叉印证,稳定,0.9,"[""了解景区"", ""历史文化""]","[""文化游览""]","[""天河潭风景区"", ""游客服务中心""]",needs_review,ar_c2bb223f68cb,real_place,确为天河潭景区内一栋真实建筑。贵州广播电视台(gzstv.com)《【贵州生态日】贵阳AAAA级景区--天河潭》与中国民族文化资源网「贵阳市天河潭」页面均载：总建筑面积约3万平方米，土司文化建筑风格，地面苗族图腾、顶部布依蜡染，可容纳3000人，内设500人宴会厅和贵州布依风情馆。贵阳本地宝景区攻略中也以「游客中心」作为入园动线起点。属实体建筑（可前往），但性质是服务设施而非游览景点。
sa_4898566,天河潭风景区,admin_520111,direct_entry,0d8f0946e48e,天河潭风景区太阳广场的地貌与景观资源,"01:07 贵阳天河潭,这不仅有瀑布溶洞,晚上还能欣赏震撼的烟花剧!

太阳广场是天河潭景区的公共场所，不进核心景区的市民游客也可以免费参观。在太阳广场的地面上有祥云的图案，在太阳广场的下方是景区的地下停车场，可以从广场四周的四个高柱子直接乘坐观光电梯直达停车场。四个柱子上面是自然四元素风、火、水、土，象征着自然四元素和谐共生，人与自然和谐相处。中间中空的木质建筑是按照篝火的“篝”字来打造的。让人似乎看到了一群穿着民族服饰的姑娘和小伙子围着篝火载歌载舞。","01:07 贵阳天河潭,这不仅有瀑布溶洞,晚上还能欣赏震撼的烟花剧!

太阳广场是天河潭景区的公共场所，不进核心景区的市…",geography,地貌与景观资源,长期稳定,baike:4898566#太阳广场,太阳广场,主要景点,"01:07 贵阳天河潭,这不仅有瀑布溶洞,晚上还能欣赏震撼的烟花剧!

太阳广场是天河潭景区的公共场所，不进核心景区的市民游客也可以免费参观。在太阳广场的地面上有祥云的图案，在太阳广场的下方是景区的地下停车场，可以从广场四周的四个高柱子直接乘坐观光电梯直达停车场。四个柱子上面是自然四元素风、火、水、土，象征着自然四元素和谐共生，人与自然和谐相处。中间中空的木质建筑是按照篝火的“篝”字来打造的。让人似乎看到了一群穿着民族服饰的姑娘和小伙子围着篝火载歌载舞。",百科章节抽取,交叉印证,稳定,0.9,"[""了解景区"", ""历史文化""]","[""文化游览""]","[""天河潭风景区"", ""太阳广场""]",needs_review,ar_6760336b5305,real_place,数据记录本身已匹配到高德POI B0FFLIF8ES，amapType=风景名胜;公园广场;城市广场，地址「石板镇天河潭旅游度假区内(北侧)」，坐标26.444813/106.581419，geoPrecision=exact。独立佐证：贵阳本地宝《贵阳天河潭风景区有什么好玩的？》(m.gy.bendibao.com/tour/43885.shtm) 将太阳广场列为景区「八大特色景区」之首，描述中间由「篝」字演变的象形建筑、四座柱子以风火水土四元素点缀、地面祥云图案、下方为地下停车场并有观光电梯直达。同程旅行景区页亦收录。
sa_4898566,天河潭风景区,admin_520111,direct_entry,2cee426c2331,天河潭风景区贵阳故事街的地貌与景观资源,民国风格的建筑、黄包车、旗袍秀，穿着民国衣裳的服务员为你煮一碗花溪牛肉粉。穿着长衫拉二胡的艺人，背着香烟盒子卖特色香烟的女孩，让人们停下脚步欣赏。贵阳故事街还原了二十世纪二三十年代老贵阳的风貌。贵阳故事街定期举办市井小品，快闪，“五四爱国运动”等活动，增强游客的体验感，这条街所有的经营者都将会穿着民国服饰与游客见面，让游客有一种穿越回民国的感觉。不仅可以玩穿越，贵阳故事街还汇集了贵州省知名的特色小吃，比如雷家豆腐圆子、丝娃娃、恋爱豆腐果、鸭溪凉粉、丁家脆哨等贵州知名特色小吃，在贵阳故事街就可以尝到。 02:49 贵阳故事街，深藏风景秀丽的天河潭景区，贵州美食文化大圆桌！,民国风格的建筑、黄包车、旗袍秀，穿着民国衣裳的服务员为你煮一碗花溪牛肉粉。穿着长衫拉二胡的艺人，背着香烟盒子卖特色香烟的…,geography,地貌与景观资源,长期稳定,baike:4898566#贵阳故事街,贵阳故事街,主要景点,民国风格的建筑、黄包车、旗袍秀，穿着民国衣裳的服务员为你煮一碗花溪牛肉粉。穿着长衫拉二胡的艺人，背着香烟盒子卖特色香烟的女孩，让人们停下脚步欣赏。贵阳故事街还原了二十世纪二三十年代老贵阳的风貌。贵阳故事街定期举办市井小品，快闪，“五四爱国运动”等活动，增强游客的体验感，这条街所有的经营者都将会穿着民国服饰与游客见面，让游客有一种穿越回民国的感觉。不仅可以玩穿越，贵阳故事街还汇集了贵州省知名的特色小吃，比如雷家豆腐圆子、丝娃娃、恋爱豆腐果、鸭溪凉粉、丁家脆哨等贵州知名特色小吃，在贵阳故事街就可以尝到。 02:49 贵阳故事街，深藏风景秀丽的天河潭景区，贵州美食文化大圆桌！,百科章节抽取,交叉印证,稳定,0.9,"[""了解景区"", ""历史文化""]","[""文化游览""]","[""天河潭风景区"", ""贵阳故事街""]",needs_review,ar_0fa57dce782d,real_place,真实的民国风情商业街区。贵阳本地宝《贵阳天河潭旅游度假区介绍》(gy.bendibao.com/tour/2023425/65691.shtm) 明确写「游客游览结束后可以回到这里用餐、休息」；另一篇本地宝攻略把它列为八大特色景区之一，并细分为院落文化区、府邸文化区、市井文化区。多家旅游平台（同程、去哪儿）景区介绍中将「贵阳故事街区」列为度假区五大功能分区之一。
sa_4898566,天河潭风景区,admin_520111,direct_entry,4ee8c824a04a,天河潭风景区的梦幻水秀（夜间水秀（喷泉+水幕电影+水上演）,大型水景秀区是天河潭的核心亮点之一，水景秀区总占地面积96亩，总长120米、宽106米，中心主喷水高度约80米，是西南地区最大的水景秀。生态水景实现“白天一景，晚上一秀”的水文化体验。白天，水秀以《天河神韵》为主题，运用现代高科技手段，让水舞动起来，变化成形态各异的图案，跟着音乐的旋律，展现水的不同姿态。夜晚，当中心水柱喷起来的时候会形成水幕，中间白色的这个圈是一个投影仪，可以通过它在水幕上播放视频短片和水幕电影，夜晚还能欣赏到水上芭蕾、民族歌舞的表演。 01:44 天河潭烟花水秀震撼来袭，美轮美奂的水上盛宴 00:20 天河潭烟花水秀震撼来袭，喷泉美景让人流连忘返,大型水景秀区是天河潭的核心亮点之一，水景秀区总占地面积96亩，总长120米、宽106米，中心主喷水高度约80米，是西南地…,culture,景区演艺项目,长期稳定,baike:4898566#梦幻水秀,梦幻水秀,主要景点,大型水景秀区是天河潭的核心亮点之一，水景秀区总占地面积96亩，总长120米、宽106米，中心主喷水高度约80米，是西南地区最大的水景秀。生态水景实现“白天一景，晚上一秀”的水文化体验。白天，水秀以《天河神韵》为主题，运用现代高科技手段，让水舞动起来，变化成形态各异的图案，跟着音乐的旋律，展现水的不同姿态。夜晚，当中心水柱喷起来的时候会形成水幕，中间白色的这个圈是一个投影仪，可以通过它在水幕上播放视频短片和水幕电影，夜晚还能欣赏到水上芭蕾、民族歌舞的表演。 01:44 天河潭烟花水秀震撼来袭，美轮美奂的水上盛宴 00:20 天河潭烟花水秀震撼来袭，喷泉美景让人流连忘返,百科章节抽取,单源,待核,0.75,"[""了解景区"", ""历史文化""]","[""文化游览""]","[""天河潭风景区"", ""梦幻水秀""]",needs_review,ar_7b971669d3bb,not_a_place,公开资料显示这是一场有固定场次的演出，不是地点。贵阳本地宝专门发布过《天河潭水秀表演时刻表（2023版）》《2022天河潭水秀表演时间（附注意事项）》，载明每周二至周日19:30—19:55、时长25分钟、遇极端天气停播。百科正文自身也写「白天一景，晚上一秀」、水幕电影、水上芭蕾、民族歌舞表演。承载它的物理场地在本地宝八大景区里叫「水景秀」/水景秀区（总长120米、宽108米、2249个喷头、主喷高80米），位于人工湖上——地点是「水景秀区/人工湖」，「梦幻水秀」是演出/项目名。全网检索不到以「梦幻水秀」为名的独立POI。
sa_4898566,天河潭风景区,admin_520111,direct_entry,91702b6bf8af,天河潭风景区环湖木栈道的景观构成,走上环湖木栈道，能够全方位的观赏水景秀的变幻多姿，同时也方便游客散步、观光和留影。环湖木栈道旁还集聚了精品客栈、Coach和MK等轻奢品和少数民族手工艺品店。还有港式甜品许留山，“泰芒了”，台湾烤肉等小吃。,走上环湖木栈道，能够全方位的观赏水景秀的变幻多姿，同时也方便游客散步、观光和留影。环湖木栈道旁还集聚了精品客栈、Coac…,geography,景观构成,长期稳定,baike:4898566#环湖木栈道,环湖木栈道,主要景点,走上环湖木栈道，能够全方位的观赏水景秀的变幻多姿，同时也方便游客散步、观光和留影。环湖木栈道旁还集聚了精品客栈、Coach和MK等轻奢品和少数民族手工艺品店。还有港式甜品许留山，“泰芒了”，台湾烤肉等小吃。,百科章节抽取,单源,稳定,0.75,"[""了解景区"", ""历史文化""]","[""文化游览""]","[""天河潭风景区"", ""环湖木栈道""]",needs_review,ar_fcf19eadb347,real_place,环人工湖的木栈道作为实体构筑物确实存在——它是观看水景秀的主要步道，沿线即滨水休闲区商铺（本地宝、永安旅游景区介绍均描述沿湖步行观秀动线）。但检索到的所有「环湖木栈道」文字表述与百度百科词条完全一致（含Coach、MK、许留山、泰芒了等品牌名），未找到独立于百科的官方命名来源；这些品牌信息也明显已过时。属真实可走的栈道，但名称是通用描述性说法而非景区正式挂牌景点。
sa_4898566,天河潭风景区,admin_520111,direct_entry,470e7cc5c128,天河潭风景区五色花海的景观构成,五色花海位于人工湖旁，临近商业区，占地面积5.4万平方米。游玩步道2300米。花期从每年6月持续至10月，五色花海的花有马鞭草、百日菊、万寿菊、鸡冠花、鼠尾草和粉色矮牵牛。拍照非常漂亮。,五色花海位于人工湖旁，临近商业区，占地面积5.4万平方米。游玩步道2300米。花期从每年6月持续至10月，五色花海的花有…,geography,景观构成,长期稳定,baike:4898566#五色花海,五色花海,主要景点,五色花海位于人工湖旁，临近商业区，占地面积5.4万平方米。游玩步道2300米。花期从每年6月持续至10月，五色花海的花有马鞭草、百日菊、万寿菊、鸡冠花、鼠尾草和粉色矮牵牛。拍照非常漂亮。,百科章节抽取,交叉印证,稳定,0.9,"[""了解景区"", ""历史文化""]","[""文化游览""]","[""天河潭风景区"", ""五色花海""]",needs_review,ar_7d711943be99,real_place,贵阳本地宝《贵阳天河潭风景区有什么好玩的？》把「五色花海」列为景区八大特色景区之一，称占地约30亩、四季轮换花种；其他旅游平台在介绍天河潭升级改造后新增区域时也列出五色花海。位置在人工湖旁、临近商业区，是可进入游玩的花田区域。注意面积口径不一致：百科称5.4万平方米（约81亩），本地宝称约30亩，需以景区口径为准。
sa_4898566,天河潭风景区,admin_520111,direct_entry,b5dc4d7639e5,天河潭风景区滨水休闲区的景观构成,滨水休闲区临水而建，集商业、休闲、娱乐、住宿等功能于一体，是观赏水秀表演的最佳位置，最能聚集人气，是本项目核心区域。滨水休闲区引进品牌咖啡、大型中餐西餐、休闲书吧、水吧、精品客栈，街区总占地面积2461平方米，建筑面积6344平方米，共有房屋5栋，占地面积8500平方米。,滨水休闲区临水而建，集商业、休闲、娱乐、住宿等功能于一体，是观赏水秀表演的最佳位置，最能聚集人气，是本项目核心区域。滨水…,geography,景观构成,长期稳定,baike:4898566#滨水休闲区,滨水休闲区,主要景点,滨水休闲区临水而建，集商业、休闲、娱乐、住宿等功能于一体，是观赏水秀表演的最佳位置，最能聚集人气，是本项目核心区域。滨水休闲区引进品牌咖啡、大型中餐西餐、休闲书吧、水吧、精品客栈，街区总占地面积2461平方米，建筑面积6344平方米，共有房屋5栋，占地面积8500平方米。,百科章节抽取,交叉印证,稳定,0.9,"[""了解景区"", ""历史文化""]","[""文化游览""]","[""天河潭风景区"", ""滨水休闲区""]",needs_review,ar_4fb2f9267d95,real_place,数据记录已匹配高德POI B0FFK7PWIH（amapType=风景名胜;风景名胜相关;旅游景点，花溪区，坐标26.442708/106.583514，geoPrecision=exact）。多家旅游资料把天河潭旅游度假区划分为山水观光区、溶洞探秘区、贵阳故事街区、滨水休闲区、奥特莱斯区域五大分区，滨水休闲区临水而建、是观赏水秀的最佳位置，含5栋房屋、街区占地2461平方米。属该度假区专有名称的实体功能街区，不是泛指分类。
sa_4898566,天河潭风景区,admin_520111,direct_entry,471c8acb5dfe,天河潭风景区卧龙飞瀑的地貌与景观资源,"卧龙飞瀑宽二十余米，高十余米。卧龙飞瀑和上游的卧龙湖组合在一起像天上的水龙一般，每到丰水季节，水从滩头倾斜而下，气势汹涌，像这条水龙的头一样，被称之为""卧龙飞瀑""。",卧龙飞瀑宽二十余米，高十余米。卧龙飞瀑和上游的卧龙湖组合在一起像天上的水龙一般，每到丰水季节，水从滩头倾斜而下，气势汹涌…,geography,地貌与景观资源,长期稳定,baike:4898566#卧龙飞瀑,卧龙飞瀑,主要景点,"卧龙飞瀑宽二十余米，高十余米。卧龙飞瀑和上游的卧龙湖组合在一起像天上的水龙一般，每到丰水季节，水从滩头倾斜而下，气势汹涌，像这条水龙的头一样，被称之为""卧龙飞瀑""。",百科章节抽取,交叉印证,稳定,0.9,"[""了解景区"", ""历史文化""]","[""文化游览""]","[""天河潭风景区"", ""卧龙飞瀑""]",needs_review,ar_9f55835f1ae6,real_place,天河潭一期核心自然景观，非百科独有。贵阳本地宝景区攻略把「卧龙飞瀑」列为八大特色景区之一，并写明包含卧龙湖、百步桥、卧龙瀑布及约200米钙化滩；多篇游记与旅游数据库（bytravel.cn 天河潭页）记录的经典线路为卧龙潭→石蚌滩→水洞→九道湾→旱洞→梦草园，瀑布位于卧龙湖下游。景区四大游览系统之一即「钙化滩的瀑布观赏」。
sa_4898566,天河潭风景区,admin_520111,direct_entry,132865207477,天河潭风景区梦草园的地貌与景观资源,梦草园是明末清初贵州著名诗人吴中蕃（1617年—1695年）的故居，吴中蕃诞生于贵阳城西梦草池，字滋大、一字大身、晚年别号今是山人。这里曾是吴氏故居，吴中蕃在天河潭长期隐居，面对这里的苍山秀水，奇洞碧潭，他写下了许多美丽诗篇，留下宝贵的文化遗产。,梦草园是明末清初贵州著名诗人吴中蕃（1617年—1695年）的故居，吴中蕃诞生于贵阳城西梦草池，字滋大、一字大身、晚年别…,geography,地貌与景观资源,长期稳定,baike:4898566#梦草园,梦草园,主要景点,梦草园是明末清初贵州著名诗人吴中蕃（1617年—1695年）的故居，吴中蕃诞生于贵阳城西梦草池，字滋大、一字大身、晚年别号今是山人。这里曾是吴氏故居，吴中蕃在天河潭长期隐居，面对这里的苍山秀水，奇洞碧潭，他写下了许多美丽诗篇，留下宝贵的文化遗产。,百科章节抽取,交叉印证,稳定,0.9,"[""了解景区"", ""历史文化""]","[""文化游览""]","[""天河潭风景区"", ""梦草园""]",needs_review,ar_3ac0bcf6157d,real_place,天河潭中心景区小山上的一处园林，为纪念明末清初贵州诗人吴中蕃（1617—1695）而建。独立旅游站 meet99 的天河潭子景点页（jingdian-tianhetan-14308）单列「梦草园」，描述其位于中心景区小山上、苍松翠柏间的小巧园林，并有114张游客实拍照片、900余人标记去过，确认可实地游览；bytravel 的推荐线路以梦草园收尾。贵阳市人民政府「贵阳历史名人·吴中蕃」页与《从梦草池到梦草园》一文说明其史实背景。
sa_4898566,天河潭风景区,admin_520111,direct_entry,7f5b93d56026,天河潭风景区石蚌滩的地貌与景观资源,沾撒的泉水由山洞流出，形成动静两景色，悬崖上生长着葱绿的植物，长廊与楼榭利于悬崖，这样的景色为世外桃源。,沾撒的泉水由山洞流出，形成动静两景色，悬崖上生长着葱绿的植物，长廊与楼榭利于悬崖，这样的景色为世外桃源。,geography,地貌与景观资源,长期稳定,baike:4898566#石蚌滩,石蚌滩,主要景点,沾撒的泉水由山洞流出，形成动静两景色，悬崖上生长着葱绿的植物，长廊与楼榭利于悬崖，这样的景色为世外桃源。,百科章节抽取,单源,稳定,0.75,"[""了解景区"", ""历史文化""]","[""文化游览""]","[""天河潭风景区"", ""石蚌滩""]",needs_review,ar_c305437c3527,real_place,出现在天河潭的经典游览线路中：bytravel.cn 天河潭页与 meet99 均记载线路「卧龙潭→石蚌滩→水洞→九道湾→旱洞→梦草园」，并称天河潭下游有石蚌滩、卧龙滩等景观，属景区钙化滩/水景系统的一段滩地。但未找到景区官网或政府文旅页面单独介绍，描述文字也与百科高度同源，故证据强度略低于卧龙飞瀑等。
sa_4898566,天河潭风景区,admin_520111,direct_entry,b722bd1502a6,天河潭风景区崆灵洞的地貌与景观资源,"崆灵洞即为龙潭洞水洞，可乘船游览，游洞内奇观，有如置身仙境，该洞全长约1200米，最宽处80余米，最窄处仅为，洞顶最高处50余米，洞内暗河水深处31米。洞内有石钟乳、石笋、石柱等喀斯特景观。其中一处为""鲤鱼跳龙门""。传说有一位学子从此处经过，突见一条一米余长的鲤鱼跃出水面，对他连点三下头，然后投入水中，当年此人便中举了。",崆灵洞即为龙潭洞水洞，可乘船游览，游洞内奇观，有如置身仙境，该洞全长约1200米，最宽处80余米，最窄处仅为，洞顶最高处…,geography,地貌与景观资源,长期稳定,baike:4898566#崆灵洞,崆灵洞,主要景点,"崆灵洞即为龙潭洞水洞，可乘船游览，游洞内奇观，有如置身仙境，该洞全长约1200米，最宽处80余米，最窄处仅为，洞顶最高处50余米，洞内暗河水深处31米。洞内有石钟乳、石笋、石柱等喀斯特景观。其中一处为""鲤鱼跳龙门""。传说有一位学子从此处经过，突见一条一米余长的鲤鱼跃出水面，对他连点三下头，然后投入水中，当年此人便中举了。",百科章节抽取,交叉印证,稳定,0.9,"[""了解景区"", ""历史文化""]","[""文化游览""]","[""天河潭风景区"", ""崆灵洞""]",needs_review,ar_9561ccb9207b,real_place,即天河潭龙潭洞的水洞，可乘船游览，是景区四大游览系统之一。贵阳本地宝两篇独立页面（tour/2023425/65691.shtm 与 tour/43885.shtm）均以「崆灵洞」之名记载：全长约1400米、最宽处80余米、最窄处仅2米，乘船入洞；洞内有石钟乳、石笋、石柱及暗河。洞长数据各源不一（百科1200米、本地宝1400米、部分资料1000多米），但洞本身确凿存在且是景区主打项目。
sa_4898566,天河潭风景区,admin_520111,direct_entry,9025a2d474d4,天河潭风景区银河宫的地貌与景观资源,"银河宫即为龙潭洞旱洞，分为三层，全长近2000米，洞中有一天然石桥--奈何桥，它座落在洞里两座悬崖之间，桥下是深不可测的阴潭，堪称鬼斧神工，令人叫绝。洞内满布玲珑剔透，形态各异的钟乳石，千姿百态。让人流连忘返，其中较著名的景点有:""猴子捞月""、""藏经阁""、""千年等一回""、""春满人间""等。",银河宫即为龙潭洞旱洞，分为三层，全长近2000米，洞中有一天然石桥--奈何桥，它座落在洞里两座悬崖之间，桥下是深不可测的…,geography,地貌与景观资源,长期稳定,baike:4898566#银河宫,银河宫,主要景点,"银河宫即为龙潭洞旱洞，分为三层，全长近2000米，洞中有一天然石桥--奈何桥，它座落在洞里两座悬崖之间，桥下是深不可测的阴潭，堪称鬼斧神工，令人叫绝。洞内满布玲珑剔透，形态各异的钟乳石，千姿百态。让人流连忘返，其中较著名的景点有:""猴子捞月""、""藏经阁""、""千年等一回""、""春满人间""等。",百科章节抽取,交叉印证,稳定,0.9,"[""了解景区"", ""历史文化""]","[""文化游览""]","[""天河潭风景区"", ""银河宫""]",needs_review,ar_99260e809307,real_place,即天河潭龙潭洞的旱洞，景区主要游览项目。贵阳本地宝景区介绍载「银河宫，即旱洞，分为三层，全长近2000米」，另一篇本地宝攻略作「全长约1800米、分上下三层」，游览约40分钟；洞内有天生石桥（奈何桥）及大量钟乳石景观。多家旅游平台线路均把旱洞银河宫列为必游点。
