酒店ID,酒店名称,候选平台名称,候选平台ID,来源链接,来源域名,入口专属性,入口状态,平台关系状态,采集优先级,来源字段,问题说明,生成批次ID,记录哈希
ChIJ319yWzCZ4jARQ227axLDjG8,Aesthera Home,Airbnb,airbnb,http://airbnb.com/h/aestherahome,airbnb.com,酒店详情候选,待公开入口探测,未出现在Google Maps所有选项平台关系,高,酒店主数据.官方网站（第三方补采）,来源为酒店主数据官方网站字段中的第三方平台链接；需核对酒店身份、入住日期和末级详情页,20260907-003922-csv-f52bd5d0,74889b051f65e1d867a949d952ffafbec4a8a2fd2babf69ed4ba035f89593dfb
ChIJ7-zpzEOZ4jAR1D-RCmvuFXc,Ma's House - Homestay by Armie,Airbnb,airbnb,https://www.airbnb.com/rooms/1310924329844571880?guests=1&adults=1&s=67&unique_share_id=82843211-254e-44ad-b7d4-8bab2467c26a,airbnb.com,酒店详情候选,待公开入口探测,未出现在Google Maps所有选项平台关系,高,酒店主数据.官方网站（第三方补采）,来源为酒店主数据官方网站字段中的第三方平台链接；需核对酒店身份、入住日期和末级详情页,20260907-003922-csv-f52bd5d0,7d69261e38cf0d2b1d8bd05c98ead92744d71e26f20c70baa2823c6b5d52025d
ChIJEUkeU5qZ4jARTbe8wOF2smM,Baan Lek Tee No.6 (9Yaowarat),Airbnb,airbnb,https://th.airbnb.com/rooms/1464213780084035203?source_impression_id=p3_1754798293_P3NoLNvQe9-HeG-L,th.airbnb.com,酒店详情候选,待公开入口探测,未出现在Google Maps所有选项平台关系,高,酒店主数据.官方网站（第三方补采）,来源为酒店主数据官方网站字段中的第三方平台链接；需核对酒店身份、入住日期和末级详情页,20260907-003922-csv-f52bd5d0,a5d803056f2c8728d3be60668dd6290755ed7fee117ebce20caf2d411aab9e77
ChIJJ2gd7CGZ4jARhBBdcVT4uGg,Sunfire House,Airbnb,airbnb,https://www.airbnb.com/rooms/1394884395778635021?guests=1&adults=1&s=67&unique_share_id=a34e5384-ed3d-4a73-bd79-49c2cf4501e3,airbnb.com,酒店详情候选,待公开入口探测,未出现在Google Maps所有选项平台关系,高,酒店主数据.官方网站（第三方补采）,来源为酒店主数据官方网站字段中的第三方平台链接；需核对酒店身份、入住日期和末级详情页,20260907-003922-csv-f52bd5d0,43bd3bab8818aaea585d141845669c876b4322d8f4120ee243e42dc53f3cbf5c
ChIJK1JSkPWZ4jARvxGholQPCM0,Eden’s Vert,Airbnb,airbnb,http://airbnb.com/h/edensvert3storey,airbnb.com,酒店详情候选,待公开入口探测,未出现在Google Maps所有选项平台关系,高,酒店主数据.官方网站（第三方补采）,来源为酒店主数据官方网站字段中的第三方平台链接；需核对酒店身份、入住日期和末级详情页,20260907-003922-csv-f52bd5d0,d49f559c9e8b88a94e9b6920d0aa5c4f4a5095255752dbc231c4c81b6a16b3d3
ChIJKy7y3-SZ4jARjqXQVUVYCdI,Bluenest - Sam Yot,Airbnb,airbnb,http://airbnb.com/h/bluenest-samyot,airbnb.com,酒店详情候选,待公开入口探测,未出现在Google Maps所有选项平台关系,高,酒店主数据.官方网站（第三方补采）,来源为酒店主数据官方网站字段中的第三方平台链接；需核对酒店身份、入住日期和末级详情页,20260907-003922-csv-f52bd5d0,d92ae7314f882f8e9b83641920fb393f9ed8ac86b6a0ffbb4a1b7dbfb18d4207
ChIJX8VhAgCZ4jARBS0rzpWNwj0,Bonbnb,Airbnb,airbnb,http://airbnb.com/h/bonbnb,airbnb.com,酒店详情候选,待公开入口探测,未出现在Google Maps所有选项平台关系,高,酒店主数据.官方网站（第三方补采）,来源为酒店主数据官方网站字段中的第三方平台链接；需核对酒店身份、入住日期和末级详情页,20260907-003922-csv-f52bd5d0,d1d407b24bef25f85324a3335496916d898bf7649d70533db57a1027fd636f62
ChIJa2NT0mSZ4jARKMAp8DwGPX8,Moondance House,Airbnb,airbnb,https://www.airbnb.com/rooms/1394870925280193800?guests=1&adults=1&s=67&unique_share_id=290c185c-e32c-48f5-ae32-290441dc5539,airbnb.com,酒店详情候选,待公开入口探测,未出现在Google Maps所有选项平台关系,高,酒店主数据.官方网站（第三方补采）,来源为酒店主数据官方网站字段中的第三方平台链接；需核对酒店身份、入住日期和末级详情页,20260907-003922-csv-f52bd5d0,91112838c79f61b7d250e757fcf8aca3380e7ffec13c55a1a485f6e67fccd678
ChIJfRURHbCZ4jARWtSyp1wH0hw,R5 house,Airbnb,airbnb,https://th.airbnb.com/rooms/24072698,th.airbnb.com,酒店详情候选,待公开入口探测,未出现在Google Maps所有选项平台关系,高,酒店主数据.官方网站（第三方补采）,来源为酒店主数据官方网站字段中的第三方平台链接；需核对酒店身份、入住日期和末级详情页,20260907-003922-csv-f52bd5d0,d97f936c6809a7a13a36d988256d5238baa861e4a7973fd01afb34fa5acb6761
ChIJp1GADz-Z4jARZWLTbvbNJuc,Aunty thong's house,Airbnb,airbnb,http://airbnb.com/h/auntythong-house,airbnb.com,酒店详情候选,待公开入口探测,未出现在Google Maps所有选项平台关系,高,酒店主数据.官方网站（第三方补采）,来源为酒店主数据官方网站字段中的第三方平台链接；需核对酒店身份、入住日期和末级详情页,20260907-003922-csv-f52bd5d0,2109870bee52dd6b67192eed6d81ab79e83f7ac14609b18876e4b82bffaafb8d
ChIJt_Fcdg-Z4jARCRweSo0LCV0,White Haus - Homestay by Armie,Airbnb,airbnb,https://www.airbnb.com/rooms/1363774694276117715?guests=1&adults=1&s=67&unique_share_id=3d143385-12dc-48d4-a951-e1f8d1924e69,airbnb.com,酒店详情候选,待公开入口探测,未出现在Google Maps所有选项平台关系,高,酒店主数据.官方网站（第三方补采）,来源为酒店主数据官方网站字段中的第三方平台链接；需核对酒店身份、入住日期和末级详情页,20260907-003922-csv-f52bd5d0,37000c6de6ae4ec7287a8d92365e80ab4616a85e78e57bc4a360a5987d0f46f3
ChIJ0R1adSGZ4jARLT4M6g3-9zc,"The Luenrit Old Town, Yaowarat(162)",Bluepillow.com,bluepillow,https://www.bluepillow.com/search/67a24408905c444f2d0d9611?dest=ago&cat=Vacation+rental+(other)&lat=13.73987&lng=100.50995&language=en,bluepillow.com,酒店详情候选,待公开入口探测,未出现在Google Maps所有选项平台关系,高,酒店主数据.官方网站（第三方补采）,来源为酒店主数据官方网站字段中的第三方平台链接；需核对酒店身份、入住日期和末级详情页,20260907-003922-csv-f52bd5d0,9166037fb9468b6d1c0d0dd23d30ef8cdfe5ae6b2c1260eb722fd8599cee2c2c
ChIJ4wd0AhGZ4jARUhyKrq79sOk,RB10 Arun Sa Wad Chinatown 402,Bluepillow.com,bluepillow,https://www.bluepillow.com/search/67a24408905c444f2d0d962a?dest=ago&cat=Vacation+rental+(other)&lat=13.75031&lng=100.49914&language=en,bluepillow.com,酒店详情候选,待公开入口探测,未出现在Google Maps所有选项平台关系,高,酒店主数据.官方网站（第三方补采）,来源为酒店主数据官方网站字段中的第三方平台链接；需核对酒店身份、入住日期和末级详情页,20260907-003922-csv-f52bd5d0,859800f5441bb948d7910a84c9a23b7f000586b3f143d285d469f8b728765d66
ChIJ52KS_RCZ4jAR_mKqu1JvC2Y,1000/500mbps wifi 850m BTS onnut,Bluepillow.com,bluepillow,https://www.bluepillow.com/search/67a243c2905c444f2d0d25cc?dest=ago&cat=Vacation+rental+(other)&lat=13.75024&lng=100.49913&language=en,bluepillow.com,酒店详情候选,待公开入口探测,未出现在Google Maps所有选项平台关系,高,酒店主数据.官方网站（第三方补采）,来源为酒店主数据官方网站字段中的第三方平台链接；需核对酒店身份、入住日期和末级详情页,20260907-003922-csv-f52bd5d0,2d4e5a4da6bd5e947637c7c856e02f74d68d559bf1098d757f6d222340b88603
ChIJA2t2xyOZ4jARTQsYZBdor3k,Live Local Cafe Hotel,Bluepillow.com,bluepillow,https://www.bluepillow.com/search/61828dc79e3163a56a2a3701?dest=ago&cat=Vacation+rental+(other)&lat=13.74258&lng=100.51081&language=en,bluepillow.com,酒店详情候选,待公开入口探测,未出现在Google Maps所有选项平台关系,高,酒店主数据.官方网站（第三方补采）,来源为酒店主数据官方网站字段中的第三方平台链接；需核对酒店身份、入住日期和末级详情页,20260907-003922-csv-f52bd5d0,ff39109a76bbacd6894307e727c26ac92ea4e53defd4570f29f1d95a7c5562c3
ChIJAThQkBCZ4jAR6N8gQCkvAfw,Purple House Family BR Walk to Grand Palace,Bluepillow.com,bluepillow,https://www.bluepillow.com/search/67a23c26905c444f2d06d08c?dest=ago&cat=Vacation+rental+(other)&lat=13.74827&lng=100.49952&language=en,bluepillow.com,酒店详情候选,待公开入口探测,未出现在Google Maps所有选项平台关系,高,酒店主数据.官方网站（第三方补采）,来源为酒店主数据官方网站字段中的第三方平台链接；需核对酒店身份、入住日期和末级详情页,20260907-003922-csv-f52bd5d0,1df33cce745d345ffdff33e69e93a1317d645bfb461908f1f1c2ee63632164c1
ChIJAyG_xD2Z4jAR6f-Cyh7L7QQ,Victory place 2 (Golden mount) ที่พักส่วนตัว,Bluepillow.com,bluepillow,https://www.bluepillow.com/search/67a2391b905c444f2d051740?dest=ago&cat=Vacation+rental+(other)&lat=13.75194&lng=100.50895&language=en,bluepillow.com,酒店详情候选,待公开入口探测,未出现在Google Maps所有选项平台关系,高,酒店主数据.官方网站（第三方补采）,来源为酒店主数据官方网站字段中的第三方平台链接；需核对酒店身份、入住日期和末级详情页,20260907-003922-csv-f52bd5d0,aee153d8f2322961f7a9d92cc29b015153cafcdda7f9eaa8eb493a92ec681b17
ChIJES2sPRqZ4jARBkkMS_cNiho,Two Bedrooms Penthouse near Khaosan Road,Bluepillow.com,bluepillow,https://www.bluepillow.com/search/61828dad9e3163a56a2a1efc?dest=ago&cat=Apartment&lat=13.74578&lng=100.50058&language=en,bluepillow.com,酒店详情候选,待公开入口探测,未出现在Google Maps所有选项平台关系,高,酒店主数据.官方网站（第三方补采）,来源为酒店主数据官方网站字段中的第三方平台链接；需核对酒店身份、入住日期和末级详情页,20260907-003922-csv-f52bd5d0,380d9c7defd79cbb753412ae5496e3d4d0d9d6d272e1e338fe1c5d98d69c279b
ChIJF1OQgRCZ4jARLOlz8RRZB2I,GO INN Temple of the Emerald Buddha-Mrt Samyot Station โกอินน์ วัดพระแก้ว,Bluepillow.com,bluepillow,https://www.bluepillow.com/search/65c9f643671b07d23c692e94?dest=bkng&cat=House&lat=13.74756&lng=100.49898&language=en,bluepillow.com,酒店详情候选,待公开入口探测,未出现在Google Maps所有选项平台关系,高,酒店主数据.官方网站（第三方补采）,来源为酒店主数据官方网站字段中的第三方平台链接；需核对酒店身份、入住日期和末级详情页,20260907-003922-csv-f52bd5d0,0e11a94334f537d595bd7e4c14ce2ccb4457ce7dbae7cc5726c76478f29fb3e2
ChIJFRA27xiZ4jAR8X8DRXqT1d0,Sunfire House Chinatown,Bluepillow.com,bluepillow,https://www.bluepillow.com/search/69499e665c042e01baccce7f?dest=bkng&cat=Villa&lat=13.74327&lng=100.5051&language=en,bluepillow.com,酒店详情候选,待公开入口探测,未出现在Google Maps所有选项平台关系,高,酒店主数据.官方网站（第三方补采）,来源为酒店主数据官方网站字段中的第三方平台链接；需核对酒店身份、入住日期和末级详情页,20260907-003922-csv-f52bd5d0,10740573de8085611704c00e1c5357b20bdd6f9809b71d33b3965b4b92abaeff
ChIJHeZR-SGZ4jARGwfw2D5PTkc,15 Mins to the grand palce,Bluepillow.com,bluepillow,https://www.bluepillow.com/search/68115aa7a74f8eb5bd293cbb?dest=bpex&cat=House&lat=13.74104&lng=100.50749&language=en,bluepillow.com,酒店详情候选,待公开入口探测,未出现在Google Maps所有选项平台关系,高,酒店主数据.官方网站（第三方补采）,来源为酒店主数据官方网站字段中的第三方平台链接；需核对酒店身份、入住日期和末级详情页,20260907-003922-csv-f52bd5d0,262224af2940d5ffa866e46dd8b9f3eb7430ac0f3705ea913839eac526b0327c
ChIJIZnc-iKZ4jAR0KZFnGc4asw,Pipp Residence,Bluepillow.com,bluepillow,https://www.bluepillow.com/search/65ca0ce2671b07d23c6ba599/1134872102?dest=bkng&cat=apartment&lat=13.74478&lng=100.50936&language=en,bluepillow.com,酒店详情候选,待公开入口探测,未出现在Google Maps所有选项平台关系,高,酒店主数据.官方网站（第三方补采）,来源为酒店主数据官方网站字段中的第三方平台链接；需核对酒店身份、入住日期和末级详情页,20260907-003922-csv-f52bd5d0,ce77ebb1ecff8c1c908d25139b2eb2a659e7041f7ff99bf126fb3330ab6480bb
ChIJIZnc-iKZ4jARV-LW7RLhbF0,Pipp Residence,Bluepillow.com,bluepillow,https://www.bluepillow.com/search/65ca0ce2671b07d23c6ba599/1134872110?dest=bkng&cat=apartment&lat=13.74478&lng=100.50936&language=en,bluepillow.com,酒店详情候选,待公开入口探测,未出现在Google Maps所有选项平台关系,高,酒店主数据.官方网站（第三方补采）,来源为酒店主数据官方网站字段中的第三方平台链接；需核对酒店身份、入住日期和末级详情页,20260907-003922-csv-f52bd5d0,f891d27325861ddde16b7c3250f31f5c9c0a00fa2ba8482f0e0ac2264f71116c
ChIJIZnc-iKZ4jARX8LMQqeBemY,Pipp Residence,Bluepillow.com,bluepillow,https://www.bluepillow.com/search/65ca0ce2671b07d23c6ba599/1134872109?dest=bkng&cat=apartment&lat=13.74478&lng=100.50936&language=en,bluepillow.com,酒店详情候选,待公开入口探测,未出现在Google Maps所有选项平台关系,高,酒店主数据.官方网站（第三方补采）,来源为酒店主数据官方网站字段中的第三方平台链接；需核对酒店身份、入住日期和末级详情页,20260907-003922-csv-f52bd5d0,63fc220d4a97476aab0c50f5b8c75b1ca351137f837f35e5cbf5b121df43a419
ChIJKSb1IBKZ4jARHJOzffzjtXM,Bright Minitel,Bluepillow.com,bluepillow,https://www.bluepillow.com/search/65ca91c7671b07d23c6e1350?dest=bkng&cat=House&lat=13.75331&lng=100.49746&language=en,bluepillow.com,酒店详情候选,待公开入口探测,未出现在Google Maps所有选项平台关系,高,酒店主数据.官方网站（第三方补采）,来源为酒店主数据官方网站字段中的第三方平台链接；需核对酒店身份、入住日期和末级详情页,20260907-003922-csv-f52bd5d0,1a6d46c087534322881236919a69d468427ac8a304aa0a4bdac749c6b5338ee6
ChIJKSb1IBKZ4jARLwVaA0TvcH4,Bright Minitel,Bluepillow.com,bluepillow,https://www.bluepillow.com/search/65ca91c7671b07d23c6e1350/795909702?dest=bkng&cat=House&lat=13.75331&lng=100.49746&language=en,bluepillow.com,酒店详情候选,待公开入口探测,未出现在Google Maps所有选项平台关系,高,酒店主数据.官方网站（第三方补采）,来源为酒店主数据官方网站字段中的第三方平台链接；需核对酒店身份、入住日期和末级详情页,20260907-003922-csv-f52bd5d0,0655c52e0ba6d098e74b74e0c2d86396820c19f6d1204d7508ecec7e84ce2773
ChIJKSb1IBKZ4jARTMgcA2stLtg,Bright Minitel,Bluepillow.com,bluepillow,https://www.bluepillow.com/search/65ca91c7671b07d23c6e1350/795909703?dest=bkng&cat=House&lat=13.75331&lng=100.49746&language=en,bluepillow.com,酒店详情候选,待公开入口探测,未出现在Google Maps所有选项平台关系,高,酒店主数据.官方网站（第三方补采）,来源为酒店主数据官方网站字段中的第三方平台链接；需核对酒店身份、入住日期和末级详情页,20260907-003922-csv-f52bd5d0,f471c04e9c57ee221c14e69c33d6572fb7d5de6b91d6d27c675a410ca9177588
ChIJLQW7QBOZ4jARxaXrJ2O0kH4,NAT 2 Guest House,Bluepillow.com,bluepillow,https://www.bluepillow.com/search/65ca49e8671b07d23c6d4e2d/380470302?dest=bkng&cat=House&lat=13.75769&lng=100.50014&language=en,bluepillow.com,酒店详情候选,待公开入口探测,未出现在Google Maps所有选项平台关系,高,酒店主数据.官方网站（第三方补采）,来源为酒店主数据官方网站字段中的第三方平台链接；需核对酒店身份、入住日期和末级详情页,20260907-003922-csv-f52bd5d0,10e1246d206ab9776ff64029be08acce8b7df043c1199b437311be63f5802953
ChIJO_RATTyZ4jARttGPmuINxCs,The silk road bangkok,Bluepillow.com,bluepillow,https://www.bluepillow.com/search/67a24426905c444f2d0da863?dest=ago&cat=Vacation+rental+(other)&lat=13.75062&lng=100.51&language=en,bluepillow.com,酒店详情候选,待公开入口探测,未出现在Google Maps所有选项平台关系,高,酒店主数据.官方网站（第三方补采）,来源为酒店主数据官方网站字段中的第三方平台链接；需核对酒店身份、入住日期和末级详情页,20260907-003922-csv-f52bd5d0,61f3fe92ce037d207e42561a0ef6f9a951d3c38864c7d683b173b9a486ec3b59
ChIJOy8l5xiZ4jARbGPYNq8AqfE,Entire Home 2BR 2BA Chinatown - Songwat,Bluepillow.com,bluepillow,https://www.bluepillow.com/search/6812407e5250632c595504d5?dest=bkng&cat=Apartment&lat=13.74304&lng=100.50471&language=en,bluepillow.com,酒店详情候选,待公开入口探测,未出现在Google Maps所有选项平台关系,高,酒店主数据.官方网站（第三方补采）,来源为酒店主数据官方网站字段中的第三方平台链接；需核对酒店身份、入住日期和末级详情页,20260907-003922-csv-f52bd5d0,23d8f23c48623909fbedce49a5c2b23b2bf3272a4e0589af537c958786e113d2
ChIJPSb74BOZ4jAREoV8GpoSpjs,XX The Hidden Giant Swing เดอะ ฮิดเด้น เสาชิงช้า,Bluepillow.com,bluepillow,https://www.bluepillow.com/search/67a230285a2dfa15b182933b?dest=bkng&cat=Apartment&lat=13.75332&lng=100.50023&language=en,bluepillow.com,酒店详情候选,待公开入口探测,未出现在Google Maps所有选项平台关系,高,酒店主数据.官方网站（第三方补采）,来源为酒店主数据官方网站字段中的第三方平台链接；需核对酒店身份、入住日期和末级详情页,20260907-003922-csv-f52bd5d0,ef6dcf94a56d497a743fca6abce27bdac27abc3e6c7d164af84e3aa5e1634244
ChIJVRHHxhGZ4jARIKNF_S8tVko,The Knight House Bangkok,Bluepillow.com,bluepillow,https://www.bluepillow.com/search/69493c270c60a53fb7ccc686?dest=nuit&cat=House&lat=13.75139&lng=100.49702&language=en,bluepillow.com,酒店详情候选,待公开入口探测,未出现在Google Maps所有选项平台关系,高,酒店主数据.官方网站（第三方补采）,来源为酒店主数据官方网站字段中的第三方平台链接；需核对酒店身份、入住日期和末级详情页,20260907-003922-csv-f52bd5d0,e919d83efec39bd1d4ed80c69fa70f07fd3aa7a337185317bb0be42f2737b12c
ChIJWbn4wBGZ4jARJ-S7TqKwhP8,1905 Heritage Corner,Bluepillow.com,bluepillow,https://www.bluepillow.com/search/5a84fd5a7c00cb0e042a1c8d/283023103?dest=bkng&cat=House&lat=13.75162&lng=100.49712&language=en,bluepillow.com,酒店详情候选,待公开入口探测,未出现在Google Maps所有选项平台关系,高,酒店主数据.官方网站（第三方补采）,来源为酒店主数据官方网站字段中的第三方平台链接；需核对酒店身份、入住日期和末级详情页,20260907-003922-csv-f52bd5d0,4f9547f854053972402d4bfaba8da76eefe39abd7321fb12687dbd720ef5212d
ChIJWbn4wBGZ4jARWWyBxzEQCIc,1905 Heritage Corner,Bluepillow.com,bluepillow,https://www.bluepillow.com/search/5a84fd5a7c00cb0e042a1c8d?dest=bkng&cat=House&lat=13.75162&lng=100.49712&language=en,bluepillow.com,酒店详情候选,待公开入口探测,未出现在Google Maps所有选项平台关系,高,酒店主数据.官方网站（第三方补采）,来源为酒店主数据官方网站字段中的第三方平台链接；需核对酒店身份、入住日期和末级详情页,20260907-003922-csv-f52bd5d0,d1f48155c3d6f291b3231549537f974d5b22fe12cb09d31f37b3fca71b92d7d8
ChIJY2JmSgWZ4jAR0fFWc2_z58c,Comfort chic budget on 4 fl -walk to RoyalPalace,Bluepillow.com,bluepillow,https://www.bluepillow.com/search/65cb87483e6d928972f99030?dest=bpex&cat=Apartment&lat=13.74622&lng=100.49566&language=en,bluepillow.com,酒店详情候选,待公开入口探测,未出现在Google Maps所有选项平台关系,高,酒店主数据.官方网站（第三方补采）,来源为酒店主数据官方网站字段中的第三方平台链接；需核对酒店身份、入住日期和末级详情页,20260907-003922-csv-f52bd5d0,5908c6341bfd72c685e2066406aa30389e757044013775ddb8a9b55f4a204a4b
ChIJZTon9huZ4jAR6Wcp6pt21r8,Bubble Humble Bangkok By Canal,Bluepillow.com,bluepillow,https://www.bluepillow.com/search/695e9f84ac408a6eb70c72e8?dest=bkng&cat=House&lat=13.74166&lng=100.50055&language=en,bluepillow.com,酒店详情候选,待公开入口探测,未出现在Google Maps所有选项平台关系,高,酒店主数据.官方网站（第三方补采）,来源为酒店主数据官方网站字段中的第三方平台链接；需核对酒店身份、入住日期和末级详情页,20260907-003922-csv-f52bd5d0,a284bf90eedf216270cec8e8119dfadd6e212fc273bc8a61e733ea593a15ae77
ChIJZTon9huZ4jARjkeNmvlFcu4,Bubble Humble Bangkok By Canal,Bluepillow.com,bluepillow,https://www.bluepillow.com/search/695e9f84ac408a6eb70c72e8/1533618002?dest=bkng&cat=House&lat=13.74166&lng=100.50055&language=en,bluepillow.com,酒店详情候选,待公开入口探测,未出现在Google Maps所有选项平台关系,高,酒店主数据.官方网站（第三方补采）,来源为酒店主数据官方网站字段中的第三方平台链接；需核对酒店身份、入住日期和末级详情页,20260907-003922-csv-f52bd5d0,6bda4ebff0d0a34af0097b822bed0a596dda75dcde8f790cd10e8f79df86aec9
ChIJZX2MWQSZ4jARY4gqR6OF084,Chakrabongse Residences,Bluepillow.com,bluepillow,https://www.bluepillow.com/search/65ca481c671b07d23c6d4d07?dest=bkng&cat=Apartment&lat=13.74403&lng=100.49273&language=en,bluepillow.com,酒店详情候选,待公开入口探测,未出现在Google Maps所有选项平台关系,高,酒店主数据.官方网站（第三方补采）,来源为酒店主数据官方网站字段中的第三方平台链接；需核对酒店身份、入住日期和末级详情页,20260907-003922-csv-f52bd5d0,72d7a336b7165460b8d893fba926d6b2b1c3bd31a1de481fb67ef6b28217b20a
ChIJc2FfhxCZ4jARAybe59wb_bo,Mitr Inn Mrt Samyot Station - The Grand Palace,Bluepillow.com,bluepillow,https://www.bluepillow.com/search/65ca1061671b07d23c6ce602/1148132002?dest=bkng&cat=House&lat=13.74788&lng=100.49868&language=en,bluepillow.com,酒店详情候选,待公开入口探测,未出现在Google Maps所有选项平台关系,高,酒店主数据.官方网站（第三方补采）,来源为酒店主数据官方网站字段中的第三方平台链接；需核对酒店身份、入住日期和末级详情页,20260907-003922-csv-f52bd5d0,3c60edd79eea03d46ba814cc79c7aa412196b064c7d0ea950498ad87db8e62ad
ChIJfY585z-Z4jAR1qmTa8cI6NI,Townhouse PK Garden,Bluepillow.com,bluepillow,https://www.bluepillow.com/search/65ca11d1671b07d23c6d31ba?dest=bkng&cat=Apartment&lat=13.75709&lng=100.50761&language=en,bluepillow.com,酒店详情候选,待公开入口探测,未出现在Google Maps所有选项平台关系,高,酒店主数据.官方网站（第三方补采）,来源为酒店主数据官方网站字段中的第三方平台链接；需核对酒店身份、入住日期和末级详情页,20260907-003922-csv-f52bd5d0,f4e5fecd60071bc0a036fd64b22f0bd62655c5a9418d1da483dcb6811bd2c1c2
ChIJfY585z-Z4jARnQajMYOrzno,Townhouse PK Garden,Bluepillow.com,bluepillow,https://www.bluepillow.com/search/65ca11d1671b07d23c6d31ba/117888416?dest=bkng&cat=Apartment&lat=13.75709&lng=100.50761&language=en,bluepillow.com,酒店详情候选,待公开入口探测,未出现在Google Maps所有选项平台关系,高,酒店主数据.官方网站（第三方补采）,来源为酒店主数据官方网站字段中的第三方平台链接；需核对酒店身份、入住日期和末级详情页,20260907-003922-csv-f52bd5d0,252a6308a9d2dad9888b25c0238066cc6250a28cb9fd00ff1c5eb582573603f6
ChIJfY585z-Z4jARtMaxgzTnC0E,Townhouse PK Garden,Bluepillow.com,bluepillow,https://www.bluepillow.com/search/65ca11d1671b07d23c6d31ba/117888415?dest=bkng&cat=Apartment&lat=13.75709&lng=100.50761&language=en,bluepillow.com,酒店详情候选,待公开入口探测,未出现在Google Maps所有选项平台关系,高,酒店主数据.官方网站（第三方补采）,来源为酒店主数据官方网站字段中的第三方平台链接；需核对酒店身份、入住日期和末级详情页,20260907-003922-csv-f52bd5d0,d400130788f95e134658652b34a6bb9968411d328a376edb67b5998f105b45fd
ChIJg99vxyOZ4jAR6c5nKMB9_wU,Live Local Cafe Hotel - 420 Friendly,Bluepillow.com,bluepillow,https://www.bluepillow.com/search/5b4ca6bd7c00cb1538dfcea8/376163502?dest=bkng&cat=House&lat=13.74259&lng=100.51085&language=en,bluepillow.com,酒店详情候选,待公开入口探测,未出现在Google Maps所有选项平台关系,高,酒店主数据.官方网站（第三方补采）,来源为酒店主数据官方网站字段中的第三方平台链接；需核对酒店身份、入住日期和末级详情页,20260907-003922-csv-f52bd5d0,7ce71973e38b518955d50daa75638c8c1395ed21a4675b35298cf194866f0337
ChIJg99vxyOZ4jAR97Pi9Sbh2p4,Live Local Cafe Hotel - 420 Friendly,Bluepillow.com,bluepillow,https://www.bluepillow.com/search/5b4ca6bd7c00cb1538dfcea8/376163501?dest=bkng&cat=House&lat=13.74259&lng=100.51085&language=en,bluepillow.com,酒店详情候选,待公开入口探测,未出现在Google Maps所有选项平台关系,高,酒店主数据.官方网站（第三方补采）,来源为酒店主数据官方网站字段中的第三方平台链接；需核对酒店身份、入住日期和末级详情页,20260907-003922-csv-f52bd5d0,77fae5ef9a74c09752ab89e2867359be557489b7ec0d08a927e738c3998d89b2
ChIJg99vxyOZ4jARRaoEXf6O87E,Live Local Cafe Hotel - 420 Friendly,Bluepillow.com,bluepillow,https://www.bluepillow.com/search/5b4ca6bd7c00cb1538dfcea8/376163503?dest=bkng&cat=House&lat=13.74259&lng=100.51085&language=en,bluepillow.com,酒店详情候选,待公开入口探测,未出现在Google Maps所有选项平台关系,高,酒店主数据.官方网站（第三方补采）,来源为酒店主数据官方网站字段中的第三方平台链接；需核对酒店身份、入住日期和末级详情页,20260907-003922-csv-f52bd5d0,1e897e29d47ac2300cec131ec5a0f0658e0e5601fc6e12916865b4f9ad6c0d97
ChIJgbDzgRCZ4jARcFne-Anw-GE,XX GO INN The Grand Palace - โกอินน์ พระบรมมหาราชวัง MRT สามยอด,Bluepillow.com,bluepillow,https://www.bluepillow.com/search/69499b450c60a53fb7d838d6?dest=nuit&cat=Apartment&lat=13.74751&lng=100.499&language=en,bluepillow.com,酒店详情候选,待公开入口探测,未出现在Google Maps所有选项平台关系,高,酒店主数据.官方网站（第三方补采）,来源为酒店主数据官方网站字段中的第三方平台链接；需核对酒店身份、入住日期和末级详情页,20260907-003922-csv-f52bd5d0,1fe566f147b4991b45868d9c8af88e8cb05e93c11aaee27af1962016ad9a7e5c
ChIJi6sQ_xCZ4jAR5EvKWorWjLM,BaanTip HomeStay,Bluepillow.com,bluepillow,https://www.bluepillow.com/search/67a23b12905c444f2d05f1b2?dest=ago&cat=Vacation+rental+(other)&lat=13.75001&lng=100.49901&language=en,bluepillow.com,酒店详情候选,待公开入口探测,未出现在Google Maps所有选项平台关系,高,酒店主数据.官方网站（第三方补采）,来源为酒店主数据官方网站字段中的第三方平台链接；需核对酒店身份、入住日期和末级详情页,20260907-003922-csv-f52bd5d0,9fc8a5de23f86d133abca63b6b4295875d222e20331c83a9ddebd31557995f2a
ChIJt8EPTBaZ4jARCduR4QoH6cY,Bangkok - Kunst Sta Hua Lamphong หัวลำโพง五房五卫六床,Bluepillow.com,bluepillow,https://www.bluepillow.com/search/655204bb1811a9820ec2ec14?dest=ago&cat=Apartment&lat=13.75033&lng=100.50532&language=en,bluepillow.com,酒店详情候选,待公开入口探测,未出现在Google Maps所有选项平台关系,高,酒店主数据.官方网站（第三方补采）,来源为酒店主数据官方网站字段中的第三方平台链接；需核对酒店身份、入住日期和末级详情页,20260907-003922-csv-f52bd5d0,cf2bf3741117f344d0eb8a0093393aac36fe8788dd9482833a91bdaa481e1d67
ChIJv5TwCxCZ4jARIV-tITA87a8,Inner Old Town 196 Chic Guesthouse - self check in,Bluepillow.com,bluepillow,https://www.bluepillow.com/search/65c9d6e9671b07d23c6776be?dest=bkng&cat=House&lat=13.74785&lng=100.49697&language=en,bluepillow.com,酒店详情候选,待公开入口探测,未出现在Google Maps所有选项平台关系,高,酒店主数据.官方网站（第三方补采）,来源为酒店主数据官方网站字段中的第三方平台链接；需核对酒店身份、入住日期和末级详情页,20260907-003922-csv-f52bd5d0,609de2147d57acc060d0ce63ba882554f68e55fe4bdc9f3be2f73f8a5f8c7368
ChIJy9q6xD2Z4jARd2uFBdCZI_0,Victory place ย่านกรุงเก่า,Bluepillow.com,bluepillow,https://www.bluepillow.com/search/65ca0e32671b07d23c6c11d9?dest=bkng&cat=House&lat=13.75196&lng=100.50892&language=en,bluepillow.com,酒店详情候选,待公开入口探测,未出现在Google Maps所有选项平台关系,高,酒店主数据.官方网站（第三方补采）,来源为酒店主数据官方网站字段中的第三方平台链接；需核对酒店身份、入住日期和末级详情页,20260907-003922-csv-f52bd5d0,be413b3779d430f49f5efa50a8b729e464c547e158681aed9194fe3963f60bc8
ChIJ3-I17xiZ4jARRjW6FLplIaw,Sunfire House Chinatown,Booking.com,booking,https://www.booking.com/hotel/th/sunfire-house-chinatown-street-food-mrt-3br-2ba.en-gb.html?aid=2068758&utm_source=seogooglelocal&utm_medium=description&utm_term=hotel-14082752&utm_campaign=en-gb&label=seogooglelocal-link-imagesaow-hotel-14082752_grp-0_gendate-20260821,booking.com,酒店详情候选,待公开入口探测,未出现在Google Maps所有选项平台关系,高,酒店主数据.官方网站（第三方补采）,来源为酒店主数据官方网站字段中的第三方平台链接；需核对酒店身份、入住日期和末级详情页,20260907-003922-csv-f52bd5d0,edbcbefd7deaefd698f6df973579019caac369eee3128a57c4fec14acd6c012e
ChIJ3fOMZyKZ4jARjIyre89-wm0,Rustic Cabin Flat at China Town 2min walk to MRT,Booking.com,booking,https://www.booking.com/hotel/th/rustic-cabin-flat-at-china-town-2min-walk-to-mrt.en-gb.html?aid=2068758&utm_source=seogooglelocal&utm_medium=description&utm_term=hotel-16385951&utm_campaign=en-gb&label=seogooglelocal-link-imagesaow-hotel-16385951_grp-3_gendate-20260821,booking.com,酒店详情候选,待公开入口探测,未出现在Google Maps所有选项平台关系,高,酒店主数据.官方网站（第三方补采）,来源为酒店主数据官方网站字段中的第三方平台链接；需核对酒店身份、入住日期和末级详情页,20260907-003922-csv-f52bd5d0,4e65412a034061db4d7da39958776cd11a727d0499bc2d7584338ff35bca2dec
ChIJ4Rql_xCZ4jARa24uaqywGW0,Lisa'House,Booking.com,booking,https://www.booking.com/hotel/th/home-bangkok.en-gb.html?aid=2068758&utm_source=seogooglelocal&utm_medium=description&utm_term=hotel-5453607&utm_campaign=en-gb&label=seogooglelocal-link-imagesaow-hotel-5453607_grp-3_gendate-20260821,booking.com,酒店详情候选,待公开入口探测,未出现在Google Maps所有选项平台关系,高,酒店主数据.官方网站（第三方补采）,来源为酒店主数据官方网站字段中的第三方平台链接；需核对酒店身份、入住日期和末级详情页,20260907-003922-csv-f52bd5d0,92cf3bc4f72fbaa2829f772961fbf43b78b97b166aebfcb58941ac8215aece76
ChIJ5R1rWBaZ4jARuNPivx0t9_k,Maruay Living Apartment 401 (Khaosan/Chinatown/Samyot MRT),Booking.com,booking,https://www.booking.com/hotel/th/maruay-living-apartment-401-khaosan-chinatown-samyot-mrt.en-gb.html?aid=2068758&utm_source=seogooglelocal&utm_medium=description&utm_term=hotel-10500699&utm_campaign=en-gb&label=seogooglelocal-link-imagesaow-hotel-10500699_grp-3_gendate-20260821,booking.com,酒店详情候选,待公开入口探测,未出现在Google Maps所有选项平台关系,高,酒店主数据.官方网站（第三方补采）,来源为酒店主数据官方网站字段中的第三方平台链接；需核对酒店身份、入住日期和末级详情页,20260907-003922-csv-f52bd5d0,d0b864140f7fe5aa731f12fe9687646143f3174976a3f9e6842a7e8fec17c5a5
ChIJ5ZZqWBaZ4jARf36Y4kAzFh0,Maruay Living Apartment 501 (Khaosan/Chinatown/Samyot MRT),Booking.com,booking,https://www.booking.com/hotel/th/maruay-living-apartment-501-khaosan-chinatown-samyot-mrt.en-gb.html?aid=2068758&utm_source=seogooglelocal&utm_medium=description&utm_term=hotel-10501448&utm_campaign=en-gb&label=seogooglelocal-link-imagesaow-hotel-10501448_grp-0_gendate-20260821,booking.com,酒店详情候选,待公开入口探测,未出现在Google Maps所有选项平台关系,高,酒店主数据.官方网站（第三方补采）,来源为酒店主数据官方网站字段中的第三方平台链接；需核对酒店身份、入住日期和末级详情页,20260907-003922-csv-f52bd5d0,26f17682d288f58a2156327f4c885aaa9a51810518e937fc60b971bc7259621e
ChIJ6SoeULuZ4jARBDVWStyVgQM,Retro Retreat Chinatown,Booking.com,booking,https://www.booking.com/Share-nFqIaKP,booking.com,酒店详情候选,待公开入口探测,未出现在Google Maps所有选项平台关系,高,酒店主数据.官方网站（第三方补采）,来源为酒店主数据官方网站字段中的第三方平台链接；需核对酒店身份、入住日期和末级详情页,20260907-003922-csv-f52bd5d0,e197194bf149167a5b4e0b3ce67b8f3904349ab24bef7e12f6d19acb8a5c340e
ChIJ7wFrWBaZ4jARsLrQC3W8IT0,Maruay Living Apartment 509 (Khaosan/Chinatown/Samyot MRT),Booking.com,booking,https://www.booking.com/hotel/th/maruay-living-apartment-509-khaosan-chinatown-samyot-mrt.en-gb.html?aid=2068758&utm_source=seogooglelocal&utm_medium=description&utm_term=hotel-10501273&utm_campaign=en-gb&label=seogooglelocal-link-imagesaow-hotel-10501273_grp-1_gendate-20260821,booking.com,酒店详情候选,待公开入口探测,未出现在Google Maps所有选项平台关系,高,酒店主数据.官方网站（第三方补采）,来源为酒店主数据官方网站字段中的第三方平台链接；需核对酒店身份、入住日期和末级详情页,20260907-003922-csv-f52bd5d0,825516b9d891a99fb90d0d851c1665a14e463656c7c5ac50bc67f5c1c27d2054
ChIJBZJN2D2Z4jARt9LSlJYD1uk,"Ni Haus, cozy place for 4 people",Booking.com,booking,https://www.booking.com/hotel/th/ni-haus-cozy-place-for-4-people.en-gb.html?aid=2068758&utm_source=seogooglelocal&utm_medium=description&utm_term=hotel-14949201&utm_campaign=en-gb&label=seogooglelocal-link-imagesaow-hotel-14949201_grp-1_gendate-20260821,booking.com,酒店详情候选,待公开入口探测,未出现在Google Maps所有选项平台关系,高,酒店主数据.官方网站（第三方补采）,来源为酒店主数据官方网站字段中的第三方平台链接；需核对酒店身份、入住日期和末级详情页,20260907-003922-csv-f52bd5d0,1ce57deffffbad93872cb57860a7917f7f0e62b07a8a45b49e5ffc6fccd55545
ChIJH9m4xD2Z4jAR8Z0YF6d_gjw,Victory place 2 (Golden Mount),Booking.com,booking,https://www.booking.com/hotel/th/victory-place-2-golden-mount.en-gb.html?aid=2068758&utm_source=seogooglelocal&utm_medium=description&utm_term=hotel-11730549&utm_campaign=en-gb&label=seogooglelocal-link-imagesaow-hotel-11730549_grp-1_gendate-20260821,booking.com,酒店详情候选,待公开入口探测,未出现在Google Maps所有选项平台关系,高,酒店主数据.官方网站（第三方补采）,来源为酒店主数据官方网站字段中的第三方平台链接；需核对酒店身份、入住日期和末级详情页,20260907-003922-csv-f52bd5d0,81c55c3e83a1c0f37922d4f8bb99b5200f60166a63ddbf6faaeb3860da6aa885
ChIJHQENMgeZ4jARxQ-OfabeukI,Vélin - Chinatown,Booking.com,booking,https://www.booking.com/Share-D1WLj5,booking.com,酒店详情候选,待公开入口探测,未出现在Google Maps所有选项平台关系,高,酒店主数据.官方网站（第三方补采）,来源为酒店主数据官方网站字段中的第三方平台链接；需核对酒店身份、入住日期和末级详情页,20260907-003922-csv-f52bd5d0,fb2be70af7046a74c6d4b536cc3e07a9c40677806e7dd112f147b1c652fac56f
ChIJN1-rXCKZ4jARqcPfMmXKcCg,"Newly Renovated, 4BR Townhouse , 5min MRT , Group",Booking.com,booking,https://www.booking.com/hotel/th/newly-renovated-4br-townhouse-5min-mrt-group.en-gb.html?aid=2068758&utm_source=seogooglelocal&utm_medium=description&utm_term=hotel-14647884&utm_campaign=en-gb&label=seogooglelocal-link-imagesaow-hotel-14647884_grp-0_gendate-20260821,booking.com,酒店详情候选,待公开入口探测,未出现在Google Maps所有选项平台关系,高,酒店主数据.官方网站（第三方补采）,来源为酒店主数据官方网站字段中的第三方平台链接；需核对酒店身份、入住日期和末级详情页,20260907-003922-csv-f52bd5d0,442e96cabd43362e71c7bfbc2b615725c04dd9d512693abcf21084195a8f7911
ChIJT3vsmBCZ4jARpUCMqT8FRdc,Sorrento Bangkok Old Town MRT Samyot,Booking.com,booking,https://www.booking.com/hotel/th/sorrento-old-town-bangkok.en-gb.html?aid=2068758&utm_source=seogooglelocal&utm_medium=description&utm_term=hotel-12781582&utm_campaign=en-gb&label=seogooglelocal-link-imagesaow-hotel-12781582_grp-2_gendate-20260821,booking.com,酒店详情候选,待公开入口探测,未出现在Google Maps所有选项平台关系,高,酒店主数据.官方网站（第三方补采）,来源为酒店主数据官方网站字段中的第三方平台链接；需核对酒店身份、入住日期和末级详情页,20260907-003922-csv-f52bd5d0,f5e02489ef084668d6e7084abc415d6d04aefad148c1f80f8984b9e1e46a79da
ChIJXQPuPxSZ4jARf2pSjKbnfyg,auntythong house,Booking.com,booking,https://www.booking.com/hotel/th/aunty-thongs-house.en-gb.html?aid=2068758&utm_source=seogooglelocal&utm_medium=description&utm_term=hotel-12257847&utm_campaign=en-gb&label=seogooglelocal-link-imagesaow-hotel-12257847_grp-3_gendate-20260821,booking.com,酒店详情候选,待公开入口探测,未出现在Google Maps所有选项平台关系,高,酒店主数据.官方网站（第三方补采）,来源为酒店主数据官方网站字段中的第三方平台链接；需核对酒店身份、入住日期和末级详情页,20260907-003922-csv-f52bd5d0,876354480f685ff60f0ddab39b3146407dc8a83e6fe0343fc4576abc1befc46b
ChIJXbxqWBaZ4jAR2EXnB4Rm54g,Maruay Living Apartment 510 (Khaosan/Chinatown/Samyot MRT),Booking.com,booking,https://www.booking.com/hotel/th/maruay-living-apartment-510-khaosan-chinatown-samyot-mrt-krungethph.en-gb.html?aid=2068758&utm_source=seogooglelocal&utm_medium=description&utm_term=hotel-10501118&utm_campaign=en-gb&label=seogooglelocal-link-imagesaow-hotel-10501118_grp-2_gendate-20260821,booking.com,酒店详情候选,待公开入口探测,未出现在Google Maps所有选项平台关系,高,酒店主数据.官方网站（第三方补采）,来源为酒店主数据官方网站字段中的第三方平台链接；需核对酒店身份、入住日期和末级详情页,20260907-003922-csv-f52bd5d0,8438ed1d677e20c93b470a5b4fa18c0ffdf0526ce01cbf450d0f501e51928596
ChIJmSHtjiGZ4jAREBEMbSdmvmE,曼谷唐人街三层独栋洋楼24小时自助入住,Booking.com,booking,https://www.booking.com/hotel/th/man-gu-tang-ren-jie-san-ceng-du-dong-yang-lou-24xiao-shi-zi-zhu-ru-zhu.en-gb.html?aid=2068758&utm_source=seogooglelocal&utm_medium=description&utm_term=hotel-14803532&utm_campaign=en-gb&label=seogooglelocal-link-imagesaow-hotel-14803532_grp-0_gendate-20260821,booking.com,酒店详情候选,待公开入口探测,未出现在Google Maps所有选项平台关系,高,酒店主数据.官方网站（第三方补采）,来源为酒店主数据官方网站字段中的第三方平台链接；需核对酒店身份、入住日期和末级详情页,20260907-003922-csv-f52bd5d0,d0ce5bf4a5c971cbc9a0010d1512cec2ddb2755dd2ad246681e63db77be85823
ChIJr7tXmxeZ4jARj1TFPvOoq4g,Nap Boriphat,Booking.com,booking,https://www.booking.com/hotel/th/nap-boriphat.en-gb.html?aid=2068758&utm_source=seogooglelocal&utm_medium=description&utm_term=hotel-14377843&utm_campaign=en-gb&label=seogooglelocal-link-imagesaow-hotel-14377843_grp-3_gendate-20260821,booking.com,酒店详情候选,待公开入口探测,未出现在Google Maps所有选项平台关系,高,酒店主数据.官方网站（第三方补采）,来源为酒店主数据官方网站字段中的第三方平台链接；需核对酒店身份、入住日期和末级详情页,20260907-003922-csv-f52bd5d0,db29ef15c2b070419351734d70803a07b4ea15ad4942380478ba2f58e98ecb08
ChIJrXKkkBqZ4jAR9-Z-UQbJWyM,Large Room near Grand Palace,Booking.com,booking,https://www.booking.com/hotel/th/large-room-near-grand-palace.en-gb.html?aid=2068758&utm_source=seogooglelocal&utm_medium=description&utm_term=hotel-16607745&utm_campaign=en-gb&label=seogooglelocal-link-imagesaow-hotel-16607745_grp-1_gendate-20260821,booking.com,酒店详情候选,待公开入口探测,未出现在Google Maps所有选项平台关系,高,酒店主数据.官方网站（第三方补采）,来源为酒店主数据官方网站字段中的第三方平台链接；需核对酒店身份、入住日期和末级详情页,20260907-003922-csv-f52bd5d0,83f096318def955e482c99b44ac8821f0326432854de055754723f7cef91be14
ChIJreqz6BiZ4jAR4D6q8qBC2_Y,Hidden Oasis House in Bangkok Chinatown Self Check-in,Booking.com,booking,https://www.booking.com/hotel/th/hidden-oasis-house-in-bangkok-chinatown-self-check-in.en-gb.html?aid=2068758&utm_source=seogooglelocal&utm_medium=description&utm_term=hotel-16029963&utm_campaign=en-gb&label=seogooglelocal-link-imagesaow-hotel-16029963_grp-3_gendate-20260821,booking.com,酒店详情候选,待公开入口探测,未出现在Google Maps所有选项平台关系,高,酒店主数据.官方网站（第三方补采）,来源为酒店主数据官方网站字段中的第三方平台链接；需核对酒店身份、入住日期和末级详情页,20260907-003922-csv-f52bd5d0,03f0116a6190b3e8b87059f9086e348cac958eb7ce7581fd2d539bb2d3d070f3
ChIJyZrJuxCZ4jARMWTWwrNeLuA,"Entire Home in Old Town, Sane Bangkok",Booking.com,booking,https://www.booking.com/hotel/th/entire-home-in-old-town-sane-bangkok.en-gb.html?aid=2068758&utm_source=seogooglelocal&utm_medium=description&utm_term=hotel-15919295&utm_campaign=en-gb&label=seogooglelocal-link-imagesaow-hotel-15919295_grp-3_gendate-20260821,booking.com,酒店详情候选,待公开入口探测,未出现在Google Maps所有选项平台关系,高,酒店主数据.官方网站（第三方补采）,来源为酒店主数据官方网站字段中的第三方平台链接；需核对酒店身份、入住日期和末级详情页,20260907-003922-csv-f52bd5d0,a633bcbaa7651fe4a35c080c4faabc959f435683152ca99278e4fe5bb9a5eb94
ChIJzx9rWBaZ4jAR15EaLhBLw5M,Maruay Living Apartment 506 (Khaosan/Chinatown/Samyot MRT),Booking.com,booking,https://www.booking.com/hotel/th/maruay-living-apartment-506-khaosan-chinatown-samyot-mrt.en-gb.html?aid=2068758&utm_source=seogooglelocal&utm_medium=description&utm_term=hotel-10501380&utm_campaign=en-gb&label=seogooglelocal-link-imagesaow-hotel-10501380_grp-0_gendate-20260821,booking.com,酒店详情候选,待公开入口探测,未出现在Google Maps所有选项平台关系,高,酒店主数据.官方网站（第三方补采）,来源为酒店主数据官方网站字段中的第三方平台链接；需核对酒店身份、入住日期和末级详情页,20260907-003922-csv-f52bd5d0,fa14ec642cf5856da36f28cf677dab2edafbbed1e6ee3a09762600417ed47f4c
ChIJJ93smBCZ4jARplpUH90o6bk,Sorrento Bangkok Old Town MRT Samyot - Apartment,FreeCancellations.com,freecancellations,https://www.freecancellations.com/search/F2gnQFcAGnpUD1EBCg1QQQteVhxiRwET?lat=13.74787&lng=100.49999&language=en,freecancellations.com,酒店详情候选,待公开入口探测,未出现在Google Maps所有选项平台关系,高,酒店主数据.官方网站（第三方补采）,来源为酒店主数据官方网站字段中的第三方平台链接；需核对酒店身份、入住日期和末级详情页,20260907-003922-csv-f52bd5d0,9259afa64f73cb0cd6d8c8511d04c0425f122f36f1f984411eda0a1a7f229509
ChIJ_7D24BOZ4jARF-ke8bwCVJ0,GO INN The Giant Swing เสาชิงช้า - Standard Studio,FreeCancellations.com,freecancellations,https://www.freecancellations.com/search/F2ZyS1wHG3NRDVVVDVlSEgtYChZlFgZB?lat=13.7533&lng=100.5002&language=en,freecancellations.com,酒店详情候选,待公开入口探测,未出现在Google Maps所有选项平台关系,高,酒店主数据.官方网站（第三方补采）,来源为酒店主数据官方网站字段中的第三方平台链接；需核对酒店身份、入住日期和末级详情页,20260907-003922-csv-f52bd5d0,cc921614bd7eec786a2337275c69763930be7faa5a5aba862b3a3be543521a2e
ChIJtZ__wBGZ4jARmacXPPlljtQ,1905 Heritage Corner - Standard Tea Room,FreeCancellations.com,freecancellations,https://www.freecancellations.com/search/F2giQ1JVHHMAXFIBVVhYTQ8KDx9jQVEU?lat=13.75162&lng=100.49711&language=en,freecancellations.com,酒店详情候选,待公开入口探测,未出现在Google Maps所有选项平台关系,高,酒店主数据.官方网站（第三方补采）,来源为酒店主数据官方网站字段中的第三方平台链接；需核对酒店身份、入住日期和末级详情页,20260907-003922-csv-f52bd5d0,1a36b4b15972e59ed95c49c6b38c0fac8dfed7db51c174c88b635111820b93a1
ChIJs0vVRSKZ4jARoGc-Q_M5FZQ,EXORESIDENCE - Heart of Chinatown,Hotels.com,hotels,https://www.hotels.com/Hotel.h99591927.Hotel-Information?mdpcid=HCOM.META.HPA.WEB-ORGANIC.VR,hotels.com,酒店详情候选,待公开入口探测,未出现在Google Maps所有选项平台关系,高,酒店主数据.官方网站（第三方补采）,来源为酒店主数据官方网站字段中的第三方平台链接；需核对酒店身份、入住日期和末级详情页,20260907-003922-csv-f52bd5d0,33fb527e9031c63aa297314c167f44c5e86a6feb6b2f1e920b53952d6e500c97
ChIJH80XRBaZ4jARiGwzbL-dwWg,Baan Batra Heritage Suite,Vio.com,vio,https://deals.vio.com/?sig=73aca13c7f952d2641c156f3e69125e1eb497c325f122828ee5aa8797168b9a12d32303331333438363233&turl=https%3A%2F%2Fwww.vio.com%2FHotel%2FSearch%3FhotelId%3D153623692%26utm_source%3Dgha-vr%26utm_campaign%3Dstatic%26openHotelDetails%3D1,deals.vio.com,酒店详情候选,待公开入口探测,未出现在Google Maps所有选项平台关系,高,酒店主数据.官方网站（第三方补采）,来源为酒店主数据官方网站字段中的第三方平台链接；需核对酒店身份、入住日期和末级详情页,20260907-003922-csv-f52bd5d0,1122cefd8a6c836b163adb05e3ce62ba4fb398d7ac62af2f6f761006019ca0e2
ChIJS2n6FB-Z4jARp1PgE3Tos8I,Sampheng House,Vio.com,vio,https://deals.vio.com/?sig=73aca13c7f952d2641c156f3e69125e1eb497c325f122828ee5aa8797168b9a12d32303331333438363233&turl=https%3A%2F%2Fwww.vio.com%2FHotel%2FSearch%3FhotelId%3D129532497%26utm_source%3Dgha-vr%26utm_campaign%3Dstatic%26openHotelDetails%3D1,deals.vio.com,酒店详情候选,待公开入口探测,未出现在Google Maps所有选项平台关系,高,酒店主数据.官方网站（第三方补采）,来源为酒店主数据官方网站字段中的第三方平台链接；需核对酒店身份、入住日期和末级详情页,20260907-003922-csv-f52bd5d0,8f2a17b9d252f5050cf56fbb752aa2c2bc5ffdc9818012d8ad8322090263eb69
ChIJT0WtHxKZ4jAR_80qwgQnjOs,Santo house Bangkok,Vio.com,vio,https://deals.vio.com/?sig=73aca13c7f952d2641c156f3e69125e1eb497c325f122828ee5aa8797168b9a12d32303331333438363233&turl=https%3A%2F%2Fwww.vio.com%2FHotel%2FSearch%3FhotelId%3D23549927%26utm_source%3Dgha-vr%26utm_campaign%3Dstatic%26openHotelDetails%3D1,deals.vio.com,酒店详情候选,待公开入口探测,未出现在Google Maps所有选项平台关系,高,酒店主数据.官方网站（第三方补采）,来源为酒店主数据官方网站字段中的第三方平台链接；需核对酒店身份、入住日期和末级详情页,20260907-003922-csv-f52bd5d0,6aef4897e6d5e647495c5b20a8b4f75700876a9df631f138f46ed8eaae76b0e2
ChIJV2fd6hSZ4jAR9qPvFRfHU2g,Siamese Views Lodge,Vio.com,vio,https://deals.vio.com/?sig=73aca13c7f952d2641c156f3e69125e1eb497c325f122828ee5aa8797168b9a12d32303331333438363233&turl=https%3A%2F%2Fwww.vio.com%2FHotel%2FSearch%3FhotelId%3D1550423%26utm_source%3Dgha-vr%26utm_campaign%3Dstatic%26openHotelDetails%3D1,deals.vio.com,酒店详情候选,待公开入口探测,未出现在Google Maps所有选项平台关系,高,酒店主数据.官方网站（第三方补采）,来源为酒店主数据官方网站字段中的第三方平台链接；需核对酒店身份、入住日期和末级详情页,20260907-003922-csv-f52bd5d0,23388869ffbd1d26c1c09d6ac2b9e961ac535036b057ae5f2132a6a75f8775a7
ChIJX11rPiKZ4jARiCaDzrtomaw,ChinaTown Residence Bangkok,Vio.com,vio,https://deals.vio.com/?sig=73aca13c7f952d2641c156f3e69125e1eb497c325f122828ee5aa8797168b9a12d32303331333438363233&turl=https%3A%2F%2Fwww.vio.com%2FHotel%2FSearch%3FhotelId%3D5255281%26utm_source%3Dgha-vr%26utm_campaign%3Dstatic%26openHotelDetails%3D1,deals.vio.com,酒店详情候选,待公开入口探测,未出现在Google Maps所有选项平台关系,高,酒店主数据.官方网站（第三方补采）,来源为酒店主数据官方网站字段中的第三方平台链接；需核对酒店身份、入住日期和末级详情页,20260907-003922-csv-f52bd5d0,49ca7f3303f0f5858e6abd38ac53c6b605daf7260822c533ee504159a38d19d6
ChIJXyfE5z-Z4jARNf52513wrRQ,Yello Rooms,Vio.com,vio,https://deals.vio.com/?sig=73aca13c7f952d2641c156f3e69125e1eb497c325f122828ee5aa8797168b9a12d32303331333438363233&turl=https%3A%2F%2Fwww.vio.com%2FHotel%2FSearch%3FhotelId%3D22012236%26utm_source%3Dgha-vr%26utm_campaign%3Dstatic%26openHotelDetails%3D1,deals.vio.com,酒店详情候选,待公开入口探测,未出现在Google Maps所有选项平台关系,高,酒店主数据.官方网站（第三方补采）,来源为酒店主数据官方网站字段中的第三方平台链接；需核对酒店身份、入住日期和末级详情页,20260907-003922-csv-f52bd5d0,e007ef386ebd77e85a6ccbd3b5914f685be6b73912728b87405f358dfbea6b91
ChIJYUhv_ROZ4jARXAzNLxHv_2A,The Hidden Sao Chingcha - เดอะ ฮิดเดน เสาชิงช้า,Vio.com,vio,https://deals.vio.com/?sig=73aca13c7f952d2641c156f3e69125e1eb497c325f122828ee5aa8797168b9a12d32303331333438363233&turl=https%3A%2F%2Fwww.vio.com%2FHotel%2FSearch%3FhotelId%3D123638740%26utm_source%3Dgha-vr%26utm_campaign%3Dstatic%26openHotelDetails%3D1,deals.vio.com,酒店详情候选,待公开入口探测,未出现在Google Maps所有选项平台关系,高,酒店主数据.官方网站（第三方补采）,来源为酒店主数据官方网站字段中的第三方平台链接；需核对酒店身份、入住日期和末级详情页,20260907-003922-csv-f52bd5d0,d352f6d5afb651915695aa315d1072a6a9d7c548226edcfe72e46dd60f31218b
ChIJuV2VPhSZ4jARVO5XiJfFX-o,"Lo-Ha Guest house, Contactless Check-in",Vio.com,vio,https://deals.vio.com/?sig=73aca13c7f952d2641c156f3e69125e1eb497c325f122828ee5aa8797168b9a12d32303331333438363233&turl=https%3A%2F%2Fwww.vio.com%2FHotel%2FSearch%3FhotelId%3D78557840%26utm_source%3Dgha-vr%26utm_campaign%3Dstatic%26openHotelDetails%3D1,deals.vio.com,酒店详情候选,待公开入口探测,未出现在Google Maps所有选项平台关系,高,酒店主数据.官方网站（第三方补采）,来源为酒店主数据官方网站字段中的第三方平台链接；需核对酒店身份、入住日期和末级详情页,20260907-003922-csv-f52bd5d0,d87f1a6450c2723de387b6ad93954213253d0016489d1f6eaf73420941280555
ChIJaRvBjiGZ4jARAi4WB6O2cyM,"private house in chinatown/ 2BR,2BATH, 7Mints to MRT Samyot/5 Guests",Vrbo,vrbo,https://www.vrbo.com/pdp/lo/113142624?MDPCID=VRBO-META.HPA.WEB-ORGANIC.VR,vrbo.com,酒店详情候选,待公开入口探测,未出现在Google Maps所有选项平台关系,高,酒店主数据.官方网站（第三方补采）,来源为酒店主数据官方网站字段中的第三方平台链接；需核对酒店身份、入住日期和末级详情页,20260907-003922-csv-f52bd5d0,288008034e8fc327106bcf38a3ac4e18dc95dc2f44dd33846b94adf350838609
ChIJs0vVRSKZ4jAR2SUSijb5Obk,EXORESIDENCE - Heart of Chinatown,Vrbo,vrbo,https://www.vrbo.com/pdp/lo/99591927?MDPCID=VRBO-META.HPA.WEB-ORGANIC.VR,vrbo.com,酒店详情候选,待公开入口探测,未出现在Google Maps所有选项平台关系,高,酒店主数据.官方网站（第三方补采）,来源为酒店主数据官方网站字段中的第三方平台链接；需核对酒店身份、入住日期和末级详情页,20260907-003922-csv-f52bd5d0,a6365a3aad81f443d7611b07e6ffd5d0cbf16ec28960ee2cf13bf4f798db4dbd
ChIJU5HVwRGZ4jARfVTCdMEKOLY,Retropolitan,Airbnb,airbnb,https://abnb.me/eK2btWAIYnb,abnb.me,疑似酒店入口,待人工核验,未出现在Google Maps所有选项平台关系,中,酒店主数据.官方网站（第三方补采）,第三方链接不是明确的酒店详情路径，需人工确认是否能定位到该酒店,20260907-003922-csv-f52bd5d0,82c776da9f319a5222fde9ae039a4531ac99840df2fd9252abf74dd19460c9b6
ChIJY9rvg2aZ4jARJ2Rrci8kzS4,The Knight House Bangkok,Airbnb,airbnb,https://abnb.me/zFwAW7LsIqb,abnb.me,疑似酒店入口,待人工核验,未出现在Google Maps所有选项平台关系,中,酒店主数据.官方网站（第三方补采）,第三方链接不是明确的酒店详情路径，需人工确认是否能定位到该酒店,20260907-003922-csv-f52bd5d0,e36736372ffea1396b476c53311f38c46cfdaa9639aa1b9c081b97859e2fde65
ChIJf02O_KKZ4jARsa3c6p8kD5M,Nap Boriphat,Airbnb,airbnb,https://www.airbnb.com/hosting/listings/editor/1443945800163684056/view-your-space,airbnb.com,疑似酒店入口,待人工核验,未出现在Google Maps所有选项平台关系,中,酒店主数据.官方网站（第三方补采）,第三方链接不是明确的酒店详情路径，需人工确认是否能定位到该酒店,20260907-003922-csv-f52bd5d0,782f4d6374d24a0f73b6bf029af94a2575484ab85983ef734bb408f6a576b659
ChIJpVrpe-eY4jARx8OsG2N2ulg,Mama Garden,Airbnb,airbnb,https://abnb.me/EVmg/Z8KQnVWW5G,abnb.me,疑似酒店入口,待人工核验,未出现在Google Maps所有选项平台关系,中,酒店主数据.官方网站（第三方补采）,第三方链接不是明确的酒店详情路径，需人工确认是否能定位到该酒店,20260907-003922-csv-f52bd5d0,60f179f43333e67b68e97a8d756a21a811e0ef502e5eaacd18d350849b7879fa
ChIJxZWgcwiZ4jARL8Xk7YZ7RX4,Mushu Boutique Guesthouse,Airbnb,airbnb,https://www.airbnb.com/p/boutiquehotelcollection,airbnb.com,疑似酒店入口,待人工核验,未出现在Google Maps所有选项平台关系,中,酒店主数据.官方网站（第三方补采）,第三方链接不是明确的酒店详情路径，需人工确认是否能定位到该酒店,20260907-003922-csv-f52bd5d0,daac544fbe5a4cf0b7c68ff106e3da04ab551e5a1d663a5db6c524f0c958b780
ChIJ2T0w8T-Z4jARsJ2Dif1nIKg,Alameda Suites Hotel,HotelsBKK.com,hotelsbkk,https://www.hotelsbkk.com/alameda-suites-hotel/,hotelsbkk.com,疑似酒店入口,待人工核验,未出现在Google Maps所有选项平台关系,中,酒店主数据.官方网站（第三方补采）,第三方链接不是明确的酒店详情路径，需人工确认是否能定位到该酒店,20260907-003922-csv-f52bd5d0,12d8484c183f7ceda91d71be16343cca77a38fe6321d9366452ca1849d30260b
ChIJT8aRL6uZ4jAR-1mvVH1QjyM,Art Hotel Sanamchai,HotelsBKK.com,hotelsbkk,https://www.hotelsbkk.com/art-hotel-sanamchai/,hotelsbkk.com,疑似酒店入口,待人工核验,未出现在Google Maps所有选项平台关系,中,酒店主数据.官方网站（第三方补采）,第三方链接不是明确的酒店详情路径，需人工确认是否能定位到该酒店,20260907-003922-csv-f52bd5d0,e70c46386c784fd5ae725b21447473827a17f670d73c944835f39a66afa5560a
ChIJY00GPwCZ4jAR7Cbon4HDVNU,เบด สเปซ โฮสเทล,HotelsBKK.com,hotelsbkk,https://www.hotelsbkk.com/bed-space-hostel-khaosan/,hotelsbkk.com,疑似酒店入口,待人工核验,未出现在Google Maps所有选项平台关系,中,酒店主数据.官方网站（第三方补采）,第三方链接不是明确的酒店详情路径，需人工确认是否能定位到该酒店,20260907-003922-csv-f52bd5d0,e47b0391073d80abe9d30c92d7cd2e3ccb63f44f5e8278829fe389db289d25f0
ChIJgYDJWgCZ4jARWWARPXUu0tw,White House Hostel Khaosan,HotelsBKK.com,hotelsbkk,https://www.hotelsbkk.com/white-house-hostel-khaosan/,hotelsbkk.com,疑似酒店入口,待人工核验,未出现在Google Maps所有选项平台关系,中,酒店主数据.官方网站（第三方补采）,第三方链接不是明确的酒店详情路径，需人工确认是否能定位到该酒店,20260907-003922-csv-f52bd5d0,e12a31f8abf3221925d9e74379db7cd589705e3d1858995fd8873109947cf2a0
ChIJhzy6PvCZ4jARJeZGHDQ5vfA,Home & Hashery Boutique House,HotelsBKK.com,hotelsbkk,https://www.hotelsbkk.com/home-hashery-boutique-house/,hotelsbkk.com,疑似酒店入口,待人工核验,未出现在Google Maps所有选项平台关系,中,酒店主数据.官方网站（第三方补采）,第三方链接不是明确的酒店详情路径，需人工确认是否能定位到该酒店,20260907-003922-csv-f52bd5d0,c60c3e68862e04e6f9b03c5442c733ca4d65bbe9585e6a69cd72f11c5f935e1c
ChIJ6VyqiAyZ4jARgmRVnvDkw-o,Sleep สบาย อพาร์ตเม้นต์,RentHub,renthub,https://www.renthub.in.th/sleep-%E0%B8%AA%E0%B8%9A%E0%B8%B2%E0%B8%A2-%E0%B8%AD%E0%B8%9E%E0%B8%B2%E0%B8%A3%E0%B9%8C%E0%B8%97%E0%B9%80%E0%B8%A1%E0%B9%89%E0%B8%99%E0%B8%97%E0%B9%8C,renthub.in.th,疑似酒店入口,待人工核验,未出现在Google Maps所有选项平台关系,中,酒店主数据.官方网站（第三方补采）,第三方链接不是明确的酒店详情路径，需人工确认是否能定位到该酒店,20260907-003922-csv-f52bd5d0,46094411e929113d9b8d252fc641019820ec9ccb4dc6ce9c10174ed7e88541dd
ChIJe6-mkBqZ4jARyph3aHYSHjY,Family Room near Chinatown,Your.Rentals,your_rentals,https://app.your.rentals/p/154777?scid=GGLE&lang=en,app.your.rentals,疑似酒店入口,待人工核验,未出现在Google Maps所有选项平台关系,中,酒店主数据.官方网站（第三方补采）,第三方链接不是明确的酒店详情路径，需人工确认是否能定位到该酒店,20260907-003922-csv-f52bd5d0,59c3dca30784f5dc600b8fa5a0cf96675a0ed71da4f12030bf9725136a242f22
ChIJrXKkkBqZ4jARgVwdj1H1rYM,Large Room near Grand Palace,Your.Rentals,your_rentals,https://app.your.rentals/p/154776?scid=GGLE&lang=en,app.your.rentals,疑似酒店入口,待人工核验,未出现在Google Maps所有选项平台关系,中,酒店主数据.官方网站（第三方补采）,第三方链接不是明确的酒店详情路径，需人工确认是否能定位到该酒店,20260907-003922-csv-f52bd5d0,70841fecf06af1fd095e865ec562e35454a59be3a70c9748344f25ea4e2b964f
ChIJ4WqE_B5H0i0RZ0CrP0IrS-c,ZEN Rooms Tani Khao San,ZenRooms,zenrooms,https://www.zenrooms.com/?utm_source=local&utm_medium=organic&utm_campaign=gmb,zenrooms.com,疑似酒店入口,待人工核验,未出现在Google Maps所有选项平台关系,中,酒店主数据.官方网站（第三方补采）,第三方链接不是明确的酒店详情路径，需人工确认是否能定位到该酒店,20260907-003922-csv-f52bd5d0,868940c00bca96e595dc43d07e016a1e703f8c831ea2bc58663ceb5d21424ea8
ChIJ52NPsxiZ4jARAtbPifsa7kQ,The Haven Sabi,Agoda,agoda,https://www.agoda.com/,agoda.com,平台首页,待补具体酒店入口,未出现在Google Maps所有选项平台关系,低,酒店主数据.官方网站（第三方补采）,仅有平台首页，缺少酒店级路径或平台酒店 ID，不能直接进行房型采集,20260907-003922-csv-f52bd5d0,6ce9cb62ebe66f7a3ef9732372c2fa002a1e10a08cdb9000fdd0a32fcae1b936
ChIJ97DRWRaZ4jARdBIDt-kkKkc,Maruay Living Apartment (Khaosan) 409,Agoda,agoda,https://www.agoda.com/,agoda.com,平台首页,待补具体酒店入口,未出现在Google Maps所有选项平台关系,低,酒店主数据.官方网站（第三方补采）,仅有平台首页，缺少酒店级路径或平台酒店 ID，不能直接进行房型采集,20260907-003922-csv-f52bd5d0,2d45c1724cf7b198243d6ffaf26632a784c7bcfd1d7f500191b816c7b19842a3
ChIJFVzkWBeZ4jAR99N9T5oDOaU,รัชดา7 ซอย1,Agoda,agoda,https://www.agoda.com/,agoda.com,平台首页,待补具体酒店入口,未出现在Google Maps所有选项平台关系,低,酒店主数据.官方网站（第三方补采）,仅有平台首页，缺少酒店级路径或平台酒店 ID，不能直接进行房型采集,20260907-003922-csv-f52bd5d0,50957436e7be412b62be536785d4983955f3d875c3906094b1dbdfe4ac6a03df
ChIJH9m4xD2Z4jARP1adkp2RFM8,Victory place 3 (Golden Mount),Agoda,agoda,https://www.agoda.com/,agoda.com,平台首页,待补具体酒店入口,未出现在Google Maps所有选项平台关系,低,酒店主数据.官方网站（第三方补采）,仅有平台首页，缺少酒店级路径或平台酒店 ID，不能直接进行房型采集,20260907-003922-csv-f52bd5d0,a20561986cca4eb828682f1929b6573ade637be0ebd3ce900cc0852ef6adf34b
ChIJH9m4xD2Z4jARYkeu9xIK_a4,Victory Place 2 (Golden Mount) Private Accommodation,Agoda,agoda,https://www.agoda.com/,agoda.com,平台首页,待补具体酒店入口,未出现在Google Maps所有选项平台关系,低,酒店主数据.官方网站（第三方补采）,仅有平台首页，缺少酒店级路径或平台酒店 ID，不能直接进行房型采集,20260907-003922-csv-f52bd5d0,c4990c1bbdf5824783a3c071283f0fc925dfbb3d1398e8a672e3ff0c19deb483
ChIJPUP8_RCZ4jARK6Z6RnTVoWE,pleno house,Agoda,agoda,https://www.agoda.com/,agoda.com,平台首页,待补具体酒店入口,未出现在Google Maps所有选项平台关系,低,酒店主数据.官方网站（第三方补采）,仅有平台首页，缺少酒店级路径或平台酒店 ID，不能直接进行房型采集,20260907-003922-csv-f52bd5d0,354cd1458cd206ef17ef2925fb2e4e0d1b683849f6356e4d37f1125ac2e945ac
ChIJWbSKARCZ4jARCou1gYSAr4c,Ratchada family home,Agoda,agoda,https://www.agoda.com/,agoda.com,平台首页,待补具体酒店入口,未出现在Google Maps所有选项平台关系,低,酒店主数据.官方网站（第三方补采）,仅有平台首页，缺少酒店级路径或平台酒店 ID，不能直接进行房型采集,20260907-003922-csv-f52bd5d0,bc23e812e8ff737af225afca2d3ffd6b7520fa4e987966d4b5920f0e3a597420
ChIJcYe8xD2Z4jAR5smdv__D8pI,Victory place ที่พักส่วนตัวใจกลางกรุง golden mount,Agoda,agoda,https://www.agoda.com/,agoda.com,平台首页,待补具体酒店入口,未出现在Google Maps所有选项平台关系,低,酒店主数据.官方网站（第三方补采）,仅有平台首页，缺少酒店级路径或平台酒店 ID，不能直接进行房型采集,20260907-003922-csv-f52bd5d0,f5ba6978b02b23892eab0be36efc66e1f77c1886361621eae60c56e74da85954
ChIJgxY0tRiZ4jARjt9dp8SDcQ8,Cozy Stay Steps from Chinatown,Agoda,agoda,https://www.agoda.com/,agoda.com,平台首页,待补具体酒店入口,未出现在Google Maps所有选项平台关系,低,酒店主数据.官方网站（第三方补采）,仅有平台首页，缺少酒店级路径或平台酒店 ID，不能直接进行房型采集,20260907-003922-csv-f52bd5d0,c2a9c8ef67804b42e603816d62ddc25eb970950ebf71a479ec963f1ddea987d2
ChIJh_YruB6Z4jAREcz0QUJpd94,Sip N' Camp,Agoda,agoda,https://www.agoda.com/,agoda.com,平台首页,待补具体酒店入口,未出现在Google Maps所有选项平台关系,低,酒店主数据.官方网站（第三方补采）,仅有平台首页，缺少酒店级路径或平台酒店 ID，不能直接进行房型采集,20260907-003922-csv-f52bd5d0,d973fbf2c5bdfdbe2ebc44fed83c70bab4034248eeeefdc40e235012cd2f1e51
ChIJi6sQ_xCZ4jAR4q26NeJGrp4,3BR Townhouse near BKK Airport • Family stay,Agoda,agoda,https://www.agoda.com/,agoda.com,平台首页,待补具体酒店入口,未出现在Google Maps所有选项平台关系,低,酒店主数据.官方网站（第三方补采）,仅有平台首页，缺少酒店级路径或平台酒店 ID，不能直接进行房型采集,20260907-003922-csv-f52bd5d0,cc4ab5dcd4d6672d9186c2f2afdc06bcf6d48862c3c545b1a9293dd7b1b6298e
ChIJi6sQ_xCZ4jARHghCTrAJOD0,BaanTip HomeStay,Agoda,agoda,https://www.agoda.com/,agoda.com,平台首页,待补具体酒店入口,未出现在Google Maps所有选项平台关系,低,酒店主数据.官方网站（第三方补采）,仅有平台首页，缺少酒店级路径或平台酒店 ID，不能直接进行房型采集,20260907-003922-csv-f52bd5d0,e794ded4cb8f43dabcf896c4c4287c0092873a20322a555d93beeb1f508d7b05
ChIJi6sQ_xCZ4jARbmJiobv2PZc,The Most Modern Villa in the Heart of Bangkok,Agoda,agoda,https://www.agoda.com/,agoda.com,平台首页,待补具体酒店入口,未出现在Google Maps所有选项平台关系,低,酒店主数据.官方网站（第三方补采）,仅有平台首页，缺少酒店级路径或平台酒店 ID，不能直接进行房型采集,20260907-003922-csv-f52bd5d0,9b940b9672424871f4aae15b3715ad24ed457e948e76f9b64c5e0f5689fca7ee
ChIJi6sQ_xCZ4jARrSKgMHVxA3U,Happyhome,Agoda,agoda,https://www.agoda.com/,agoda.com,平台首页,待补具体酒店入口,未出现在Google Maps所有选项平台关系,低,酒店主数据.官方网站（第三方补采）,仅有平台首页，缺少酒店级路径或平台酒店 ID，不能直接进行房型采集,20260907-003922-csv-f52bd5d0,77caebcc2225fa73602cc90f3302173f26b6c6dbf3b3660ed47f30a52096c6fd
ChIJi6sQ_xCZ4jARwD3jzdJ5iT8,Exotic property,Agoda,agoda,https://www.agoda.com/,agoda.com,平台首页,待补具体酒店入口,未出现在Google Maps所有选项平台关系,低,酒店主数据.官方网站（第三方补采）,仅有平台首页，缺少酒店级路径或平台酒店 ID，不能直接进行房型采集,20260907-003922-csv-f52bd5d0,20e254e2de90b33b5e0a68f1ff6cff6e529f074a0973636c6c51b7dfb43fb140
ChIJk1SxWRaZ4jARr0oB4T1E030,Maruay Living Apartment (Khaosan) 506,Agoda,agoda,https://www.agoda.com/,agoda.com,平台首页,待补具体酒店入口,未出现在Google Maps所有选项平台关系,低,酒店主数据.官方网站（第三方补采）,仅有平台首页，缺少酒店级路径或平台酒店 ID，不能直接进行房型采集,20260907-003922-csv-f52bd5d0,b32529b22240773ee3444b8cd8c2f1ccf9974b8a44ffd2ca7d3b5af7d2f62551
ChIJk1SxWRaZ4jARz8wXjojSQyw,Maruay Living Apartment (Khaosan) 509,Agoda,agoda,https://www.agoda.com/,agoda.com,平台首页,待补具体酒店入口,未出现在Google Maps所有选项平台关系,低,酒店主数据.官方网站（第三方补采）,仅有平台首页，缺少酒店级路径或平台酒店 ID，不能直接进行房型采集,20260907-003922-csv-f52bd5d0,51b7ac50995acd82acf56d7de2d8bde50e30299f6054cf381cb672ba55208bf6
ChIJk226Sh-Z4jAR-6cj4WQJ7BI,Private Room Step from Chinatown,Agoda,agoda,https://www.agoda.com/,agoda.com,平台首页,待补具体酒店入口,未出现在Google Maps所有选项平台关系,低,酒店主数据.官方网站（第三方补采）,仅有平台首页，缺少酒店级路径或平台酒店 ID，不能直接进行房型采集,20260907-003922-csv-f52bd5d0,702384f0f885f211a977767c63bd3c37bcf140d5ac436815edb2ccc8218b1489
ChIJo3drWBaZ4jARQReVqtOcY1M,Maruay Living Apartment (Khaosan) 501,Agoda,agoda,https://www.agoda.com/,agoda.com,平台首页,待补具体酒店入口,未出现在Google Maps所有选项平台关系,低,酒店主数据.官方网站（第三方补采）,仅有平台首页，缺少酒店级路径或平台酒店 ID，不能直接进行房型采集,20260907-003922-csv-f52bd5d0,83c7768fb7efb61e54e935520d26e2bb273a2344955b50d07a3efd817fcd85d7
ChIJr53S0GqZ4jARbs6PLyI3fHA,Family Room in Old Town Bangkok,Agoda,agoda,https://www.agoda.com/,agoda.com,平台首页,待补具体酒店入口,未出现在Google Maps所有选项平台关系,低,酒店主数据.官方网站（第三方补采）,仅有平台首页，缺少酒店级路径或平台酒店 ID，不能直接进行房型采集,20260907-003922-csv-f52bd5d0,460ff364d0e191391aa78492083dcdd82951b29b8395da66147eb47d9dd884c3
ChIJr90uzj2Z4jAR9MizLgG5mME,Siam Place – In the Heart of Bangkok,Agoda,agoda,https://www.agoda.com/,agoda.com,平台首页,待补具体酒店入口,未出现在Google Maps所有选项平台关系,低,酒店主数据.官方网站（第三方补采）,仅有平台首页，缺少酒店级路径或平台酒店 ID，不能直接进行房型采集,20260907-003922-csv-f52bd5d0,842e3eddd8cfa90cb95aa972f6a16a28e4eb286b104c035d009f14d4193a6626
ChIJs5NbPh-Z4jARE01tbfoaOxQ,Chinese House: Sunset Muse Chinatown,Agoda,agoda,https://www.agoda.com/,agoda.com,平台首页,待补具体酒店入口,未出现在Google Maps所有选项平台关系,低,酒店主数据.官方网站（第三方补采）,仅有平台首页，缺少酒店级路径或平台酒店 ID，不能直接进行房型采集,20260907-003922-csv-f52bd5d0,c6962a5fe1e996497a5174702c7b8bdc0badce48b583a94f7cbff57fd910b55c
ChIJs5NbPh-Z4jARyRA45pKwbcU,Chinese House: Midnight Muse Chinatown,Agoda,agoda,https://www.agoda.com/,agoda.com,平台首页,待补具体酒店入口,未出现在Google Maps所有选项平台关系,低,酒店主数据.官方网站（第三方补采）,仅有平台首页，缺少酒店级路径或平台酒店 ID，不能直接进行房型采集,20260907-003922-csv-f52bd5d0,ba4f335cea2ce1ccac3c0bb0d04eb171a1c888b32485f6a14fd9937689020304
ChIJyWwzThaZ4jARHYqER8OEZX0,Bangkok5- Kunst Start mrt 180m Hua Lamphong,Agoda,agoda,https://www.agoda.com/,agoda.com,平台首页,待补具体酒店入口,未出现在Google Maps所有选项平台关系,低,酒店主数据.官方网站（第三方补采）,仅有平台首页，缺少酒店级路径或平台酒店 ID，不能直接进行房型采集,20260907-003922-csv-f52bd5d0,bdc47cba1ea715575c0f7dd89340e7470f977fdddb4280638ef1b9100939bf3a
ChIJyWwzThaZ4jART8rk7xiHfkA,Kunst Sta Hua Lamphong หัวลำโพง-4,Agoda,agoda,https://www.agoda.com/,agoda.com,平台首页,待补具体酒店入口,未出现在Google Maps所有选项平台关系,低,酒店主数据.官方网站（第三方补采）,仅有平台首页，缺少酒店级路径或平台酒店 ID，不能直接进行房型采集,20260907-003922-csv-f52bd5d0,4b0a7998ba87d33cb9c5ebf102602d0f691bef01e0d28ef5cff5d1802a5f3ea0
ChIJyWwzThaZ4jARZj8oMfFXJXs,Bangkok - Kunst Sta Hua Lamphong หัวลำโพง五房五卫六床,Agoda,agoda,https://www.agoda.com/,agoda.com,平台首页,待补具体酒店入口,未出现在Google Maps所有选项平台关系,低,酒店主数据.官方网站（第三方补采）,仅有平台首页，缺少酒店级路径或平台酒店 ID，不能直接进行房型采集,20260907-003922-csv-f52bd5d0,096c890d05e6584e60e7b19dd3469c9999d86b3efe8200bec979d57b5e768b63
ChIJyWwzThaZ4jARoivTPy1xxB0,Kunst Sta Hua Lamphong หัวลำโพง-2,Agoda,agoda,https://www.agoda.com/,agoda.com,平台首页,待补具体酒店入口,未出现在Google Maps所有选项平台关系,低,酒店主数据.官方网站（第三方补采）,仅有平台首页，缺少酒店级路径或平台酒店 ID，不能直接进行房型采集,20260907-003922-csv-f52bd5d0,096738eb2b539c22b98f977a5d7222d1828d23a3b7d8924a9bb3b7b0f45d7f92
ChIJ3VTNNBOZ4jAR71GRsf09tJc,The Little Room @ Khaosan,Booking.com,booking,http://booking.com/,booking.com,平台首页,待补具体酒店入口,未出现在Google Maps所有选项平台关系,低,酒店主数据.官方网站（第三方补采）,仅有平台首页，缺少酒店级路径或平台酒店 ID，不能直接进行房型采集,20260907-003922-csv-f52bd5d0,73a6df7fc672c6220d67e2ed455d0ea640700139f8fa17bf41e6cfb75b8e49dc
ChIJS65Ikn2f4jARWY0hKytfgXY,SURUT SURUT,Airbnb,airbnb,https://www.airbnb.com/users/show/5699188,airbnb.com,非酒店详情链接,非酒店详情链接,未出现在Google Maps所有选项平台关系,低,酒店主数据.官方网站（第三方补采）,链接看起来是房东、用户或其他非酒店详情页面，不能直接作为房型入口,20260907-003922-csv-f52bd5d0,e3d75eab4574037898f6028a4b6a568b291569f5f1ef78497a7d34e32cd035ea
ChIJUWEvDKmf4jARPmQySWKAezk,THE NORMMAN,Airbnb,airbnb,https://www.airbnb.com/users/show/5699188,airbnb.com,非酒店详情链接,非酒店详情链接,未出现在Google Maps所有选项平台关系,低,酒店主数据.官方网站（第三方补采）,链接看起来是房东、用户或其他非酒店详情页面，不能直接作为房型入口,20260907-003922-csv-f52bd5d0,1e291cb5c2f04b8beb5b150ba2e499c27245fdf33d4931dc18023cbb25ee2dbc
ChIJm-aaDo-f4jAReshGqU7LroQ,Kolit Apartment,Airbnb,airbnb,https://www.airbnb.com/users/show/5699188,airbnb.com,非酒店详情链接,非酒店详情链接,未出现在Google Maps所有选项平台关系,低,酒店主数据.官方网站（第三方补采）,链接看起来是房东、用户或其他非酒店详情页面，不能直接作为房型入口,20260907-003922-csv-f52bd5d0,fdae5f6d7d6877427034a0989572747f003609c2dc5a79c68b82727edbb3363a
