parentPoiId,merchantCount,sampleMerchants,reason
B0FFHI0V80,13,豆孃豆米火锅(花果园M区店)；森咖啡(兰花广场店)；张亮麻辣烫(贵阳花果园彭家湾店)；火凤凰小豆腐·坨坨肉(花果园M区店)；螺旋桨螺蛳粉(贵阳花果园M区店),高德 ID 查询未返回该父 POI；不从地址猜名称
B0FFINGH9D,13,秋霞素粉(花果园财富广场店)；三穗麻鸭(财富广场店)；瑞幸咖啡(花果园财富广场6号楼店)；书亦烧仙草(贵阳南明区花果园R1区店)；茶视界茶馆,高德 ID 查询未返回该父 POI；不从地址猜名称
B0FFH33KTQ,11,肖记飘香辣子鸡(花果园财富广场店)；桂源清真全牛火锅(S区总店)；黔西食在牛肉粉(花果园店)；芳园百里铁板烧；李炭炭自助烧烤,高德 ID 查询未返回该父 POI；不从地址猜名称
B0FFHI0VSR,10,几禾酒楼(兰花广场店)；正新鸡排(贵阳花果园)；武松醉鹅(花果园店)；好快螺正宗螺蛳粉(花果园店)；苏普曼咖啡(花果园M区店),高德 ID 查询未返回该父 POI；不从地址猜名称
B0GR56ZCZQ,10,好利来(世纪金源二店)；煮意潮牛鲜牛肉火锅(世纪金源店)；新大新豆米火锅1993(世纪金源店)；小瑞厨房·番茄鸡火锅(世纪金源店)；小食迹酸汤丝娃娃(世纪金源店),高德 ID 查询未返回该父 POI；不从地址猜名称
B0FFHI1F25,9,新疆和田玉烧烤；遵老四江湖洋芋(花果园M区店)；唛堡派·炸鸡汉堡(花果园店)；东北私房菜(花果园M区店)；四桌老火锅,高德 ID 查询未返回该父 POI；不从地址猜名称
B0FFH24805,8,侗木岭老凯里酸汤砂锅粉(花果园店)；水城有家羊肉粉(总店)；蜜雪冰城(花果园一期店)；武松炒饭(花果园店)；青云路留一手烤鱼,高德 ID 查询未返回该父 POI；不从地址猜名称
B0FFH2CWN9,8,山东大饼(花果园一期店)；袁记砂锅粉(花果园店)；渝达达老火锅(花果园店)；busan韩式炸鸡火鸡面(花果园一期店)；南明刘记花溪牛肉粉,高德 ID 查询未返回该父 POI；不从地址猜名称
B0FFH8JOZD,8,老贵阳正宗黔味家常菜(花果园店)；他先生豆米豆豉酸辣烫(T区店)；S-pizza披萨速递(花果园T区店)；桥头年猪饭；烧先生血旺鸡,高德 ID 查询未返回该父 POI；不从地址猜名称
B0FFIP4HD3,8,西江凯里鹅肉粉(财富广场店)；兴仁家家铜锅牛肉(花果园财富广场店)；香遇乐厨(花果园店)；老麻抄手重庆小面(花果园店)；黔厨子私房菜(财富广场店),高德 ID 查询未返回该父 POI；不从地址猜名称
B0FFIXXJL4,8,正宗织金烙锅(花果园半山小镇X区店)；茶百道(花果园X区店)；小彭烤肉；华莱士·全鸡汉堡(半山小镇店)；咱家铁锅炖(花果园半山小镇店),高德 ID 查询未返回该父 POI；不从地址猜名称
B0FFH21YAN,7,惠诚滋知(花果园2店)；浏福记北京烤鸭(花果园一期店)；贵厨酸汤牛肉(花果园一期店)；逍遥水涟洞重庆火锅；匠人渝面(花果园店),高德 ID 查询未返回该父 POI；不从地址猜名称
B0FFH2I63H,7,舌跳跳(花果园Q区店)；回头客坨坨肉(花果园店)；夜逍遥自助烧烤(花果园Q区店)；夜猫子烧烤·烤肉·炒饭(花果园店)；潘记参鱼片椒麻鱼(花果园Q区店),高德 ID 查询未返回该父 POI；不从地址猜名称
B0FFHI0V81,7,鱼虾争霸司马烤鱼(花果园M区店)；椰林烤鱼(花果园店)；刘老四(花果园M区店)；川心美蛙鱼头火锅(花果园M区店)；丑妹哥正宗猪脚火锅(花果园M区店),高德 ID 查询未返回该父 POI；不从地址猜名称
B0FFHLO5AK,7,菌满园野生菌肉饼鸡(花果园店)；黔园断桥青椒鱼青椒美蛙鱼(花果园一期店)；贵之圆燃馄饨冷水汤圆(花果园一期店)；曹氏热卤冒菜(花果园店)；鲜啤福鹿家(花果园店),高德 ID 查询未返回该父 POI；不从地址猜名称
B0LUZCUKH7,7,聚鲜阁蒸汽海鲜(花果园M区店)；宋文成烤肉(M区店)；正宗云南过桥米线；猛火小灶(花果园M区店)；凉皮先生·米线·肉夹馍·酸辣粉(花果园店),高德 ID 查询未返回该父 POI；不从地址猜名称
B0FFHJI7CU,6,CHAGEE霸王茶姬(花果园V区店)；欧洲田园蛋糕(花果园v区店)；蜜雪冰城(花果园V区北京八中店)；黔五福贵州特产(花果园四分店)；瑞幸咖啡(花果园V区店),高德 ID 查询未返回该父 POI；不从地址猜名称
B0FFHO7Z11,6,红天下酒楼(金融街店)；陈氏隆江猪脚饭(花果园店)；他先生豆米豆豉酸辣烫(金融街店)；云上红牌铁板烧(花果园一期店)；熏·木野美式果木熏烤(金融街店),高德 ID 查询未返回该父 POI；不从地址猜名称
B0FFHOR4W7,6,惠诚滋知(花果园半山小镇店)；鱼虾争霸(贵阳花果园店)；蜜雪冰城(半山小镇X区店)；瑞幸咖啡(贵阳半山小镇店)；沪上阿姨·精选茶饮(贵阳花果园半山小镇店),高德 ID 查询未返回该父 POI；不从地址猜名称
B0FFI2LQ41,6,牛滋味苗乡酸汤牛肉(花果园一期店)；安顺牛肉牛杂粉(花果园一期店)；小哥福鼎肉片(花果园一期店)；烙锅8花果园店；14栋2-13门面栋留一手特色烤鱼,高德 ID 查询未返回该父 POI；不从地址猜名称
B0HUAU7P7Q,6,饭点私房菜(绿地新都会店)；珍味鲜野生菌火锅(白云绿地店)；大方六龙豆干火锅；贵阳白云北高铁站亚朵酒店·自助餐厅；冒大仙,高德 ID 查询未返回该父 POI；不从地址猜名称
B0IGC7EDVZ,6,喜滋味酸汤牛肉；吴记鲜烤小黄鱼(万科大都会店)；重庆江湖菜；广仔干蒸餐饮店；大龙活油烙锅,高德 ID 查询未返回该父 POI；不从地址猜名称
B0FFGAC52C,5,黔门食府(绿地·联盛国际店)；高山辣鸡粉(绿地·联盛国际店)；螺鼎记螺蛳粉(绿地联盛店)；御膳粥记；正宗盘县普田铜锅牛肉(观山湖店),高德 ID 查询未返回该父 POI；不从地址猜名称
B0FFGAGYND,5,书亦烧仙草(贵阳观山湖区绿地联盛店)；贵阳老素粉(绿地·联盛国际店)；大方·六龙豆干火锅(观山湖区店)；猪骨吏汤粉(绿地·联盛国际店)；任小记砂锅饭砂锅粉(绿地·联盛国际店),高德 ID 查询未返回该父 POI；不从地址猜名称
B0FFHI0U7P,5,灌木咖啡(兰花广场店)；大斌家串串火锅(兰花广场店)；大盛地摊火锅(兰花广场店)；品味金牌烙锅(第十二分店)；一绝干香板筋王(花果园店),高德 ID 查询未返回该父 POI；不从地址猜名称
B0FFHI0XBB,5,苏格里岛自助烧烤火锅(花果园店)；德克士(兰花广场店)；私淑蚝鲜生•鸡汤生蚝烙锅(花果园店)；府上人间美味天麻猪肚鸡(花果园店)；老煌灶特色鲜鱼杂火锅,高德 ID 查询未返回该父 POI；不从地址猜名称
B0FFHI1ETI,5,星火土灶柴火鸡肥肠鸡(花果园M区店)；徐记满香园；黄凳儿豌杂面；陈记惠水干锅马肉；余家山辣子鸡,高德 ID 查询未返回该父 POI；不从地址猜名称
B0FFHI1F24,5,余庆乡村剔骨鸭(M区店)；柴老弟素粉馆(花果园M区店)；柳州肥姨妈大骨螺蛳粉(花果园M区店)；二妹豆豆牛肉火锅(花果园M区店)；果千言自定义千层(花果园店),高德 ID 查询未返回该父 POI；不从地址猜名称
B0FFHNS01T,5,蜜雪冰城(山水黔城店)；刘二妈米皮(山水黔城店)；享哆味汉堡炸鸡(花溪山水黔城店)；三友牛肉粉；NOWWA挪瓦咖啡(24客贵阳南明小河山水黔城店),高德 ID 查询未返回该父 POI；不从地址猜名称
B0FFHOSQ4P,5,蒸品源(延安南路店)；库迪咖啡(花果园S区店)；四合院家香奶皮子手工酸奶(花果园S区店)；桥头年猪饭；铜锅涮羊肉,高德 ID 查询未返回该父 POI；不从地址猜名称
B0FFIDHWFN,5,隆江猪脚饭(花果园V区店)；蒋群蒋家肠旺面(花果园V区店)；万福楼茶餐厅；食本香地摊火锅(亚太店)；高山辣鸡粉V区店,高德 ID 查询未返回该父 POI；不从地址猜名称
B0FFIRS6O9,5,壹贰料理(逸天城店)；CHAGEE霸王茶姬(贵州贵阳逸天城店)；酸奶罐罐(贵阳南明逸天城店)；锣圆圆铜锣烧(国贸逸天城购物中心店)；焱石石烧牛排馆(国贸逸天城购物中心店),高德 ID 查询未返回该父 POI；不从地址猜名称
B0FFIVE1OO,5,礼和记小吃(麒龙金翠湾店)；碧海天府棒棒鸡(碧海南路店)；向伍老灶特色烤鸡(碧海花园店)；百年沿山冰棍铺(麒龙金翠湾店)；观山湖区碧海刘老四烤鸡,高德 ID 查询未返回该父 POI；不从地址猜名称
B0FFIZM7R1,5,司马烤鱼(花果园V区店)；他先生豆米豆豉酸辣烫火锅(V区店)；陈氏烤鸡(花果园店)；村上谢大勺柴火鸡(花果园V区店)；蜀渝拌·重庆凉拌菜(花果园店),高德 ID 查询未返回该父 POI；不从地址猜名称
B0H3JU3CZB,5,隐舍24h自助茶室·棋牌(富力新天地店)；苗家砂锅酸辣烫(富力新天地店)；王记豆米火锅野菜馆(富力新天地店)；海里家里鲜切三文鱼；乡里乡亲土菜馆(富力新天地店),高德 ID 查询未返回该父 POI；不从地址猜名称
B0IAMK5RR5,5,习水豆腐皮火锅(银河世纪店)；绝味鸭脖(银河世纪店)；重庆通远门老火锅(清镇店)；罗杨记水城羊肉粉；百世盛宴,高德 ID 查询未返回该父 POI；不从地址猜名称
B0JB161N34,5,蔡菜·一锅香(富力新天地店)；陕西老碗面(富力新天地店)；香榭大道艺术咖啡餐厅(富力新天地店)；文西宴会；西西花廊·花园餐厅·私宴(富力新天地店),高德 ID 查询未返回该父 POI；不从地址猜名称
B0KGSCKL4V,5,遵义虾子羊肉粉(砂之船路店)(暂停营业)；金陵灌汤小笼包(中南·林樾店)；快餐1号；遵义豆花面(中南林樾店)；辣婆俚·南昌拌粉瓦罐汤(龙洞堡店),高德 ID 查询未返回该父 POI；不从地址猜名称
B0LUGCMY42,5,蒋家肠旺面(花果园店)；烤哩啊馆韩国料理(花果园店)；茶百道(贵阳花果园兰花广场店)；广东潮州砂锅粥(花果园店)；爷爷不泡茶NOYEYENOTEA(贵阳花果园兰花广场店),高德 ID 查询未返回该父 POI；不从地址猜名称
B0FFFE35HV,4,疆粉儿·新疆炒米粉(百花新城店)；雅玲铁板烧(百花新城店)；云姐安顺夺夺粉火锅店(清镇二店)；蜜雪冰城(百花新城店),高德 ID 查询未返回该父 POI；不从地址猜名称
B0FFFGM4B1,4,刘姨妈米皮(大南门店)；忆味贵阳老奶牛肉粉；多彩洋芋国美食城；董家洋芋片(正新街店),高德 ID 查询未返回该父 POI；不从地址猜名称
B0FFGAET92,4,鞑靼碳烤羊腿(花果园金融街店)；冯大师鸭爪爪特色火锅(花果园店)；魏家青鱼塘螺蛳(花果园店)；嘴巴馋野佐料酸汤牛肉火锅花果园白宫店•鲜切小黄牛•贵阳特色,高德 ID 查询未返回该父 POI；不从地址猜名称
B0FFGD3OQ7,4,留一手特色烤鱼(广州路店)；胖子烤肉(中铁·逸都国际B区店)；佳禹餐饮·老城豆花面(中铁逸都店)；瑞幸咖啡(中铁逸都店),高德 ID 查询未返回该父 POI；不从地址猜名称
B0FFGTOCI3,4,星火土灶柴火鸡(金融街店)；菌伞伞野生菌火锅(金融街店)；盘县铜锅牛肉(花果园E区店)；和必德大食堂,高德 ID 查询未返回该父 POI；不从地址猜名称
B0FFH25C8I,4,汇惠选老凯里酸汤鱼留一手烤鱼；遵义千江味洪桥烤鸡；牛华八婆麻辣烫(贵阳首店)；渝师兄重庆老火锅(花果园财富广场店),高德 ID 查询未返回该父 POI；不从地址猜名称
B0FFHDRZUQ,4,刘老四烤鸭(贵阳花果园店)；华莱士·全鸡汉堡(小车河路店)；苗乡一绝瓦罐豆花烤鱼(贵阳总店)；坝坝活油烙锅(花果园T1区),高德 ID 查询未返回该父 POI；不从地址猜名称
B0FFHHLWE4,4,徐记特色豆米火锅(花果园V区店)；丽娟家常菜(花果园V区店)；遵义原汤蹄花；陈三妹地摊火锅,高德 ID 查询未返回该父 POI；不从地址猜名称
B0FFHI0V7Y,4,他先生豆米豆豉酸辣烫火锅(M区店)；正宗福建千里香馄饨王；杨勇方香辣掌翅(花果园分店)；苗老九酸汤砂锅粉(花果园店),高德 ID 查询未返回该父 POI；不从地址猜名称
B0FFHI2N01,4,羊城西饼(花果园兰花广场店)；惠诚滋知(花果园五店)；喜茶(贵阳花果园兰花广场店)；luckin coffee 瑞幸咖啡(贵阳街立交店),高德 ID 查询未返回该父 POI；不从地址猜名称
B0FFHLLBUW,4,黔味飘香黄焖鸡米饭(白云店)；干锅仔姜鸭(朝晖路店)；雪芬野生菌火锅店；冒菜西施(白云店),高德 ID 查询未返回该父 POI；不从地址猜名称
B0FFIP2N0M,4,六盘水羊肉粉(绿地新都会店)；福建千里香馄饨(绿地新都会分店)；湘黔旺角美食；孔师土砂锅烙烤,高德 ID 查询未返回该父 POI；不从地址猜名称
B0FFJELALY,4,鱼你在一起(贵阳花果园店)；花果园田孃素粉T区店；有家小豆腐(花果园T1区店)；黔小锅地摊火锅(花果园店),高德 ID 查询未返回该父 POI；不从地址猜名称
B0FFL8FK44,4,金顶老夏妈家清水烫(金龙国际分店)；心做美食(金龙国际花园店)；杨永权毛肚火锅(金龙国际花园店)；唏嘛香牛肉面,高德 ID 查询未返回该父 POI；不从地址猜名称
B0I0OK1CJN,4,荣膳荷水城羊肉粉(腾龙湾店)；他先生豆米豆豉酸辣烫(滕龙湾店)；七叔家小肥猪地摊火锅腾龙湾店；金顶山小梅孃清水烫(腾龙湾店),高德 ID 查询未返回该父 POI；不从地址猜名称
B0I0OKY7YV,4,666碳烤肥牛烤肉店(万科大都会南区店)；柴老弟素粉馆(小河万科店)；幺妹活油烙锅(万科大都会南区店)；闵眼镜活油烙锅(小河万科店),高德 ID 查询未返回该父 POI；不从地址猜名称
B0IAMK8B7F,4,火上功夫烧烤(恒大宾河左岸店)；重庆巷子老火锅；好一口馋嘴剪粉(恒大滨河左岸店)；何记美蛙鱼(恒大宾河左岸店),高德 ID 查询未返回该父 POI；不从地址猜名称
B0IGC7GROQ,4,遵义青菜牛肉；兰州牛肉拉面(富力新天地店)；榕超牛瘪餐饮富力中心店；桥头杀猪饭,高德 ID 查询未返回该父 POI；不从地址猜名称
B0IRRNBBJJ,4,黔五福贵州特产(长江路二分店)；刘老四烤鸡(华榕商厦店)；陈氏烤鸡(华榕商厦店)；黔厨自助快餐,高德 ID 查询未返回该父 POI；不从地址猜名称
B0IU3KD5WS,4,贵阳特色豆米火锅野菜馆开阳总店；龙大哥辣子鸡(开阳金湖店)；新疆艾比白羊羔烤肉店；山岔鱼庄(金湖中心分店),高德 ID 查询未返回该父 POI；不从地址猜名称
B0JANSKYXO,4,遵义羊肉粉；余庆乡村剔骨鸭(观清路店)；猩猩烤排(云潭南路店)；栖湖小厨·酸汤鱼·酸汤牛肉(观山湖店),高德 ID 查询未返回该父 POI；不从地址猜名称
B0JB1668TX,4,华莱士·全鸡汉堡(孟关花溪首府店)；沙县小吃(花溪碧桂园店)；甑香卤鹅(碧桂园店)；营盘路老地方纯牛肉粉,高德 ID 查询未返回该父 POI；不从地址猜名称
B0JGVS6QQ4,4,十里香地摊火锅；山城重庆小面馆(半岛国际店)；吴记烧椒牛肉火锅；修文县锐釜餐饮店,高德 ID 查询未返回该父 POI；不从地址猜名称
B0KG5S9NQ5,4,遵义豆花面；念香巨霸带皮牛肉粉(总店)；豪锦花溪牛肉粉；丹姐的手作食光,高德 ID 查询未返回该父 POI；不从地址猜名称
B0KGPKT99O,4,857烙锅(恒大中央广场店)；蜜雪冰城(印象贵州店)；华莱士·全鸡汉堡(恒大中央广场店)；观山湖区徐老贰肠旺面店(观山湖店),高德 ID 查询未返回该父 POI；不从地址猜名称
B0L17O97M1,4,刘老四烤鸡(狮峰路店)；蒋记惠水苗家干锅马肉(狮峰路店)；特色干香脆肚(狮峰路店)；阿昆烤肉大排档,高德 ID 查询未返回该父 POI；不从地址猜名称
B0L6UHHNNJ,4,江记炖鸡饭；土黄牛肉粉(颐华府店)；张记炖鸡饭(颐华府店)；鱼渔乡,高德 ID 查询未返回该父 POI；不从地址猜名称
B03530OLAB,3,黔西谢素粉(白云二中店)；老吉家乡特色干锅(白云店)；源滚滚青菜牛肉火锅,高德 ID 查询未返回该父 POI；不从地址猜名称
B0FFFGM3V5,3,酸海椒.贵州小炒(大十字店)；诗纯自助烤肉；贵阳第一家合江豆花火锅,高德 ID 查询未返回该父 POI；不从地址猜名称
B0FFG0LQZ0,3,合菜馆·豆腐皮火锅(新添店)；老锅习水特色豆腐皮火锅(蓝波湾·新天卫城卫央街区店)；塔斯汀中国汉堡(贵阳市乌当正德家邦店),高德 ID 查询未返回该父 POI；不从地址猜名称
B0FFGA10QZ,3,留一手烤鱼(花果园店)；花烙园中织金烙锅；一家亲新疆大串羊肉串,高德 ID 查询未返回该父 POI；不从地址猜名称
B0FFGADOUL,3,正秋干锅脆肚(花果园C区店)；老字号何姨妈风味豆豉火锅花果园店(白宫旁)；胖小厨(花果园C区店),高德 ID 查询未返回该父 POI；不从地址猜名称
B0FFGAGX81,3,周记热汤丝娃娃·老贵阳小吃(绿地联盛店)；小椒情小龙虾；刘荣欢叉烧,高德 ID 查询未返回该父 POI；不从地址猜名称
B0FFGJAJSL,3,王妈妈辣鸡粉(花果园C区店)；喜三德甜品(花果园店)；鱼鱼鱼-三文鱼-横县鱼生,高德 ID 查询未返回该父 POI；不从地址猜名称
B0FFGJUXAT,3,绝味鸭脖(白云恒大店)；渔水情参鱼片(恒大城店)；旭兴豆花小院(恒大城店),高德 ID 查询未返回该父 POI；不从地址猜名称
B0FFGTPDU3,3,隆江秘制猪脚饭(绿地·联盛国际店)；老毕节燃饺皮；外婆炖鸡饭(金阳店),高德 ID 查询未返回该父 POI；不从地址猜名称
B0FFH2GZOC,3,钱记小厨(大唐店)；雀三喜(贵州自然零食·阿云朵仓店)；藏海茶坊,高德 ID 查询未返回该父 POI；不从地址猜名称
B0FFH2KPUH,3,贵州龙(金顶山店)；济明螺蛳(花果园A区南区店)；朱记竹签烤肉店(花果园A区南区店),高德 ID 查询未返回该父 POI；不从地址猜名称
B0FFHCYFZ1,3,拌粉西施·南昌拌粉·瓦罐汤(花果园财富广场店)；城市人家原汤豆米火锅(财富广场二号楼店)；黔城湘社区厨房(第五分店),高德 ID 查询未返回该父 POI；不从地址猜名称
B0FFHLKB8A,3,库迪咖啡(贵阳富力中心A2栋店)；刘二妈米皮(富力中心店)；农家粉(富力中心店),高德 ID 查询未返回该父 POI；不从地址猜名称
B0FFHLP0HY,3,瑞幸咖啡(腾祥迈德国际A3店)；观山印象；老贵阳肠旺面湖南面(诚信路店),高德 ID 查询未返回该父 POI；不从地址猜名称
B0FFHM0EGL,3,水城牛羊肉杂粉(小易牛羊肉杂粉)；地摊烧椒牛肉；瑞幸咖啡(白云区同心西路店),高德 ID 查询未返回该父 POI；不从地址猜名称
B0FFHM2DQR,3,贵阳特色豆米火锅野菜馆(修文店)；炭圆素烧烤(利尔·上河城店)；仙嬢嬢羊汤锅(修文店),高德 ID 查询未返回该父 POI；不从地址猜名称
B0FFHM79WR,3,满姨妈酸汤(中天渔安新城B组团店)；牛滋味凯里酸汤牛肉(渔安新城店)；俩小孩盘州铜锅牛肉(渔安新城店),高德 ID 查询未返回该父 POI；不从地址猜名称
B0FFHNHWPR,3,张记木桶鱼(开磷盛世新城店)；云南天麻火腿鸡店；辣龙门成都清油火锅(开阳店),高德 ID 查询未返回该父 POI；不从地址猜名称
B0FFHOH1PJ,3,吴家肠旺面鸡丝豆花面(二桥店)；滋滋享辣子鸡；77爆浆小豆腐坨坨肉,高德 ID 查询未返回该父 POI；不从地址猜名称
B0FFHXL93Q,3,清镇豆豉火锅总店；熹焱·石板烧；安顺牛肉粉,高德 ID 查询未返回该父 POI；不从地址猜名称
B0FFIDBQ9E,3,东北饺子馆(花果园Q区店)；麻爪爪(贵阳花果园Q区店)；李御坊北京烤鸭(花果园Q区店),高德 ID 查询未返回该父 POI；不从地址猜名称
B0FFIDHNUV,3,东北米线；柒米烘焙；四季餐馆·贵州菜(花果园V区店),高德 ID 查询未返回该父 POI；不从地址猜名称
B0FFIQFFYM,3,川黔小菜馆；鱼虾争霸司马烤鱼(贵阳花果园店)；杨久锅活油烙锅,高德 ID 查询未返回该父 POI；不从地址猜名称
B0FFIRVS1G,3,羊城西饼(小车河店)；菌哥哥高峰野生菌火锅；鸡柳大人(花果园L1区店),高德 ID 查询未返回该父 POI；不从地址猜名称
B0FFIZMFPU,3,黔鹅娘生态民俗火锅店；超级堡(多彩贵州城店)；喻家龙门·毕节汤圆(多彩贵州城店),高德 ID 查询未返回该父 POI；不从地址猜名称
B0FFJDPFQ2,3,三十野新派云贵米线(德福中心店)；杨记遵义豆花面(老素粉)；娄锅旋转小火锅(德福中心店),高德 ID 查询未返回该父 POI；不从地址猜名称
B0FFJEL7VZ,3,九里香肠旺面(花果园分店)；惠诚滋知(花果园三店)；南明雪山酸汤鱼食府,高德 ID 查询未返回该父 POI；不从地址猜名称
B0FFK871HT,3,金奖牛肉粉(溪湖店)；星野禾作蛋糕店(保利溪湖店)；沙土羊肉粉花溪保利溪湖店,高德 ID 查询未返回该父 POI；不从地址猜名称
B0FFKK40AG,3,马哥功夫手工面清真(金融公寓F座店)；观山小厨；倒满(金融城店),高德 ID 查询未返回该父 POI；不从地址猜名称
B0IA95NRIO,3,土风豆米火锅(中天未来方舟H4组团店)；盘县普田铜锅牛肉(未来方舟店)；嗨食重庆老火锅(未来方舟店),高德 ID 查询未返回该父 POI；不从地址猜名称
B0IAMK4XGI,3,钰膳坊北京烤鸭(清镇店)；王记小二牛肉馆；蜜丝蜜糖(清镇店),高德 ID 查询未返回该父 POI；不从地址猜名称
B0IAMK7KJD,3,王记酱爆烤肉(同心店)；郝妹小豆腐；鑫记留一手烤鱼(同心路店),高德 ID 查询未返回该父 POI；不从地址猜名称
B0IAMK8754,3,野串生·烤牛肉(富力新天地店)；麻爪爪(贵阳富力新天地店)；左城相盘州铜锅牛肉(富力总店),高德 ID 查询未返回该父 POI；不从地址猜名称
B0IAMK8C61,3,李好味鸭脖(碧潭园·珑玥店)；六毛酸辣烫(新世界店)；瓦罐菌汤鹅肉粉,高德 ID 查询未返回该父 POI；不从地址猜名称
B0ID0KDQH4,3,黔山粤水酒楼；烤百味豆花烤鱼(富力新天地店)；高姨妈秘制烧烤,高德 ID 查询未返回该父 POI；不从地址猜名称
B0ID25PNKY,3,富群烤肉；一烙锅(太慈桥店)；赤水竹笋黑豆花火锅(青山小区店),高德 ID 查询未返回该父 POI；不从地址猜名称
B0IRRKAKYP,3,四季飘香包坊(碧桂园贵阳1号鼎园店)；新疆美味特色烤羊肉串(碧桂园贵阳1号鼎园店)；可乐家特色烙锅,高德 ID 查询未返回该父 POI；不从地址猜名称
B0IRRNA7U0,3,小河小成故事(榕筑大厦店)；大方六龙豆干火锅(榕筑大厦店)；老莆式煎包(小河店),高德 ID 查询未返回该父 POI；不从地址猜名称
B0IRRNF1WD,3,何记永红牛肉粉(溪山御景店)；赤水黑豆花火锅(溪山店)；醉美小龙虾(甲秀南路店),高德 ID 查询未返回该父 POI；不从地址猜名称
B0J2G74V72,3,欧尼拌饭屋(万科大都会花样店)；白小甜手工酸奶(盘江路店)；大老壳牛肉粉(小河店),高德 ID 查询未返回该父 POI；不从地址猜名称
B0J6S6WA2G,3,新疆好兄弟美味羊肉烧烤王(碧桂园贵安1号天域苑店)；张记花江狗肉店；正宗新疆羊肉串,高德 ID 查询未返回该父 POI；不从地址猜名称
B0J6S6Z2G5,3,淳橱(孟关碧桂园店)；军记重庆留一手烤鱼(孟关店)；遵义竹签酱爆烤肉,高德 ID 查询未返回该父 POI；不从地址猜名称
B0J6SK38ON,3,新疆买买提千好友烤肉(孟关店)；鲜鹅庄(碧桂园店)；村上安·本草茶(花溪店),高德 ID 查询未返回该父 POI；不从地址猜名称
B0JA6SI17J,3,笔记安顺夺夺粉；茶己；豆凑小吃店,高德 ID 查询未返回该父 POI；不从地址猜名称
B0JANSKYZC,3,王老大快餐(麒龙金翠湾店)；贵阳市观山湖区倪记潮汕原味汤粉店；鸿福铁板烧,高德 ID 查询未返回该父 POI；不从地址猜名称
B0JAPU0RF8,3,武一火锅乡村小炒(花溪店)；兰州拉面刀削面(阳光花园店)；一盏幽香茶艺馆,高德 ID 查询未返回该父 POI；不从地址猜名称
B0JAYZAW4A,3,广东石磨肠粉(恒大店)；水城老羊头羊肉粉羊肉火锅；胡记老素粉,高德 ID 查询未返回该父 POI；不从地址猜名称
B0JB163CA3,3,汁味花溪原汤牛肉粉(德福中心店)；覃胖胖水城羊肉粉；黔王煎饼·肠粉(德福中心店),高德 ID 查询未返回该父 POI；不从地址猜名称
B0JG0UDZ9B,3,杨小平幺铺毛肚火锅(贵安分店)；盘州铜锅牛肉(贵安一号店)；金牌烙锅(贵安一号总店),高德 ID 查询未返回该父 POI；不从地址猜名称
B0JG5SXDQW,3,马老三烤鲜牛肉(黔灵东路店)；如末砂锅粉(黔灵东路总店)；一黔·贵州米线(黔灵东路店),高德 ID 查询未返回该父 POI；不从地址猜名称
B0K07HFPS1,3,李记留一手特色烤鱼；胖子烤鱼；食汇火锅,高德 ID 查询未返回该父 POI；不从地址猜名称
B0KUBUY2I2,3,进京赶烤；游炭长·烧烤；何记烤鲜牛肉,高德 ID 查询未返回该父 POI；不从地址猜名称
B0L2O1X3YA,3,织金姐妹烙锅·土烙锅；苏记留一手特色烤鱼(恒大中央广场店)；熊家院子烤鸡店,高德 ID 查询未返回该父 POI；不从地址猜名称
B0L3AZQBS3,3,贵厨酸汤牛肉(梵华里店)；Pull-Tab拉环咖啡(贵阳市白云区梵华里店)；灌木咖啡(梵华里店),高德 ID 查询未返回该父 POI；不从地址猜名称
B03530QDMP,2,德生龙(大西门店)；书亦烧仙草(云岩市西商业街店),高德 ID 查询未返回该父 POI；不从地址猜名称
B0FFF7M4UE,2,刘老四烤鸡(花果园店)；董小姐素粉(花果园A北区店),高德 ID 查询未返回该父 POI；不从地址猜名称
B0FFF7MP21,2,华莱士·全鸡汉堡(花果园店)；985贵州活油烙锅,高德 ID 查询未返回该父 POI；不从地址猜名称
B0FFF83TI0,2,习水特色豆腐皮火锅(畔山丽苑店)；暴牙妹正宗猪脚火锅(绿苑店),高德 ID 查询未返回该父 POI；不从地址猜名称
B0FFFE4JJD,2,好粥稻(百花新城店)；蒋记老幺肠旺面,高德 ID 查询未返回该父 POI；不从地址猜名称
B0FFFE5YJ7,2,凤港咖啡(大唐店)；南茗茶空间(阿云朵仓店),高德 ID 查询未返回该父 POI；不从地址猜名称
B0FFFE9CCD,2,Hedgehog Baking刺猬烘焙屋；刘二孃酸辣烫,高德 ID 查询未返回该父 POI；不从地址猜名称
B0FFFE9PPB,2,黄记余庆敖溪剔骨鸭(百花新城店)；杨记猪油仔(百花新城店),高德 ID 查询未返回该父 POI；不从地址猜名称
B0FFFGOFNS,2,贵顺成糕点(小十字店)；阿婆炒饭(贵阳小十字店),高德 ID 查询未返回该父 POI；不从地址猜名称
B0FFGADXXI,2,小背篓野生菌煲鹅汤(花果园店)；灌木咖啡(花果园C区白宫店),高德 ID 查询未返回该父 POI；不从地址猜名称
B0FFGAEG0S,2,繁花十里锡纸花甲粉(花果园C区店)；周记木桶饭(花果园国际中心店),高德 ID 查询未返回该父 POI；不从地址猜名称
B0FFGAL673,2,叁禾花园(花果园店)(暂停营业)；红牌地摊冷锅鱼,高德 ID 查询未返回该父 POI；不从地址猜名称
B0FFGBB5HC,2,安顺破酥包(花果园一期店)；拐角素粉(花果园T区2区店),高德 ID 查询未返回该父 POI；不从地址猜名称
B0FFGCFTYP,2,兄弟鸭霸王(二店)；饺福鲜水饺馆(贵阳白云区店),高德 ID 查询未返回该父 POI；不从地址猜名称
B0FFGD41J1,2,豆豆甜品店(碧海花园店)；陈记三鲜粉面馆,高德 ID 查询未返回该父 POI；不从地址猜名称
B0FFGTS4NC,2,馋嘴纸包鱼(中铁·逸都国际店)；全全安顺夺夺粉火锅(中铁·逸都国际店),高德 ID 查询未返回该父 POI；不从地址猜名称
B0FFH0IEQU,2,安顺李记牛肉粉馆(花果园店)；勇惠便利店(花果园U区2店),高德 ID 查询未返回该父 POI；不从地址猜名称
B0FFH0NTRE,2,我家my home面包生活馆(保利·云山国际店)；一山闲,高德 ID 查询未返回该父 POI；不从地址猜名称
B0FFH87DMS,2,熊记盘县铜锅牛肉(花果园店)；伴膳小镇食府,高德 ID 查询未返回该父 POI；不从地址猜名称
B0FFH8WRYK,2,刘记遵义豆花面(花果园店)；甜啦啦(花果园T2区店),高德 ID 查询未返回该父 POI；不从地址猜名称
B0FFHC6O8P,2,小福猪地摊火锅(花果园半山小镇W2区店)；胡记馋嘴铁板烧,高德 ID 查询未返回该父 POI；不从地址猜名称
B0FFHCCJ7Y,2,小茶庭；蔓味轻食·沙拉·健康餐(花果园店),高德 ID 查询未返回该父 POI；不从地址猜名称
B0FFHD3KNK,2,粗娘食品店(花果园K区店)；印江特色小吃(花果园K区),高德 ID 查询未返回该父 POI；不从地址猜名称
B0FFHF47FP,2,天宝村黔菜馆(金狮小区顺海苑店)；瓮安雷记牛肉粉(金狮小区店),高德 ID 查询未返回该父 POI；不从地址猜名称
B0FFHJTFSN,2,广东石磨肠粉(半山小镇店)；烤鱼.铁板烧,高德 ID 查询未返回该父 POI；不从地址猜名称
B0FFHLKBFV,2,喜迎门大众火锅(碧海花园店)；贝好遵义虾子羊肉粉,高德 ID 查询未返回该父 POI；不从地址猜名称
B0FFHLKNI6,2,牛鲜生贵州特色烙锅(贵阳白宫店)；三味真火家常菜,高德 ID 查询未返回该父 POI；不从地址猜名称
B0FFHLOBMA,2,小田水饺(山水黔城七组团店)；秘制砂锅酸辣烫火锅(山水黔城七组团店),高德 ID 查询未返回该父 POI；不从地址猜名称
B0FFHLP04N,2,苗家砂锅酸辣烫(圣泉流云花园万象城店)；蜜雪冰城(圣泉流云花园店),高德 ID 查询未返回该父 POI；不从地址猜名称
B0FFHLP1BQ,2,忆潮隆江猪脚饭；饺福鲜水饺馆(贵阳金融城店),高德 ID 查询未返回该父 POI；不从地址猜名称
B0FFHLP1I4,2,彭记串串香(鹿冲关路店)；金顶山小梅孃清水烫(鹿冲关店),高德 ID 查询未返回该父 POI；不从地址猜名称
B0FFHLPCUG,2,回味辣鸡粉·面(花果园店)；曹氏鸭脖,高德 ID 查询未返回该父 POI；不从地址猜名称
B0FFHLQZJA,2,老贵阳辣子鸡(金坡路店)；华莱士·全鸡汉堡(贵阳金关店),高德 ID 查询未返回该父 POI；不从地址猜名称
B0FFHLRDUZ,2,尊宝比萨(花果园店)；舌尖疯狂(海豚广场店),高德 ID 查询未返回该父 POI；不从地址猜名称
B0FFHLRPBQ,2,小燕子清香羊肉粉(东门桥总店)；王记霸王鸭头阳光烙锅,高德 ID 查询未返回该父 POI；不从地址猜名称
B0FFHLRQP9,2,张二烤鱼(金竹苑店)；华莱士·全鸡汉堡(小河浦江店),高德 ID 查询未返回该父 POI；不从地址猜名称
B0FFHLVR8H,2,榴小汐品质千层(观山湖店)；Lucky屿你生日蛋糕(Lucky屿你生日蛋糕),高德 ID 查询未返回该父 POI；不从地址猜名称
B0FFHM3Q9H,2,黄大琴老字号丝娃娃名店；小平香辣老素粉(贵山苑B栋店),高德 ID 查询未返回该父 POI；不从地址猜名称
B0FFHM628Q,2,天津灌汤小笼包(宸宇·东兴苑店)；王三孃隆江猪脚饭,高德 ID 查询未返回该父 POI；不从地址猜名称
B0FFHM6521,2,麻爪爪(贵阳美树阳光店)；昆明铜锅洋芋饭(美树阳光南区店),高德 ID 查询未返回该父 POI；不从地址猜名称
B0FFHM7KI3,2,山林家宴(花果园店)；野菌·小院(花果园湿地公园店),高德 ID 查询未返回该父 POI；不从地址猜名称
B0FFHMDWLT,2,茶百道(贵阳花果园S区店)；财大叔烤肉拌饭(南明店),高德 ID 查询未返回该父 POI；不从地址猜名称
B0FFHNMUJD,2,优优烘焙(北湖店)；大河坝鱼府,高德 ID 查询未返回该父 POI；不从地址猜名称
B0FFHNP2BM,2,广东正宗隆江猪脚饭；刘二妈米皮(会展城店),高德 ID 查询未返回该父 POI；不从地址猜名称
B0FFHO54MM,2,结巴留一手特色烤鱼(渔安新城店)；窑鸡王(渔安新城店),高德 ID 查询未返回该父 POI；不从地址猜名称
B0FFHOD6CU,2,土家鲜肉饼(花果园S区1区店)；麻得批爆蛙,高德 ID 查询未返回该父 POI；不从地址猜名称
B0FFHOEFD7,2,正宗老凯里酸汤鱼(小车河店)；兄弟香辣虾蟹(财富广场店),高德 ID 查询未返回该父 POI；不从地址猜名称
B0FFI8WMNQ,2,塔斯汀中国汉堡(贵阳市花果园T区店)；黔乡韵酸汤牛肉(花果园店),高德 ID 查询未返回该父 POI；不从地址猜名称
B0FFI9NPW7,2,王氏正宗云南天麻火腿鸡(万科大都会店)；野菜之乡软哨豆米火锅,高德 ID 查询未返回该父 POI；不从地址猜名称
B0FFI9Q5K1,2,龙大哥辣子鸡(花果园店)；贵阳活油烙锅,高德 ID 查询未返回该父 POI；不从地址猜名称
B0FFIAA4X8,2,京华大饼(贵铝住宅店)；汤小二砂锅粉砂锅饭(酸汤粉酸汤饭),高德 ID 查询未返回该父 POI；不从地址猜名称
B0FFID97I5,2,四季丰豆米火锅；火山活油烙锅,高德 ID 查询未返回该父 POI；不从地址猜名称
B0FFIIX3F9,2,陈家大院柴火鸡肥肠鸡(花果园L1区店)；姚记粉事榕江卷粉,高德 ID 查询未返回该父 POI；不从地址猜名称
B0FFINDKOS,2,方记小笼包(花果园J区店)；湘粤楼,高德 ID 查询未返回该父 POI；不从地址猜名称
B0FFIZN3M6,2,常德钵子菜(花果园店)；余庆特色剔骨鸭(财富广场店),高德 ID 查询未返回该父 POI；不从地址猜名称
B0FFJ3XL05,2,远妹风味烧烤(优品城邦店)；汤锅香旋转小火锅(优品城邦店),高德 ID 查询未返回该父 POI；不从地址猜名称
B0FFJ58RSS,2,好辣鸭(花果园R区店)；李好味鸭脖(R1区9栋店),高德 ID 查询未返回该父 POI；不从地址猜名称
B0FFJ651CI,2,牛滋味老凯里酸汤牛肉(黔灵山店)；土家风味豆米火锅·干锅剔骨鸡(黔灵山公园店),高德 ID 查询未返回该父 POI；不从地址猜名称
B0FFJAI8XL,2,木子允牛小妞原汤牛肉粉店；金顶山吴嬢清水烫,高德 ID 查询未返回该父 POI；不从地址猜名称
B0FFJK2QWZ,2,黔王煎饼·肠粉(兰花广场店)；陈氏人家豆米火锅(花果园白宫店),高德 ID 查询未返回该父 POI；不从地址猜名称
B0FFKF9I16,2,金江餐馆(园林鑫城店)；雅宴酒楼(园林鑫城店),高德 ID 查询未返回该父 POI；不从地址猜名称
B0FFKKOAHO,2,聚谊堂老北京涮羊肉(金阳店)；观山福宴,高德 ID 查询未返回该父 POI；不从地址猜名称
B0FFKSLR1G,2,兰孃素粉馆(阳关城市花园店)；阳关泡椒猪脚牛肉粉面(阳关城市花园店)(暂停营业),高德 ID 查询未返回该父 POI；不从地址猜名称
B0FFKUK2PO,2,七月咖啡·手冲咖啡实验室；江湖美蛙鱼(缤纷广场店),高德 ID 查询未返回该父 POI；不从地址猜名称
B0FFKUL0NX,2,榴小汐清镇店；黑包哥自助地摊火锅,高德 ID 查询未返回该父 POI；不从地址猜名称
B0FFKVVIHK,2,伊人时光私宴；小雅家常菜,高德 ID 查询未返回该父 POI；不从地址猜名称
B0G03UFDUK,2,牛艾哥平坝干锅带皮牛肉；饭饭的轻食(小河店),高德 ID 查询未返回该父 POI；不从地址猜名称
B0G1SAA54I,2,张记鸿福铁板烧；莽洋芋贵州土菜馆,高德 ID 查询未返回该父 POI；不从地址猜名称
B0H0MONZL8,2,黔城活油烙锅；熊猫塔塔中国汉堡(甜蜜小镇店),高德 ID 查询未返回该父 POI；不从地址猜名称
B0H21S6764,2,辣渝年正宗重庆老火锅；小罗家烧椒牛肉(红街店),高德 ID 查询未返回该父 POI；不从地址猜名称
B0HAL54F4Q,2,金阳厨房(金融城1期店)；幸运咖(金融城MIX店),高德 ID 查询未返回该父 POI；不从地址猜名称
B0HBNAV951,2,方氏小笼包(保利春天大道保利林语店)；安安小豆腐(保利春天大道保利林语店),高德 ID 查询未返回该父 POI；不从地址猜名称
B0HUKM7AH8,2,杨久锅活油烙锅(万花城店)；娘家宴(万花城店),高德 ID 查询未返回该父 POI；不从地址猜名称
B0I1X6G5ZK,2,兰红脆哨总店(黄金路111号)；林家脆哨(黄金路125号小区店),高德 ID 查询未返回该父 POI；不从地址猜名称
B0I1X6J4VI,2,方城土灶烙锅(未来方舟F6组团店)；松烟炙牛,高德 ID 查询未返回该父 POI；不从地址猜名称
B0I6X5D3AD,2,老杜大方特色豆干火锅(油榨街店)；南明区家的味道,高德 ID 查询未返回该父 POI；不从地址猜名称
B0IA95P8MJ,2,凯里苗家砂锅酸辣烫(中天未来方舟D15组团店)；麻哥面(中天未来方舟D16组团店),高德 ID 查询未返回该父 POI；不从地址猜名称
B0IAMK6BQ4,2,余记竹签酱爆烤肉(修文碧桂园店)；周老五特色豆花烤鱼,高德 ID 查询未返回该父 POI；不从地址猜名称
B0IAMK6LLU,2,六桶杨记渣豆腐肉圆火锅(半岛国际店)；盘州吴记铜锅牛肉(半岛国际店),高德 ID 查询未返回该父 POI；不从地址猜名称
B0IAMK6LYK,2,源来小菜馆(三桥店)；宋记鱿鱼炖土鸡,高德 ID 查询未返回该父 POI；不从地址猜名称
B0IAMK73OY,2,鱼来鸿留一手烤鱼；蜜雪冰城(同心路店),高德 ID 查询未返回该父 POI；不从地址猜名称
B0IAMK7KUD,2,雅玲铁板烧(阳光左岸店)；班布熊(冰淇淋·动物奶油·生日蛋糕·清镇店),高德 ID 查询未返回该父 POI；不从地址猜名称
B0IAMK84IU,2,鸿福记牛肉粉(鹭岛国际店)；老许酸汤饭,高德 ID 查询未返回该父 POI；不从地址猜名称
B0IAMK8F84,2,火动力厨房(田园路店)；儿时的味道(贵大南苑店),高德 ID 查询未返回该父 POI；不从地址猜名称
B0IAMK8HPA,2,粥粥伴你(未来方舟店)；三合广记糖水铺(未来方舟店),高德 ID 查询未返回该父 POI；不从地址猜名称
B0IAMK8U2U,2,花溪四爷牛肉粉(榕筑南溪·绿园总店)；东北人饺子馆,高德 ID 查询未返回该父 POI；不从地址猜名称
B0IB27VKU4,2,香猪猪地摊火锅；花开花酿·好喝不怕胖(喀斯特城市广场B栋店),高德 ID 查询未返回该父 POI；不从地址猜名称
B0ID066JVE,2,黔食汇(富力新天地店)；熊猫说·淄博烧烤(贵阳富力新天地店),高德 ID 查询未返回该父 POI；不从地址猜名称
B0ID067Z9L,2,华莱士·全鸡汉堡(修文碧桂园店)；头面庄(修文梦升),高德 ID 查询未返回该父 POI；不从地址猜名称
B0ID069O59,2,江渔府凯里酸汤鱼；刘一手特色烤鱼活油烙锅(暂停营业),高德 ID 查询未返回该父 POI；不从地址猜名称
B0ID0NEZIF,2,月希重庆老火锅(数博万达店)；创新脆皮鲜鸡火锅,高德 ID 查询未返回该父 POI；不从地址猜名称
B0ID0NJ5Q5,2,遵义老城豆花面(贵大南苑店)；罗姨妈地摊火锅,高德 ID 查询未返回该父 POI；不从地址猜名称
B0IGC7EOAR,2,忠诚牛瘪(绿地·联盛国际店)；彝三叔骟鸡点豆腐火锅(绿地联盛国际店),高德 ID 查询未返回该父 POI；不从地址猜名称
B0IGC7F4O3,2,灏源牛肉粉；黄豆龙骨汤烫菜,高德 ID 查询未返回该父 POI；不从地址猜名称
B0IGC7FE99,2,兰姨妈羊肉粉(河滨公园第一分店)；蜜雪冰城(油榨街店),高德 ID 查询未返回该父 POI；不从地址猜名称
B0IGC7FYQ8,2,烧得很秘制烧烤(花溪店)；熊大爷现包饺子(明珠大道店),高德 ID 查询未返回该父 POI；不从地址猜名称
B0IGC7GH2R,2,沙县小吃(中山公馆店)；黄氏疯狂小黄鱼(总店),高德 ID 查询未返回该父 POI；不从地址猜名称
B0IGC7HE1A,2,牛约堡-牛肉汉堡(小河店)；柴记清炖鸡面粉馆(恒大翡翠华庭店),高德 ID 查询未返回该父 POI；不从地址猜名称
B0IRRNBGKG,2,小胖妹烧烤店(碧桂园贵阳1号鼎园店)；沙县小吃(碧桂园贵阳1号鼎园店),高德 ID 查询未返回该父 POI；不从地址猜名称
B0IRRNBJJ1,2,正新鸡排(鑫达店)；凡凡老素粉,高德 ID 查询未返回该父 POI；不从地址猜名称
B0IRRNBTQ4,2,啊家烤肉；西施烧烤,高德 ID 查询未返回该父 POI；不从地址猜名称
B0IRRNBX1G,2,茶百道(贵阳花溪腾龙湾新店)；蜜雪冰城(腾龙湾中曹路店),高德 ID 查询未返回该父 POI；不从地址猜名称
B0IRRNBYC0,2,兰幺爷断桥青椒鱼(麒龙新天地店)；大胆烤吧,高德 ID 查询未返回该父 POI；不从地址猜名称
B0IRRNC0XE,2,绝味鸭脖(白云尖山路店)；桂姨妈粉面馆(白云店),高德 ID 查询未返回该父 POI；不从地址猜名称
B0IRRNCFXG,2,真味咖喱；雀食SPARROW FOOD,高德 ID 查询未返回该父 POI；不从地址猜名称
B0IRRND05F,2,曾小白蛋糕(云岩恒大帝景店)；留一手烤鱼(恒大帝景),高德 ID 查询未返回该父 POI；不从地址猜名称
B0IRRNE8SG,2,丫恋锅鸭爪爪(云开国际店)；沪上阿姨·精选茶饮(贵阳开阳云开国际店),高德 ID 查询未返回该父 POI；不从地址猜名称
B0IRRNFNFA,2,台北西饼屋；品味园面点(贵阳青山小区店),高德 ID 查询未返回该父 POI；不从地址猜名称
B0IU3KA75D,2,火上鲜铁板烧&特色烤鱼(三桥店)；兮兮参鱼片(旺角金座店),高德 ID 查询未返回该父 POI；不从地址猜名称
B0IU3KAOGK,2,国伟老麻抄手(阳关小区店)；黔熹焱石板烧(阳关小区分店),高德 ID 查询未返回该父 POI；不从地址猜名称
B0IU3NCEAZ,2,惠诚滋知(修文一店)；曹氏鸭脖,高德 ID 查询未返回该父 POI；不从地址猜名称
B0IU3NEU4B,2,留一手特色烤鱼(数谷大道店)；东兴楼(星河社区店),高德 ID 查询未返回该父 POI；不从地址猜名称
B0IU3NFV4I,2,周记花溪牛肉粉(半岛国际店)；刀削面(半岛国际店),高德 ID 查询未返回该父 POI；不从地址猜名称
B0J1OAEEM9,2,佳禹餐饮·老城豆花面(千禧广场店)；茶心阁茶空间,高德 ID 查询未返回该父 POI；不从地址猜名称
B0J2HSFAQV,2,老六烤肉(保利凤凰湾店)；隆江猪脚饭(保利凤凰湾B区店),高德 ID 查询未返回该父 POI；不从地址猜名称
B0J2P7COQG,2,MINI-CO小咖咖啡轻选站(贵阳麒龙商务港美宜佳店)；麒鼎鲜驴火锅,高德 ID 查询未返回该父 POI；不从地址猜名称
B0J6S615Z8,2,贵九品土黄牛肉粉(映山府店)；刘刘馄饨店,高德 ID 查询未返回该父 POI；不从地址猜名称
B0J6S616PS,2,黔味烙锅；NOWWA挪瓦咖啡(凯辉贵阳银海熙府1店),高德 ID 查询未返回该父 POI；不从地址猜名称
B0J6S6WG5K,2,十年老店转角火锅(蔡家街店)；严家吊阁楼肠旺面(蔡家街店),高德 ID 查询未返回该父 POI；不从地址猜名称
B0J6S6XI8N,2,遵义特色豆花面(空港公寓南区店)；沙县小吃(机场旗舰店),高德 ID 查询未返回该父 POI；不从地址猜名称
B0J6SK0EII,2,韦家猪油仔地摊火锅；宠宴•MAISON鲜食烘焙,高德 ID 查询未返回该父 POI；不从地址猜名称
B0J6SK17A2,2,黑眼熊寿司(花果园店)；不甜蛋糕DIY烘焙工作室(花果园店),高德 ID 查询未返回该父 POI；不从地址猜名称
B0J6SK1RFU,2,贵阳市花溪区猫猫烤鸡店；杨孃素粉馆(羊昌坝小区店),高德 ID 查询未返回该父 POI；不从地址猜名称
B0J6SK38GO,2,怡香园菜馆(双峰路店)；青花椒酸菜鱼(双峰路店),高德 ID 查询未返回该父 POI；不从地址猜名称
B0J6SK3W7Y,2,正新鸡排(贵阳龙大)；但家香酥鸭(贵阳但家香酥鸭二戈寨店),高德 ID 查询未返回该父 POI；不从地址猜名称
B0J6SKXM3D,2,忆稼土菜馆(深港商贸城店)；三只熊披萨(贵州贵阳息烽县店),高德 ID 查询未返回该父 POI；不从地址猜名称
B0JA6SH748,2,刁嘴烧烤(中天未来方舟D9组团店)；不一样的铜锅牛(中天未来方舟店),高德 ID 查询未返回该父 POI；不从地址猜名称
B0JA6SHE9D,2,冯记童童烤鸡(贵钢店)；贵州六品飨酒业(首钢贵州之光11号地块店),高德 ID 查询未返回该父 POI；不从地址猜名称
B0JA6UFTDW,2,习水黑豆花火锅(鸿基·文昌苑店)；金顶山莽妹清水烫(东新路店),高德 ID 查询未返回该父 POI；不从地址猜名称
B0JA6UIYAJ,2,酒鬼爆浆小豆腐；啊家烤肉白云区分店,高德 ID 查询未返回该父 POI；不从地址猜名称
B0JA6UKVFB,2,小娇螺蛳(碧桂园贵阳中心店)；忆年居高空观景民宿(河滨公园店),高德 ID 查询未返回该父 POI；不从地址猜名称
B0JA6ZF2Z0,2,味说；毛椒火辣烧烤,高德 ID 查询未返回该父 POI；不从地址猜名称
B0JAAMIKP0,2,吉喜水饺；八喜雪糕批发,高德 ID 查询未返回该父 POI；不从地址猜名称
B0JAAMJ7PF,2,酸汤牛肉；机械厂刘老大夫妻烧烤,高德 ID 查询未返回该父 POI；不从地址猜名称
B0JANMOAF8,2,锦州地摊烧烤；余小厨重庆老火锅兴关路留一手烤鱼,高德 ID 查询未返回该父 POI；不从地址猜名称
B0JANMOPOH,2,贵阳金阳八大碗土菜馆；遇⁺咖啡(Y⁺ Coffee),高德 ID 查询未返回该父 POI；不从地址猜名称
B0JANSKRAH,2,职人猪排(虎门巷小区店)；明艳安顺小裹卷(虎门巷小区店),高德 ID 查询未返回该父 POI；不从地址猜名称
B0JANZOAZO,2,观湖宴·新黔菜(富力新天地店)；沐御茶楼(富力新天地店),高德 ID 查询未返回该父 POI；不从地址猜名称
B0JANZOQE5,2,李姐烤鱼(筑兴苑店)；张阿牛牛肉粉(筑兴苑店),高德 ID 查询未返回该父 POI；不从地址猜名称
B0JAPS0QKL,2,熊大爷现包饺子(万科大都会店)；客缘虾酸牛肉,高德 ID 查询未返回该父 POI；不从地址猜名称
B0JAPU1E8M,2,成都名小吃刀削面(清溪路店)；盘州特色铜锅牛肉馆,高德 ID 查询未返回该父 POI；不从地址猜名称
B0JAPU5T00,2,换味食烤；袁记饺乐鲜,高德 ID 查询未返回该父 POI；不从地址猜名称
B0JB161HJY,2,老张家盘州铜锅牛肉(贵阳悦城智慧物流园C区店)；广东肠粉(原味汤粉面卤肉饭),高德 ID 查询未返回该父 POI；不从地址猜名称
B0JB161U9R,2,水城牛羊肉粉(蓝光雍锦湾店)；醉美艳留一手烤鱼烧烤海鲜大排档(清镇店),高德 ID 查询未返回该父 POI；不从地址猜名称
B0JB163J5H,2,涛哥留一手烤鱼烤鸭头(金石·清水城店)；杨先森地摊火锅,高德 ID 查询未返回该父 POI；不从地址猜名称
B0JB16575D,2,夏家水城烙锅；兰花弄奶茶店(花溪大学城群升大智汇店),高德 ID 查询未返回该父 POI；不从地址猜名称
B0JB1660FL,2,大方油渣豆豉火锅(幸福大院店)；重庆老火锅·干香牛肉(中坝美食街),高德 ID 查询未返回该父 POI；不从地址猜名称
B0JB1661PD,2,织金豆米火锅(中天甜蜜小镇店)；金顶山小梅孃清水烫(甜蜜小镇店),高德 ID 查询未返回该父 POI；不从地址猜名称
B0JB166NYF,2,憨农坛子鱼；萧记羊肉粉,高德 ID 查询未返回该父 POI；不从地址猜名称
B0JB16XNC9,2,辣个妙麻辣干丝(金熙府店)；大冰的小屋(贵阳分舵青云路店),高德 ID 查询未返回该父 POI；不从地址猜名称
B0JB16Y2H3,2,大黔捞黔牛·鲜切牛肉自助火锅(箭道街店)；柒记·广式茶餐厅(经协大厦店),高德 ID 查询未返回该父 POI；不从地址猜名称
B0JBHHVHMY,2,瑞幸咖啡(贵州师范学院食府店)(暂停营业)；茶百道(贵州师范学院店),高德 ID 查询未返回该父 POI；不从地址猜名称
B0JG07DKI2,2,新疆阿里克美味羊肉串；黔上姨孃老贵阳牛肉粉店,高德 ID 查询未返回该父 POI；不从地址猜名称
B0JG0U6KZA,2,麻爪爪(贵阳云城尚品店)；四个朋友智慧娱乐共享空间(云城尚品A3店),高德 ID 查询未返回该父 POI；不从地址猜名称
B0JG0UDK0A,2,小莽私房菜；胖哥老贵阳肠旺面(碧桂园店),高德 ID 查询未返回该父 POI；不从地址猜名称
B0JG0Z7XFM,2,玲姐兴仁特色地摊火锅；王幺哥老贵阳活油烙锅,高德 ID 查询未返回该父 POI；不从地址猜名称
B0JG5SU7K6,2,益民羊肉馆；遵义羊肉粉,高德 ID 查询未返回该父 POI；不从地址猜名称
B0JG5SZAQJ,2,星作玖号；贵阳佐邻佑舍私房菜,高德 ID 查询未返回该父 POI；不从地址猜名称
B0JGJU36UX,2,刘老四烤鸡(振华广场店)；大西南原汤牛肉粉(振华广场店),高德 ID 查询未返回该父 POI；不从地址猜名称
B0JGJZ3ZS9,2,名典咖啡(万象君汇购物中心店)；邹邹粉面馆(万象君汇店),高德 ID 查询未返回该父 POI；不从地址猜名称
B0JGVZ248Z,2,老地方织金烙锅(曹家坡路店)；甄香包,高德 ID 查询未返回该父 POI；不从地址猜名称
B0KAAU7ZNW,2,盘县普田铜锅牛肉(海伦堡店)；金姨妈酸辣烫,高德 ID 查询未返回该父 POI；不从地址猜名称
B0KB4NS4O2,2,擂饭(贵阳花溪万科店)；幸运咖(小河万科店),高德 ID 查询未返回该父 POI；不从地址猜名称
B0KGHMJWY7,2,老帅卤味螺蛳粉；沙县小吃(群升大智汇),高德 ID 查询未返回该父 POI；不从地址猜名称
B0KGHMKZEF,2,毕节烙锅王记大方小豆腐；李记东北烧烤齐齐哈尔烤肉,高德 ID 查询未返回该父 POI；不从地址猜名称
B0KGHMM1ZF,2,安哥酸汤牛肉(精彩城店)；盘县普田铜锅牛肉馆,高德 ID 查询未返回该父 POI；不从地址猜名称
B0KGTM6ZM5,2,鸿宇食缘牛肉爆大虾(花燕路店)；火爆自助烤肉,高德 ID 查询未返回该父 POI；不从地址猜名称
B0KUDK3XY1,2,渝富重庆小面老麻抄手(沙河街店)；红牌菜馆(贵医店),高德 ID 查询未返回该父 POI；不从地址猜名称
B0KUKUBTBG,2,里有田手作甜汤(青云市集店)；厕所馒头一糯米饭,高德 ID 查询未返回该父 POI；不从地址猜名称
B0KUNLRR9Y,2,丁家羊肉馆；豆香园豆米火锅(阳光城店),高德 ID 查询未返回该父 POI；不从地址猜名称
B0L09OERGB,2,福楼阁参鱼火锅；久品鲜留一手烤鱼精品龙虾馆,高德 ID 查询未返回该父 POI；不从地址猜名称
B0L16SSCI9,2,游小鱼(上官南院店)；黔牛坊土黄牛肉粉(清镇上官华府店),高德 ID 查询未返回该父 POI；不从地址猜名称
B0L6UHXUGC,2,蜀签签鲜牛肉串串香；無事咖啡,高德 ID 查询未返回该父 POI；不从地址猜名称
B0LA5CT7RK,2,黔豆园贵阳特色豆米火锅野菜馆(合朋店)；兰州拉面,高德 ID 查询未返回该父 POI；不从地址猜名称
B0LBLCOK54,2,三味线·寿司·日料(大学城店)；简豆造物,高德 ID 查询未返回该父 POI；不从地址猜名称
B0LR0XQ0MT,2,张氏正宗织金烙锅(合肥路总店)；锁氏清真烧烤昭通小肉串,高德 ID 查询未返回该父 POI；不从地址猜名称
B0MD5KUC8Q,2,黔大毕烙锅烧烤(合肥路店)；彝陆捌大竹签烤肉(合肥路店),高德 ID 查询未返回该父 POI；不从地址猜名称
B0MGVLFSR9,2,seekseeking(富力中心店)；虎炊素食,高德 ID 查询未返回该父 POI；不从地址猜名称
B035302Q2A,1,花小姐迦美甲美睫(泰联大厦店),高德 ID 查询未返回该父 POI；不从地址猜名称
B0353033Q6,1,瑞幸咖啡(时代广场店),高德 ID 查询未返回该父 POI；不从地址猜名称
B03530QMSY,1,禾丰包子(玉田小区东区店),高德 ID 查询未返回该父 POI；不从地址猜名称
B03530QMT0,1,瑞幸咖啡(世纪城财富中心店),高德 ID 查询未返回该父 POI；不从地址猜名称
B03530R1YN,1,阳光美语贵阳总校(世纪金源国际财富中心店),高德 ID 查询未返回该父 POI；不从地址猜名称
B0FFF7ASF2,1,书亦烧仙草(贵阳清镇百花新城店),高德 ID 查询未返回该父 POI；不从地址猜名称
B0FFF7P2Z3,1,陆记隆江猪脚饭(阳关小区店),高德 ID 查询未返回该父 POI；不从地址猜名称
B0FFF7Q8HV,1,卯记阳芸小菜馆,高德 ID 查询未返回该父 POI；不从地址猜名称
B0FFF80T2S,1,不二烤肉(绿苑天源居6栋店),高德 ID 查询未返回该父 POI；不从地址猜名称
B0FFF82EQF,1,沙县小吃,高德 ID 查询未返回该父 POI；不从地址猜名称
B0FFF8VR14,1,陈氏烤鸡(龙泉苑街店),高德 ID 查询未返回该父 POI；不从地址猜名称
B0FFF9ALGE,1,尹记遵义老城豆花面,高德 ID 查询未返回该父 POI；不从地址猜名称
B0FFF9ALGH,1,润仟祥黄焖鸡米饭(泉湖公园店),高德 ID 查询未返回该父 POI；不从地址猜名称
B0FFF9LLCF,1,羊城西饼(纪念塔店),高德 ID 查询未返回该父 POI；不从地址猜名称
B0FFF9NSHB,1,刘记特色干锅坊(白云店),高德 ID 查询未返回该父 POI；不从地址猜名称
B0FFF9VM3G,1,名香园肠旺面,高德 ID 查询未返回该父 POI；不从地址猜名称
B0FFFD1KJ5,1,黔之驴驴肉馆(圣泉流云花园万象城店),高德 ID 查询未返回该父 POI；不从地址猜名称
B0FFFDZ862,1,纯享家·冰淇淋·动物奶油生日蛋糕(百花新城店)(暂停营业),高德 ID 查询未返回该父 POI；不从地址猜名称
B0FFFDZHYT,1,乐烤坊,高德 ID 查询未返回该父 POI；不从地址猜名称
B0FFFE5XRC,1,满城香地摊火锅(百花新城店),高德 ID 查询未返回该父 POI；不从地址猜名称
B0FFFE8G3O,1,卤丁记(百花路店),高德 ID 查询未返回该父 POI；不从地址猜名称
B0FFFE96WT,1,小满湖南面(百花新城总店),高德 ID 查询未返回该父 POI；不从地址猜名称
B0FFFEB3B9,1,游小鱼特色小黄鱼(百花新城店),高德 ID 查询未返回该父 POI；不从地址猜名称
B0FFFEFLJW,1,成都光头蟹(美的·林城时代店),高德 ID 查询未返回该父 POI；不从地址猜名称
B0FFFEFM0L,1,沙县小吃(美的总店),高德 ID 查询未返回该父 POI；不从地址猜名称
B0FFFGLWEN,1,好一多牛奶小屋,高德 ID 查询未返回该父 POI；不从地址猜名称
B0FFFGM1EU,1,南明区怡品鲜旋转小火锅,高德 ID 查询未返回该父 POI；不从地址猜名称
B0FFFGM2K2,1,熊熊烤鸡,高德 ID 查询未返回该父 POI；不从地址猜名称
B0FFG0IYJM,1,萬鮮生三文鱼专卖,高德 ID 查询未返回该父 POI；不从地址猜名称
B0FFG9WH4I,1,凉都青瓦房烙锅(白宫店),高德 ID 查询未返回该父 POI；不从地址猜名称
B0FFGA0YGP,1,大米和小米儿童成长中心(贵阳云岩中心),高德 ID 查询未返回该父 POI；不从地址猜名称
B0FFGA8Y76,1,黔融一品烟酒茶(云凯熙园店),高德 ID 查询未返回该父 POI；不从地址猜名称
B0FFGAERIZ,1,食在好·筒子骨清水烫(花果园店),高德 ID 查询未返回该父 POI；不从地址猜名称
B0FFGAFGIE,1,武松醉鹅(清镇店),高德 ID 查询未返回该父 POI；不从地址猜名称
B0FFGAHQND,1,来咖啡(花果园b区南区店),高德 ID 查询未返回该父 POI；不从地址猜名称
B0FFGAJU6R,1,雪桃大方豆干火锅(花果园店),高德 ID 查询未返回该父 POI；不从地址猜名称
B0FFGBIQ2R,1,安顺丝娃娃(恒大城店),高德 ID 查询未返回该父 POI；不从地址猜名称
B0FFGCIE1K,1,任记遵义豆花面(优品城邦店),高德 ID 查询未返回该父 POI；不从地址猜名称
B0FFGCYLFV,1,筷子篼·思南米豆腐(花果园S区2区店),高德 ID 查询未返回该父 POI；不从地址猜名称
B0FFGD3KGH,1,独与茶亭,高德 ID 查询未返回该父 POI；不从地址猜名称
B0FFGDJ6SI,1,和韵茶坊(金阳合肥路店),高德 ID 查询未返回该父 POI；不从地址猜名称
B0FFGDJ74T,1,蜜雪冰城(世纪城小学福建路店),高德 ID 查询未返回该父 POI；不从地址猜名称
B0FFGK1J1H,1,化工厂烤鸡(花果园T区店),高德 ID 查询未返回该父 POI；不从地址猜名称
B0FFGKC37G,1,贵州乌江烤鱼(花果园店),高德 ID 查询未返回该父 POI；不从地址猜名称
B0FFGMVIPE,1,蜜雪冰城(花果园Q区店),高德 ID 查询未返回该父 POI；不从地址猜名称
B0FFGQGDSF,1,老贵阳湖南面,高德 ID 查询未返回该父 POI；不从地址猜名称
B0FFGTMBZX,1,杨勇幺铺毛肚火锅店,高德 ID 查询未返回该父 POI；不从地址猜名称
B0FFGTWB0L,1,老贵阳无名烤鸡总店,高德 ID 查询未返回该父 POI；不从地址猜名称
B0FFGU0ZXQ,1,他先生豆米豆豉酸辣烫(国际中心店),高德 ID 查询未返回该父 POI；不从地址猜名称
B0FFGV2GRP,1,武警贵州总队医院医院食堂,高德 ID 查询未返回该父 POI；不从地址猜名称
B0FFGZIMBQ,1,遵义虾子羊肉粉(花果园T2区店),高德 ID 查询未返回该父 POI；不从地址猜名称
B0FFGZQ75V,1,唐不虎安顺烤小肠(花果园J区店),高德 ID 查询未返回该父 POI；不从地址猜名称
B0FFH24RRQ,1,龚哥烤鱼(花果园Q区店),高德 ID 查询未返回该父 POI；不从地址猜名称
B0FFH26RLT,1,功夫卤味(大唐果店),高德 ID 查询未返回该父 POI；不从地址猜名称
B0FFH2HCE1,1,董小姐素粉(小河店),高德 ID 查询未返回该父 POI；不从地址猜名称
B0FFH2JZNR,1,沙家清真兰州拉面大盘鸡,高德 ID 查询未返回该父 POI；不从地址猜名称
B0FFH2LAUW,1,爽東東酒饮(花果园C区店),高德 ID 查询未返回该父 POI；不从地址猜名称
B0FFH2LNMK,1,正新鸡排(万科花样店),高德 ID 查询未返回该父 POI；不从地址猜名称
B0FFH7Y73I,1,you家厨房,高德 ID 查询未返回该父 POI；不从地址猜名称
B0FFH83A9D,1,U缘食府(U区商业街店),高德 ID 查询未返回该父 POI；不从地址猜名称
B0FFHBT5T9,1,瑞幸咖啡(贵州大学西校区店),高德 ID 查询未返回该父 POI；不从地址猜名称
B0FFHCYP8Z,1,杨铭宇黄焖鸡(花果园国际中心店),高德 ID 查询未返回该父 POI；不从地址猜名称
B0FFHCYQ2F,1,暖燕·姨妈热饮·鲜炖燕窝(花果园店),高德 ID 查询未返回该父 POI；不从地址猜名称
B0FFHE7UL3,1,姐妹碳火烧烤,高德 ID 查询未返回该父 POI；不从地址猜名称
B0FFHGYBXN,1,李大娘织金酸汤饭·毕节汤圆(花果园店),高德 ID 查询未返回该父 POI；不从地址猜名称
B0FFHJQ326,1,小黄蜂的豆腐摊摊,高德 ID 查询未返回该父 POI；不从地址猜名称
B0FFHL34FR,1,囍崽麻辣(半山小镇店),高德 ID 查询未返回该父 POI；不从地址猜名称
B0FFHLKA4C,1,谢记筒骨酸辣烫,高德 ID 查询未返回该父 POI；不从地址猜名称
B0FFHLKA9A,1,山水颐和(银海元隆广场店),高德 ID 查询未返回该父 POI；不从地址猜名称
B0FFHLKDOM,1,德克士(财富广场店),高德 ID 查询未返回该父 POI；不从地址猜名称
B0FFHLKEZ7,1,陈氏人家豆米火锅(世纪金源店),高德 ID 查询未返回该父 POI；不从地址猜名称
B0FFHLKNAC,1,鼎记啫啫煲(红岩桥店),高德 ID 查询未返回该父 POI；不从地址猜名称
B0FFHLKNF5,1,七时芝士(贵山苑店),高德 ID 查询未返回该父 POI；不从地址猜名称
B0FFHLKO7B,1,珍珍海鲜夜食,高德 ID 查询未返回该父 POI；不从地址猜名称
B0FFHLKT1R,1,美味轩餐馆(印象康城店),高德 ID 查询未返回该父 POI；不从地址猜名称
B0FFHLLIWX,1,一手创酸汤饭,高德 ID 查询未返回该父 POI；不从地址猜名称
B0FFHLLPG1,1,梅姐广式汤粉店,高德 ID 查询未返回该父 POI；不从地址猜名称
B0FFHLLQIA,1,小黔柜地摊火锅(班芙商业广场店),高德 ID 查询未返回该父 POI；不从地址猜名称
B0FFHLLR35,1,芝麻老素粉(碧海花园店),高德 ID 查询未返回该父 POI；不从地址猜名称
B0FFHLNN6B,1,周记留一手烤鱼,高德 ID 查询未返回该父 POI；不从地址猜名称
B0FFHLNQ7L,1,小院(中天花园·叠翠谷店),高德 ID 查询未返回该父 POI；不从地址猜名称
B0FFHLNQUC,1,山水黔厨(山水黔城五组团店),高德 ID 查询未返回该父 POI；不从地址猜名称
B0FFHLNS2J,1,鼎蒸烩(花果园店),高德 ID 查询未返回该父 POI；不从地址猜名称
B0FFHLO2XR,1,马兴发铁板烧,高德 ID 查询未返回该父 POI；不从地址猜名称
B0FFHLOIPX,1,甜枫觅纯牛奶蛋糕,高德 ID 查询未返回该父 POI；不从地址猜名称
B0FFHLOMVP,1,东二婆烤肉(东宝花园店),高德 ID 查询未返回该父 POI；不从地址猜名称
B0FFHLOWSY,1,瑞幸咖啡(大数据广场店),高德 ID 查询未返回该父 POI；不从地址猜名称
B0FFHLOYJJ,1,川府柴火鸡(大营坡店),高德 ID 查询未返回该父 POI；不从地址猜名称
B0FFHLP227,1,伦会砂锅粉,高德 ID 查询未返回该父 POI；不从地址猜名称
B0FFHLP39I,1,金顶山幺鸡清水烫(欣欣房开店),高德 ID 查询未返回该父 POI；不从地址猜名称
B0FFHLPCUT,1,鸿福铁板烧(麦架店),高德 ID 查询未返回该父 POI；不从地址猜名称
B0FFHLPGLF,1,不可炸鸡BOOCUR CHICKEN(贵阳花溪公园店),高德 ID 查询未返回该父 POI；不从地址猜名称
B0FFHLPGP3,1,袁记片片鱼(息烽店),高德 ID 查询未返回该父 POI；不从地址猜名称
B0FFHLPMPN,1,三味牛肉粉(富水南路店),高德 ID 查询未返回该父 POI；不从地址猜名称
B0FFHLPNFG,1,惠诚滋知(会展城一店),高德 ID 查询未返回该父 POI；不从地址猜名称
B0FFHLPUJE,1,时光茶楼(碧翠红枫店),高德 ID 查询未返回该父 POI；不从地址猜名称
B0FFHLPVP3,1,贵州龙(保利云山店),高德 ID 查询未返回该父 POI；不从地址猜名称
B0FFHLQ2PO,1,三桥陈家脆哨,高德 ID 查询未返回该父 POI；不从地址猜名称
B0FFHLQ7B5,1,清镇冰粉(息烽开磷城店),高德 ID 查询未返回该父 POI；不从地址猜名称
B0FFHLQC31,1,冉林禾土黄牛肉粉(会展城总店),高德 ID 查询未返回该父 POI；不从地址猜名称
B0FFHLQGZT,1,上海灌汤小笼包,高德 ID 查询未返回该父 POI；不从地址猜名称
B0FFHLQQHD,1,中黔惠民杀猪饭(花果园店),高德 ID 查询未返回该父 POI；不从地址猜名称
B0FFHLRQDB,1,悦江南足疗养生馆,高德 ID 查询未返回该父 POI；不从地址猜名称
B0FFHLVSWB,1,山水私厨,高德 ID 查询未返回该父 POI；不从地址猜名称
B0FFHLVY06,1,花语咖啡(山水黔城五组团店),高德 ID 查询未返回该父 POI；不从地址猜名称
B0FFHLX0V3,1,果囤万众源水果批发(原果然哆老店),高德 ID 查询未返回该父 POI；不从地址猜名称
B0FFHLXB6R,1,麻辣四方习水特色豆腐皮火锅(数博大道长岭南路店),高德 ID 查询未返回该父 POI；不从地址猜名称
B0FFHLYSGP,1,土滋土味(中天花园·叠翠谷店),高德 ID 查询未返回该父 POI；不从地址猜名称
B0FFHLZ3ZQ,1,花花烙锅,高德 ID 查询未返回该父 POI；不从地址猜名称
B0FFHLZDU8,1,净点烘焙工作室(兴隆城市花园桃源居店),高德 ID 查询未返回该父 POI；不从地址猜名称
B0FFHM28M2,1,青菜牛肉(阳光花园店),高德 ID 查询未返回该父 POI；不从地址猜名称
B0FFHM2E81,1,全方味铜仁思南特色小吃·绿豆粉·思南米豆腐,高德 ID 查询未返回该父 POI；不从地址猜名称
B0FFHM2M91,1,麻爪爪(贵阳乌当悦景新城店),高德 ID 查询未返回该父 POI；不从地址猜名称
B0FFHM3AAK,1,农家包谷饭(中创联合大厦店),高德 ID 查询未返回该父 POI；不从地址猜名称
B0FFHM460T,1,锅里捞清水烫,高德 ID 查询未返回该父 POI；不从地址猜名称
B0FFHM6NVZ,1,息烽特色酱爆烤肉,高德 ID 查询未返回该父 POI；不从地址猜名称
B0FFHM6OCU,1,母记参鱼片(绿地·联盛国际店),高德 ID 查询未返回该父 POI；不从地址猜名称
B0FFHM71ZJ,1,野生菌肉饼鸡(悦景新城店),高德 ID 查询未返回该父 POI；不从地址猜名称
B0FFHM78YQ,1,湘约农家木桶饭(碧园花城店),高德 ID 查询未返回该父 POI；不从地址猜名称
B0FFHMDL2Q,1,甜甜圈(文华路15号院店),高德 ID 查询未返回该父 POI；不从地址猜名称
B0FFHMDSIQ,1,榴小汐品质千层(贵阳开阳店),高德 ID 查询未返回该父 POI；不从地址猜名称
B0FFHMGBZL,1,吴记麻辣香锅,高德 ID 查询未返回该父 POI；不从地址猜名称
B0FFHMGH67,1,云上蒸笼·酱肉大包,高德 ID 查询未返回该父 POI；不从地址猜名称
B0FFHMM2AP,1,品三米粥铺(会展城店),高德 ID 查询未返回该父 POI；不从地址猜名称
B0FFHMODL0,1,檀亭美学空间(檀亭茶舍),高德 ID 查询未返回该父 POI；不从地址猜名称
B0FFHNF0KZ,1,中意原汤牛肉粉,高德 ID 查询未返回该父 POI；不从地址猜名称
B0FFHNHSH2,1,黔惠园老牌鹅肉粉(金阳新世界店),高德 ID 查询未返回该父 POI；不从地址猜名称
B0FFHNIFJL,1,Orin Coffee·欧林可啡,高德 ID 查询未返回该父 POI；不从地址猜名称
B0FFHNJWTC,1,高原家咖啡(金融城店),高德 ID 查询未返回该父 POI；不从地址猜名称
B0FFHNK99L,1,朱记留一手特色烤鱼(美成新都店),高德 ID 查询未返回该父 POI；不从地址猜名称
B0FFHNKKU4,1,品螺鲜柳州螺丝粉(金晟长山丽景店),高德 ID 查询未返回该父 POI；不从地址猜名称
B0FFHNMCSO,1,渝味童年火锅串串(青山小区店),高德 ID 查询未返回该父 POI；不从地址猜名称
B0FFHNMK6F,1,品茗阁(南窗雅舍店),高德 ID 查询未返回该父 POI；不从地址猜名称
B0FFHNOM8K,1,瑞幸咖啡(花果园财富广场1号楼店),高德 ID 查询未返回该父 POI；不从地址猜名称
B0FFHNQDVK,1,李大勺重庆万州烤鱼(花溪总店),高德 ID 查询未返回该父 POI；不从地址猜名称
B0FFHNRNLH,1,河间驴肉火烧(购物中心店),高德 ID 查询未返回该父 POI；不从地址猜名称
B0FFHO7D4D,1,锦州烧烤(阳明大道店),高德 ID 查询未返回该父 POI；不从地址猜名称
B0FFHP9DON,1,巴比馒头(贵阳花果园店),高德 ID 查询未返回该父 POI；不从地址猜名称
B0FFHPZ3ZM,1,黔鲜小集金华园店,高德 ID 查询未返回该父 POI；不从地址猜名称
B0FFHVNXZU,1,CC披萨,高德 ID 查询未返回该父 POI；不从地址猜名称
B0FFHW79YT,1,贵阳市观山湖区财富美食店(世纪金源国际财富中心E栋店),高德 ID 查询未返回该父 POI；不从地址猜名称
B0FFHWB3DH,1,庭院小厨(金狮小区顺海苑店),高德 ID 查询未返回该父 POI；不从地址猜名称
B0FFHXOBJD,1,黔城牛肉粉(半山小镇店),高德 ID 查询未返回该父 POI；不从地址猜名称
B0FFHZZT3T,1,米兰西饼生日蛋糕(息烽店),高德 ID 查询未返回该父 POI；不从地址猜名称
B0FFI1C123,1,冉林禾土黄牛肉粉(K区店),高德 ID 查询未返回该父 POI；不从地址猜名称
B0FFI291BL,1,众园私房菜(兰花广场店),高德 ID 查询未返回该父 POI；不从地址猜名称
B0FFI29B97,1,鸡情渔意火锅店,高德 ID 查询未返回该父 POI；不从地址猜名称
B0FFI5GWSC,1,牛三爷嫩牛五方(花果园J区店),高德 ID 查询未返回该父 POI；不从地址猜名称
B0FFI8PKHF,1,5号隆江猪脚饭·肠粉·广式烧腊,高德 ID 查询未返回该父 POI；不从地址猜名称
B0FFIBSZ98,1,老香港炸鸡(花果园店),高德 ID 查询未返回该父 POI；不从地址猜名称
B0FFID9R25,1,欧洲田园纯正欧式蛋糕(花果园q区店),高德 ID 查询未返回该父 POI；不从地址猜名称
B0FFILBWPF,1,常孃烤肉(E1组团),高德 ID 查询未返回该父 POI；不从地址猜名称
B0FFILCOAQ,1,长久香芝麻素粉(红街店),高德 ID 查询未返回该父 POI；不从地址猜名称
B0FFILMFSS,1,一碗粥,高德 ID 查询未返回该父 POI；不从地址猜名称
B0FFIN81S1,1,沙县小吃(驾驶员公寓店),高德 ID 查询未返回该父 POI；不从地址猜名称
B0FFIOT8Y3,1,巴比鲜包(小车河路店),高德 ID 查询未返回该父 POI；不从地址猜名称
B0FFIP4QU1,1,马记麻辣牛肉香锅(金龙国际花园店),高德 ID 查询未返回该父 POI；不从地址猜名称
B0FFIP69KC,1,白小甜手工酸奶金龙国际店,高德 ID 查询未返回该父 POI；不从地址猜名称
B0FFIPE6YR,1,一颗法棍Bakery,高德 ID 查询未返回该父 POI；不从地址猜名称
B0FFIPH8N0,1,老四肠旺面(金元国际新城南区店),高德 ID 查询未返回该父 POI；不从地址猜名称
B0FFIPIN8D,1,云山下息烽阳朗辣子鸡(华润店),高德 ID 查询未返回该父 POI；不从地址猜名称
B0FFIPT7WX,1,亿碗牛肉粉(中天甜蜜小镇2组团店),高德 ID 查询未返回该父 POI；不从地址猜名称
B0FFIQZ3LC,1,缘来手撕豆腐,高德 ID 查询未返回该父 POI；不从地址猜名称
B0FFIS3M0H,1,锅圈食汇火锅烧烤食材超市(花果园K区店),高德 ID 查询未返回该父 POI；不从地址猜名称
B0FFIT941U,1,大嫂农家小院,高德 ID 查询未返回该父 POI；不从地址猜名称
B0FFIUOJSM,1,云里雾都音乐火锅(云城尚品店),高德 ID 查询未返回该父 POI；不从地址猜名称
B0FFIZRN1G,1,食德天(花果园店),高德 ID 查询未返回该父 POI；不从地址猜名称
B0FFJ1E835,1,金顶山小梅嬢清水烫半山小镇店,高德 ID 查询未返回该父 POI；不从地址猜名称
B0FFJ45WRL,1,上海留香包(贵阳绕城高速店),高德 ID 查询未返回该父 POI；不从地址猜名称
B0FFJ4INQP,1,金沙羊肉粉(羊肉火锅),高德 ID 查询未返回该父 POI；不从地址猜名称
B0FFJ4INQV,1,甑香卤鹅(优品城邦店),高德 ID 查询未返回该父 POI；不从地址猜名称
B0FFJAA4K5,1,百步香小豆腐,高德 ID 查询未返回该父 POI；不从地址猜名称
B0FFJEOMTQ,1,古茗(小河万科大都会店),高德 ID 查询未返回该父 POI；不从地址猜名称
B0FFJHJIJY,1,小瑾烧烤,高德 ID 查询未返回该父 POI；不从地址猜名称
B0FFJHQS2R,1,正宗四川地烤,高德 ID 查询未返回该父 POI；不从地址猜名称
B0FFJJUU4W,1,香辣园酒楼(云城尚品A3-2组团店),高德 ID 查询未返回该父 POI；不从地址猜名称
B0FFJMMREJ,1,菌山生·汽锅鸡·野生菌·山珍餐厅,高德 ID 查询未返回该父 POI；不从地址猜名称
B0FFJN9YBM,1,明堂肠旺面湖南面,高德 ID 查询未返回该父 POI；不从地址猜名称
B0FFJTA08H,1,几度三酉,高德 ID 查询未返回该父 POI；不从地址猜名称
B0FFJV73BE,1,黔老奶馋嘴熊精品水果店(云城尚品店),高德 ID 查询未返回该父 POI；不从地址猜名称
B0FFJWKKZK,1,熊二小菜馆(甘平路店),高德 ID 查询未返回该父 POI；不从地址猜名称
B0FFK087O5,1,老兵铁签碳烤鲜肉,高德 ID 查询未返回该父 POI；不从地址猜名称
B0FFK090Z6,1,豆豆妈炸货铺,高德 ID 查询未返回该父 POI；不从地址猜名称
B0FFK51GI7,1,李燕春卷(渝鑫·西班牙风情街店),高德 ID 查询未返回该父 POI；不从地址猜名称
B0FFK5OJC9,1,盘县普田铜锅牛肉(俊发城店),高德 ID 查询未返回该父 POI；不从地址猜名称
B0FFK7LNJD,1,老杨素粉,高德 ID 查询未返回该父 POI；不从地址猜名称
B0FFK7MBV1,1,四哥酸辣烫,高德 ID 查询未返回该父 POI；不从地址猜名称
B0FFK7N4CW,1,盘县普田铜锅牛肉(香江路店),高德 ID 查询未返回该父 POI；不从地址猜名称
B0FFK7OHOL,1,豫贵和香饺(新添大道北段店),高德 ID 查询未返回该父 POI；不从地址猜名称
B0FFK7WTDM,1,奇香园·辣子鸡原生态文化餐厅(多彩贵州城店),高德 ID 查询未返回该父 POI；不从地址猜名称
B0FFK7WVP0,1,小白+参鱼片自助火锅,高德 ID 查询未返回该父 POI；不从地址猜名称
B0FFK7ZLED,1,忆虾缘(深港商贸城店),高德 ID 查询未返回该父 POI；不从地址猜名称
B0FFK800VV,1,食趣快餐(麒龙金翠湾店),高德 ID 查询未返回该父 POI；不从地址猜名称
B0FFK80ZHH,1,香遇乐厨(香江路店),高德 ID 查询未返回该父 POI；不从地址猜名称
B0FFK86FQ2,1,迎宾饭店(北大资源梦想城店),高德 ID 查询未返回该父 POI；不从地址猜名称
B0FFK872GD,1,杨记老一中素粉(金翠湾店),高德 ID 查询未返回该父 POI；不从地址猜名称
B0FFK8BZCG,1,贵大毕活油烙锅(北站店),高德 ID 查询未返回该父 POI；不从地址猜名称
B0FFK8D19F,1,川黔土菜馆(水云布依家园店),高德 ID 查询未返回该父 POI；不从地址猜名称
B0FFK8HIGD,1,王厂长重庆老火锅,高德 ID 查询未返回该父 POI；不从地址猜名称
B0FFKAU4B7,1,陈记肠旺面,高德 ID 查询未返回该父 POI；不从地址猜名称
B0FFKC2TOC,1,还是老原味火锅,高德 ID 查询未返回该父 POI；不从地址猜名称
B0FFKCBR7B,1,福东来黔西土黄牛肉粉,高德 ID 查询未返回该父 POI；不从地址猜名称
B0FFKCLDNH,1,往香百味(方源广场店),高德 ID 查询未返回该父 POI；不从地址猜名称
B0FFKCSMRF,1,兰州牛肉拉面(阳关大道店),高德 ID 查询未返回该父 POI；不从地址猜名称
B0FFKDSM90,1,老好吃烤坊留一手烤鱼,高德 ID 查询未返回该父 POI；不从地址猜名称
B0FFKEBQNS,1,黔旺角烟酒店,高德 ID 查询未返回该父 POI；不从地址猜名称
B0FFKEUYDZ,1,李与白((贵阳万科大都会店)),高德 ID 查询未返回该父 POI；不从地址猜名称
B0FFKI3N0W,1,香客来豆干火锅,高德 ID 查询未返回该父 POI；不从地址猜名称
B0FFKJVVTF,1,陆喜饭店(滨湖俊园店),高德 ID 查询未返回该父 POI；不从地址猜名称
B0FFKK2JJD,1,鹊有巢咖啡精品艺术民宿(贵阳观山湖会展城金融城店),高德 ID 查询未返回该父 POI；不从地址猜名称
B0FFKKBSEJ,1,香香富硒食府,高德 ID 查询未返回该父 POI；不从地址猜名称
B0FFKKEZY8,1,森咖啡(金融大厦店),高德 ID 查询未返回该父 POI；不从地址猜名称
B0FFKKGCIB,1,惠诚滋知(新添商业街店),高德 ID 查询未返回该父 POI；不从地址猜名称
B0FFKKGY9A,1,夏姨妈素粉馆(观山湖区店),高德 ID 查询未返回该父 POI；不从地址猜名称
B0FFKKNO33,1,红砖房(绿地新都会店)(暂停营业),高德 ID 查询未返回该父 POI；不从地址猜名称
B0FFKKTIPS,1,郑记遵义豆花面(美的·林城时代店),高德 ID 查询未返回该父 POI；不从地址猜名称
B0FFKL35ML,1,邱氏梦想法式西点店,高德 ID 查询未返回该父 POI；不从地址猜名称
B0FFKL52FC,1,烧烤匠(阳光地带店),高德 ID 查询未返回该父 POI；不从地址猜名称
B0FFKLETEZ,1,东湖小苑(休闲山庄),高德 ID 查询未返回该父 POI；不从地址猜名称
B0FFKLZUKY,1,金顶山小梅孃清水烫(万科大都会分店),高德 ID 查询未返回该父 POI；不从地址猜名称
B0FFKM6KDH,1,开阳特色土豆片,高德 ID 查询未返回该父 POI；不从地址猜名称
B0FFKM7UU9,1,华莱士·全鸡汉堡(湿地公园店),高德 ID 查询未返回该父 POI；不从地址猜名称
B0FFKUWZD8,1,TAKE獭客壹玖烘焙店(中天未来方舟店),高德 ID 查询未返回该父 POI；不从地址猜名称
B0FFKW9K0O,1,慢漫咖啡馆(北大资源缤纷广场店),高德 ID 查询未返回该父 POI；不从地址猜名称
B0FFKWPQ0M,1,云成土灶烙锅,高德 ID 查询未返回该父 POI；不从地址猜名称
B0FFKWS3SQ,1,爸比爸爸辅食馆(总店),高德 ID 查询未返回该父 POI；不从地址猜名称
B0FFKXVV8Q,1,卤小念牛肉粉(青山店),高德 ID 查询未返回该父 POI；不从地址猜名称
B0FFL0ETCY,1,兰州拉面(陆航汽配城店),高德 ID 查询未返回该父 POI；不从地址猜名称
B0FFL1ZJUH,1,贵州龙(乌当广场店),高德 ID 查询未返回该父 POI；不从地址猜名称
B0FFL2V7F2,1,司马烤鱼,高德 ID 查询未返回该父 POI；不从地址猜名称
B0FFL4DUBS,1,周二大青山清真牛肉馆(贵阳分店),高德 ID 查询未返回该父 POI；不从地址猜名称
B0FFL5B04D,1,鱼米厢火锅家常菜(中铁逸都店),高德 ID 查询未返回该父 POI；不从地址猜名称
B0FFL6O8KY,1,杨家豆花面馆,高德 ID 查询未返回该父 POI；不从地址猜名称
B0FFL827UM,1,菌山珍野生菌土菜馆,高德 ID 查询未返回该父 POI；不从地址猜名称
B0FFL88SYD,1,王记特色烤鱼,高德 ID 查询未返回该父 POI；不从地址猜名称
B0FFLAZZQ8,1,香满园(珠江路店),高德 ID 查询未返回该父 POI；不从地址猜名称
B0FFLEWZWI,1,果沐冰浆,高德 ID 查询未返回该父 POI；不从地址猜名称
B0FFLJHHMZ,1,塔斯汀中国汉堡,高德 ID 查询未返回该父 POI；不从地址猜名称
B0FFM1VIZY,1,尤记烫菜,高德 ID 查询未返回该父 POI；不从地址猜名称
B0FFM4HBKP,1,火火丝娃娃飘锅爆炒(青山小区店),高德 ID 查询未返回该父 POI；不从地址猜名称
B0FFM526NT,1,胖妹乌江豆腐鱼(贵水黔鱼店),高德 ID 查询未返回该父 POI；不从地址猜名称
B0FFM54XFR,1,许记裹卷,高德 ID 查询未返回该父 POI；不从地址猜名称
B0FFM58J97,1,新疆特色羔羊串,高德 ID 查询未返回该父 POI；不从地址猜名称
B0FFM5HMIW,1,山滋羊火锅,高德 ID 查询未返回该父 POI；不从地址猜名称
B0FFM9YMTB,1,楼脚酸汤牛肉(恒大中央广场店),高德 ID 查询未返回该父 POI；不从地址猜名称
B0G19M9A34,1,九品香辣素粉,高德 ID 查询未返回该父 POI；不从地址猜名称
B0G1SA7VY4,1,盘县普田牛肉火锅城(金阳三分店),高德 ID 查询未返回该父 POI；不从地址猜名称
B0G1SA9IXT,1,水城有家羊肉粉(龙泉新村店),高德 ID 查询未返回该父 POI；不从地址猜名称
B0G26SLVE5,1,甲丁记烤鹅掌翅(乌当店),高德 ID 查询未返回该父 POI；不从地址猜名称
B0G3OA94W3,1,兄弟石磨嫩豆花火锅(世纪佳苑店),高德 ID 查询未返回该父 POI；不从地址猜名称
B0GKGA5PST,1,野人烤肉(保利溪湖店)(暂停营业),高德 ID 查询未返回该父 POI；不从地址猜名称
B0GR3HHJ78,1,巷子里私房菜馆(万科悦城店),高德 ID 查询未返回该父 POI；不从地址猜名称
B0GRT9GSOR,1,尚膳·黔味坊,高德 ID 查询未返回该父 POI；不从地址猜名称
B0H2TSNHFS,1,清和轩茶艺休闲棋牌室(中天未来方舟F2组团店),高德 ID 查询未返回该父 POI；不从地址猜名称
B0H3HAY1JO,1,正宗沙县小吃(双龙御景新城店),高德 ID 查询未返回该父 POI；不从地址猜名称
B0H3YC7F9F,1,湘府相诚餐饮店(天一国际广场店),高德 ID 查询未返回该父 POI；不从地址猜名称
B0H60ZIV68,1,黔春食府(恒大帝景店),高德 ID 查询未返回该父 POI；不从地址猜名称
B0H6Y6590Y,1,老贵阳烧洋芋烤豆干(贵钢店),高德 ID 查询未返回该父 POI；不从地址猜名称
B0HB3M774O,1,回头客餐馆(青山路店),高德 ID 查询未返回该父 POI；不从地址猜名称
B0HDMHUDP0,1,符记老奶烤肉,高德 ID 查询未返回该父 POI；不从地址猜名称
B0HDNRF9BP,1,金沙袁记羊肉粉·火锅(华润店),高德 ID 查询未返回该父 POI；不从地址猜名称
B0HGA51DUP,1,遵义化工厂烤鸡(小河店),高德 ID 查询未返回该父 POI；不从地址猜名称
B0HGPAS12M,1,福耳烤鱼,高德 ID 查询未返回该父 POI；不从地址猜名称
B0HKUHUM39,1,花溪牛肉粉(华润悦府H区店),高德 ID 查询未返回该父 POI；不从地址猜名称
B0HUNZ9HQ6,1,殷大厨鲜牛肉火锅·炒菜(阅山湖店),高德 ID 查询未返回该父 POI；不从地址猜名称
B0HUVA11VR,1,淳燕姨妈现炖燕窝观山湖店,高德 ID 查询未返回该父 POI；不从地址猜名称
B0I0OK0490,1,蚝门炒蟹(花溪店),高德 ID 查询未返回该父 POI；不从地址猜名称
B0I0OK0CQT,1,唐老五酒楼,高德 ID 查询未返回该父 POI；不从地址猜名称
B0I0OK0CXN,1,张记红焖牛肉粉(融创九樾府B区店),高德 ID 查询未返回该父 POI；不从地址猜名称
B0I0OK16QC,1,蜜雪冰城(肉联厂店),高德 ID 查询未返回该父 POI；不从地址猜名称
B0I0OK1ZWK,1,925香辣蟹,高德 ID 查询未返回该父 POI；不从地址猜名称
B0I0OK28QX,1,子一餐厅,高德 ID 查询未返回该父 POI；不从地址猜名称
B0I0OK2O2Z,1,葛姨妈·私房菜,高德 ID 查询未返回该父 POI；不从地址猜名称
B0I0OKXBNJ,1,cj娇点心,高德 ID 查询未返回该父 POI；不从地址猜名称
B0I0OKYE5Y,1,华莱士·全鸡汉堡(黄河店),高德 ID 查询未返回该父 POI；不从地址猜名称
B0I0OKYNQ6,1,栖西炸串小吃(天娇欣园店),高德 ID 查询未返回该父 POI；不从地址猜名称
B0I0OKYV2A,1,江海干锅肥肠鸡火锅,高德 ID 查询未返回该父 POI；不从地址猜名称
B0I0OKZH9M,1,脆霸酱爆烤肉小豆腐(珠江公寓店),高德 ID 查询未返回该父 POI；不从地址猜名称
B0I10749MI,1,新康乐园饼业,高德 ID 查询未返回该父 POI；不从地址猜名称
B0I1076LC3,1,正宗遵义虾子肖老大羊肉粉(华丰食品城店),高德 ID 查询未返回该父 POI；不从地址猜名称
B0I1FHMNVP,1,凤港咖啡(天一店),高德 ID 查询未返回该父 POI；不从地址猜名称
B0I1FHNY1H,1,黔中傩厨,高德 ID 查询未返回该父 POI；不从地址猜名称
B0I1FHODCU,1,沙土羊肉粉天一国际店,高德 ID 查询未返回该父 POI；不从地址猜名称
B0I1FHP0IP,1,陈记刀削面(金源街一分店),高德 ID 查询未返回该父 POI；不从地址猜名称
B0I1FHPYE2,1,老莆仙餐饮店,高德 ID 查询未返回该父 POI；不从地址猜名称
B0I1X6ECDH,1,小肥猪地摊火锅(崇才路店),高德 ID 查询未返回该父 POI；不从地址猜名称
B0I1X6F31F,1,佬断桥青椒鱼(未来方舟店),高德 ID 查询未返回该父 POI；不从地址猜名称
B0I1X6F40I,1,八方土黄牛肉粉馆(景秀银座组团店),高德 ID 查询未返回该父 POI；不从地址猜名称
B0I1X6FAX3,1,兰姐酸笋火锅(喷水池店),高德 ID 查询未返回该父 POI；不从地址猜名称
B0I1X6FI2Z,1,李爆爆天麻籽炖土鸡(半岛国际店),高德 ID 查询未返回该父 POI；不从地址猜名称
B0I1X6FQEG,1,张记人剧卤味烫菜(乌当店),高德 ID 查询未返回该父 POI；不从地址猜名称
B0I1X6FYU8,1,兴义罗记豆米火锅,高德 ID 查询未返回该父 POI；不从地址猜名称
B0I1X6GFKN,1,留一手特色烤鱼(青山小区店),高德 ID 查询未返回该父 POI；不从地址猜名称
B0I1X6GFP1,1,自助火锅(碧桂园贵安1号天域苑店),高德 ID 查询未返回该父 POI；不从地址猜名称
B0I1X6GKH9,1,班记留一手烤鱼(美的国宾府店),高德 ID 查询未返回该父 POI；不从地址猜名称
B0I1X6GUKR,1,贵阳甲秀普寸心源茶室,高德 ID 查询未返回该父 POI；不从地址猜名称
B0I1X6HFPK,1,智霞铁板烧,高德 ID 查询未返回该父 POI；不从地址猜名称
B0I1X6HOPN,1,熊大爷现包饺子(乌当新天店),高德 ID 查询未返回该父 POI；不从地址猜名称
B0I1X6IBCK,1,五十鼎老贵阳烤鸡(珍珠湾直营店),高德 ID 查询未返回该父 POI；不从地址猜名称
B0I1X6IBSK,1,正宗河间驴肉火烧,高德 ID 查询未返回该父 POI；不从地址猜名称
B0I1X6IHHI,1,刘氏糕点(南厂路店),高德 ID 查询未返回该父 POI；不从地址猜名称
B0I1X6IPBO,1,苗东家私房菜(远大店),高德 ID 查询未返回该父 POI；不从地址猜名称
B0I1X6J58N,1,隐柿私房菜,高德 ID 查询未返回该父 POI；不从地址猜名称
B0I1X6K5VB,1,盘县铜锅牛肉(总店),高德 ID 查询未返回该父 POI；不从地址猜名称
B0I1XKG9UJ,1,刘关张把子肉(紫林广场店),高德 ID 查询未返回该父 POI；不从地址猜名称
B0I1XKICSN,1,唐记烙锅上的烤肉(云城尚品A3-3组团店),高德 ID 查询未返回该父 POI；不从地址猜名称
B0I1XKKLL5,1,花溪惠祥马肉馆,高德 ID 查询未返回该父 POI；不从地址猜名称
B0I1XKKSRS,1,丁记手工粉,高德 ID 查询未返回该父 POI；不从地址猜名称
B0I1XKL06I,1,姐弟家常菜,高德 ID 查询未返回该父 POI；不从地址猜名称
B0I2HC5M2Y,1,食全酒美烙锅屋(贵阳绕城高速店),高德 ID 查询未返回该父 POI；不从地址猜名称
B0I32SLG55,1,慕昔提咖啡(福州街店),高德 ID 查询未返回该父 POI；不从地址猜名称
B0I3YCLC1Y,1,品味砂锅酸辣烫(恒大城三期店),高德 ID 查询未返回该父 POI；不从地址猜名称
B0IA95NSB8,1,筑城大师傅肠旺面(都司路店),高德 ID 查询未返回该父 POI；不从地址猜名称
B0IA95OKYC,1,咕咕鸡云南菌菇土鸡煲(未来方舟店),高德 ID 查询未返回该父 POI；不从地址猜名称
B0IA95OU2R,1,华莱士·全鸡汉堡(贵阳清镇云梦小镇店),高德 ID 查询未返回该父 POI；不从地址猜名称
B0IA95P1VS,1,袁记云饺(云岩区未来方舟芳草地小学店),高德 ID 查询未返回该父 POI；不从地址猜名称
B0IA95PTX1,1,宜胡子烤肉(万科翡翠滨江店),高德 ID 查询未返回该父 POI；不从地址猜名称
B0IA95PUN2,1,南方丛鹿精酿(酿造工坊),高德 ID 查询未返回该父 POI；不从地址猜名称
B0IA95QW8I,1,云梦小镇老年食堂,高德 ID 查询未返回该父 POI；不从地址猜名称
B0IA95QWJT,1,塔斯汀中国汉堡(修文上和国际店),高德 ID 查询未返回该父 POI；不从地址猜名称
B0IA95R0CP,1,谢氏大方特色火锅(大关城市花园店),高德 ID 查询未返回该父 POI；不从地址猜名称
B0IA9DLEMY,1,望香园菜馆(官井路社区店),高德 ID 查询未返回该父 POI；不从地址猜名称
B0IA9DM1T6,1,塔斯汀中国汉堡(优品城邦店),高德 ID 查询未返回该父 POI；不从地址猜名称
B0IA9HM2I8,1,喵次元猫咖店,高德 ID 查询未返回该父 POI；不从地址猜名称
B0IA9HNTUH,1,食佳粉面馆(南垭路店),高德 ID 查询未返回该父 POI；不从地址猜名称
B0IA9HODBL,1,喜面,高德 ID 查询未返回该父 POI；不从地址猜名称
B0IA9HOO89,1,羊码头(中天花园御翠岭店),高德 ID 查询未返回该父 POI；不从地址猜名称
B0IA9HOYHW,1,方氏杭州小笼包(大关城市花园店),高德 ID 查询未返回该父 POI；不从地址猜名称
B0IA9HP59Z,1,元祖食品(未来方舟店),高德 ID 查询未返回该父 POI；不从地址猜名称
B0IA9HP6HR,1,龙哥的士快餐,高德 ID 查询未返回该父 POI；不从地址猜名称
B0IA9HPIJ8,1,六龙特色豆干火锅,高德 ID 查询未返回该父 POI；不从地址猜名称
B0IA9HPLL2,1,东北劲水饺馆(未来方舟店),高德 ID 查询未返回该父 POI；不从地址猜名称
B0IA9HQ6W3,1,杨记苗家凯里酸(开洲大厦店),高德 ID 查询未返回该父 POI；不从地址猜名称
B0IA9HQ7A2,1,肆囍酒馆(大十字广场店),高德 ID 查询未返回该父 POI；不从地址猜名称
B0IA9HQU54,1,巷往臭豆腐牛肉火锅,高德 ID 查询未返回该父 POI；不从地址猜名称
B0IAC5Q61A,1,浣花糖肆,高德 ID 查询未返回该父 POI；不从地址猜名称
B0IAMK49Z9,1,喜柿·STOSMI(利尔·珍珠湾星城店),高德 ID 查询未返回该父 POI；不从地址猜名称
B0IAMK5CLK,1,李记湘菜馆(洛平新城店),高德 ID 查询未返回该父 POI；不从地址猜名称
B0IAMK5JJN,1,优品盛宴(盛世明珠店),高德 ID 查询未返回该父 POI；不从地址猜名称
B0IAMK5RST,1,黑眼熊寿司(贵阳盘江花园店),高德 ID 查询未返回该父 POI；不从地址猜名称
B0IAMK5ZHE,1,田忞炒鸡坊,高德 ID 查询未返回该父 POI；不从地址猜名称
B0IAMK655G,1,梅老奶素粉(滨河湾店),高德 ID 查询未返回该父 POI；不从地址猜名称
B0IAMK6DXA,1,福建特色馄饨(云景世家店),高德 ID 查询未返回该父 POI；不从地址猜名称
B0IAMK6JH2,1,付记干锅青菜牛肉(阳关小区店),高德 ID 查询未返回该父 POI；不从地址猜名称
B0IAMK6N4A,1,渔城烧烤大排档(渔安新城店),高德 ID 查询未返回该父 POI；不从地址猜名称
B0IAMK6QLG,1,黄记烙锅,高德 ID 查询未返回该父 POI；不从地址猜名称
B0IAMK7070,1,癫公小馆,高德 ID 查询未返回该父 POI；不从地址猜名称
B0IAMK70IH,1,熊猫叮咚·会跳舞的生日蛋糕(白云店),高德 ID 查询未返回该父 POI；不从地址猜名称
B0IAMK73WB,1,西山公园面包厂(汇金店),高德 ID 查询未返回该父 POI；不从地址猜名称
B0IAMK78QX,1,红旗芊白香私厨,高德 ID 查询未返回该父 POI；不从地址猜名称
B0IAMK7BTG,1,罗老吉火锅店(利海·米兰春天店),高德 ID 查询未返回该父 POI；不从地址猜名称
B0IAMK7CD7,1,羊城西饼(花溪榕筑花园店),高德 ID 查询未返回该父 POI；不从地址猜名称
B0IAMK7DHA,1,向记兴仁地摊火锅,高德 ID 查询未返回该父 POI；不从地址猜名称
B0IAMK7JTY,1,卤当家鸭头鸭脖辣卤(中天渔安新城B组团店),高德 ID 查询未返回该父 POI；不从地址猜名称
B0IAMK7MU4,1,彝家土鸡,高德 ID 查询未返回该父 POI；不从地址猜名称
B0IAMK7O36,1,奶奶外婆家乡菜,高德 ID 查询未返回该父 POI；不从地址猜名称
B0IAMK7PFL,1,贤哥砂锅羊肉粉(贵大南苑店),高德 ID 查询未返回该父 POI；不从地址猜名称
B0IAMK7W4H,1,得食辣鸡粉面(改茶路店),高德 ID 查询未返回该父 POI；不从地址猜名称
B0IAMK7ZH2,1,友家红米饭(银河世纪店),高德 ID 查询未返回该父 POI；不从地址猜名称
B0IAMK82W8,1,臻味道烧烤(美林湾店),高德 ID 查询未返回该父 POI；不从地址猜名称
B0IAMK82YM,1,中坝大排档,高德 ID 查询未返回该父 POI；不从地址猜名称
B0IAMK84OR,1,一家亲正宗新疆烤羊肉串(会展城店),高德 ID 查询未返回该父 POI；不从地址猜名称
B0IAMK8AUU,1,鹏亮(盘江花园店),高德 ID 查询未返回该父 POI；不从地址猜名称
B0IAMK8BCS,1,遵义李记本味香羊肉粉(朝庭四季花园店),高德 ID 查询未返回该父 POI；不从地址猜名称
B0IAMK8C10,1,杨大方干锅鹅掌翅(总店),高德 ID 查询未返回该父 POI；不从地址猜名称
B0IAMK8CQ5,1,漆二川菜馆(黑土坝花园店),高德 ID 查询未返回该父 POI；不从地址猜名称
B0IAMK8DHN,1,胖三缘血浆鸭辣子鸡(花溪贵大南苑店),高德 ID 查询未返回该父 POI；不从地址猜名称
B0IAMK8V5X,1,绝味鸭脖(贵阳优品城邦店),高德 ID 查询未返回该父 POI；不从地址猜名称
B0IAMK8Y0G,1,A COFFEE SHOP咖啡小铺,高德 ID 查询未返回该父 POI；不从地址猜名称
B0IAMK8Z80,1,NOWWA挪瓦咖啡(24客贵阳未来方舟10店),高德 ID 查询未返回该父 POI；不从地址猜名称
B0IAMK94I1,1,甜啦啦鲜果茶(万科城C区店),高德 ID 查询未返回该父 POI；不从地址猜名称
B0IAMK9887,1,贵安新区雅食轩家常菜,高德 ID 查询未返回该父 POI；不从地址猜名称
B0IAMK98HR,1,茶百道(贵阳未来方舟H组团店),高德 ID 查询未返回该父 POI；不从地址猜名称
B0IAMK99HL,1,海红土菜馆,高德 ID 查询未返回该父 POI；不从地址猜名称
B0IAMK9GCK,1,食友食府(扶风花园店),高德 ID 查询未返回该父 POI；不从地址猜名称
B0IAMK9OUP,1,羊城西饼(万科玲珑湾店),高德 ID 查询未返回该父 POI；不从地址猜名称
B0IAMK9XMP,1,鲁记正宗盘县普田铜锅牛肉(金龙星岛国际店),高德 ID 查询未返回该父 POI；不从地址猜名称
B0IAMKA2YQ,1,小段家常菜(中建华府店),高德 ID 查询未返回该父 POI；不从地址猜名称
B0IAMKBD18,1,九聚楼(银河世纪尚玺店),高德 ID 查询未返回该父 POI；不从地址猜名称
B0IAMKBDII,1,秦在黔肉夹馍(小河店),高德 ID 查询未返回该父 POI；不从地址猜名称
B0IAMKBDW4,1,古茗(云岩未来方舟店),高德 ID 查询未返回该父 POI；不从地址猜名称
B0IAMKBT0N,1,喜哥炒鸡,高德 ID 查询未返回该父 POI；不从地址猜名称
B0ID066YSV,1,菌好遇见你(中天·金融城国际社区-1期店),高德 ID 查询未返回该父 POI；不从地址猜名称
B0ID067HXX,1,向哥烤肉(中天未来方舟F10组团店),高德 ID 查询未返回该父 POI；不从地址猜名称
B0ID0683UV,1,刘姐大方豆干火锅,高德 ID 查询未返回该父 POI；不从地址猜名称
B0ID069AHA,1,可可同学私房蛋糕,高德 ID 查询未返回该父 POI；不从地址猜名称
B0ID069AVQ,1,小街郑家牛肉粉(富力店),高德 ID 查询未返回该父 POI；不从地址猜名称
B0ID069H7B,1,书亦烧仙草(贵阳清水江路店),高德 ID 查询未返回该父 POI；不从地址猜名称
B0ID069H8A,1,好食鲜,高德 ID 查询未返回该父 POI；不从地址猜名称
B0ID0KCS33,1,巷子里烧烤(观山湖区店),高德 ID 查询未返回该父 POI；不从地址猜名称
B0ID0KCY5F,1,金顶山筒骨清水烫(首钢贵州之光6号地块店),高德 ID 查询未返回该父 POI；不从地址猜名称
B0ID0NEZUK,1,鸭块面猪脚粉(和谐水乡店),高德 ID 查询未返回该父 POI；不从地址猜名称
B0ID0NF4ZA,1,一颗嘎嘎牙签肉,高德 ID 查询未返回该父 POI；不从地址猜名称
B0ID0NFJD4,1,书亦烧仙草(贵阳观山湖观山府店),高德 ID 查询未返回该父 POI；不从地址猜名称
B0ID0NJAW9,1,花园里茶馆(麒龙城市花园店),高德 ID 查询未返回该父 POI；不从地址猜名称
B0IGC7DU24,1,陈氏烤鸡(未来方舟店),高德 ID 查询未返回该父 POI；不从地址猜名称
B0IGC7DUD7,1,黑八清汤(阳晨美林花园店),高德 ID 查询未返回该父 POI；不从地址猜名称
B0IGC7E35R,1,原滋味烧椒牛肉火锅,高德 ID 查询未返回该父 POI；不从地址猜名称
B0IGC7EA2S,1,烟火人间·烤鲫铺,高德 ID 查询未返回该父 POI；不从地址猜名称
B0IGC7EH0R,1,唐记织金八步土烙锅(上寨新苑店),高德 ID 查询未返回该父 POI；不从地址猜名称
B0IGC7EKDV,1,堡来乐(松溪园店),高德 ID 查询未返回该父 POI；不从地址猜名称
B0IGC7ES1O,1,超哥富硒牛肉馆(麒龙香岸美域店),高德 ID 查询未返回该父 POI；不从地址猜名称
B0IGC7EUWU,1,暖燕·姨妈热饮·鲜炖燕窝(未来方舟店),高德 ID 查询未返回该父 POI；不从地址猜名称
B0IGC7EYBO,1,鹊鸣咖啡店,高德 ID 查询未返回该父 POI；不从地址猜名称
B0IGC7FIXR,1,酱香烤鱼城(畔山丽苑店),高德 ID 查询未返回该父 POI；不从地址猜名称
B0IGC7FLDJ,1,汪蹄花·粉面,高德 ID 查询未返回该父 POI；不从地址猜名称
B0IGC7FO5W,1,安妮贝可生日蛋糕(云岩区店),高德 ID 查询未返回该父 POI；不从地址猜名称
B0IGC7FYAR,1,开阳喜食酸辣烫(紫江花园正大门店),高德 ID 查询未返回该父 POI；不从地址猜名称
B0IGC7FZ6W,1,尊宝比萨(新添寨店),高德 ID 查询未返回该父 POI；不从地址猜名称
B0IGC7G42X,1,薇姐厨房(碧海乾图花园店),高德 ID 查询未返回该父 POI；不从地址猜名称
B0IGC7G7FY,1,孙老头·地摊火锅,高德 ID 查询未返回该父 POI；不从地址猜名称
B0IGC7GAOM,1,飘香老上海馄饨铺(万科大都会012分店),高德 ID 查询未返回该父 POI；不从地址猜名称
B0IGC7GCFU,1,华莱士·全鸡汉堡(阳晨美林店),高德 ID 查询未返回该父 POI；不从地址猜名称
B0IGC7GIAB,1,米兰西饼生日蛋糕(南明店),高德 ID 查询未返回该父 POI；不从地址猜名称
B0IGC7GRJF,1,源味老凯里酸汤鱼(酸汤牛肉)总店,高德 ID 查询未返回该父 POI；不从地址猜名称
B0IGC7GZ9R,1,好心情私房菜,高德 ID 查询未返回该父 POI；不从地址猜名称
B0IGC7GZB7,1,沁渔坊三文鱼店,高德 ID 查询未返回该父 POI；不从地址猜名称
B0IGC7H37F,1,肾肠王(幸福大院店),高德 ID 查询未返回该父 POI；不从地址猜名称
B0IGC7H9JH,1,张老五蹄花粉,高德 ID 查询未返回该父 POI；不从地址猜名称
B0IGC7HAGH,1,觉素谧,高德 ID 查询未返回该父 POI；不从地址猜名称
B0IGC7HSLT,1,张记凯里味正酸汤(新天太阳城店),高德 ID 查询未返回该父 POI；不从地址猜名称
B0IGC7HVOK,1,山林咖啡(梵华里奥特莱斯店),高德 ID 查询未返回该父 POI；不从地址猜名称
B0IGC7HVTP,1,洵凡黔味餐馆(贵棉小区店),高德 ID 查询未返回该父 POI；不从地址猜名称
B0IGC7I3X7,1,回味小菜馆,高德 ID 查询未返回该父 POI；不从地址猜名称
B0IGC7IAIM,1,蹋皮哥牛肉馆(星河社区店),高德 ID 查询未返回该父 POI；不从地址猜名称
B0IGCRHBB4,1,粥多点(利尔·上河城店),高德 ID 查询未返回该父 POI；不从地址猜名称
B0IGCRHBXQ,1,谦和舍国学茶苑(中天花园御景湾店),高德 ID 查询未返回该父 POI；不从地址猜名称
B0IGCRHQJZ,1,红状元重庆老火锅(清镇店),高德 ID 查询未返回该父 POI；不从地址猜名称
B0IGCRHQTR,1,方脑壳特色留一手烤鱼(花溪店),高德 ID 查询未返回该父 POI；不从地址猜名称
B0IGCRHYR0,1,霸王茶姬(贵州贵阳清镇三角花园店),高德 ID 查询未返回该父 POI；不从地址猜名称
B0IGCRIODZ,1,修文县菲姐大方豆干火锅(阳明苑店),高德 ID 查询未返回该父 POI；不从地址猜名称
B0IGCRIOHJ,1,大树脚特色餐饮,高德 ID 查询未返回该父 POI；不从地址猜名称
B0IGCRJ3VT,1,凯里正宗特色鹅肉馆(开阳店),高德 ID 查询未返回该父 POI；不从地址猜名称
B0IGCUC5XS,1,冉林禾土黄牛肉粉(富力新天地店),高德 ID 查询未返回该父 POI；不从地址猜名称
B0IRRNA0V0,1,隆江猪脚饭(阳光嘉园店),高德 ID 查询未返回该父 POI；不从地址猜名称
B0IRRNAFDY,1,熹焱·石板烧,高德 ID 查询未返回该父 POI；不从地址猜名称
B0IRRNBBJV,1,陈明顺幺铺毛肚火锅(万科城店),高德 ID 查询未返回该父 POI；不从地址猜名称
B0IRRNC1FH,1,来坐拿手咖啡(花溪碧桂园英格兰小镇店),高德 ID 查询未返回该父 POI；不从地址猜名称
B0IRRNC43F,1,华莱士·全鸡汉堡(万科理想城店),高德 ID 查询未返回该父 POI；不从地址猜名称
B0IRRNCKTY,1,刘老四烤鸡(保利温泉店),高德 ID 查询未返回该父 POI；不从地址猜名称
B0IRRNCNLY,1,吴记重庆留一手烤鱼(铝兴社区店),高德 ID 查询未返回该父 POI；不从地址猜名称
B0IRRNCNN9,1,享之味丝娃娃(清水江生活小区店),高德 ID 查询未返回该父 POI；不从地址猜名称
B0IRRNCPDW,1,老贵阳坨坨糯米饭(锦绣蓝湾店),高德 ID 查询未返回该父 POI；不从地址猜名称
B0IRRNCR00,1,蜜雪冰城(恒大城三期店),高德 ID 查询未返回该父 POI；不从地址猜名称
B0IRRNCWS1,1,开阳老谭香辣鱼庄,高德 ID 查询未返回该父 POI；不从地址猜名称
B0IRRNCYPA,1,品味砂锅酸辣烫(贵阳恒大未来城一期店),高德 ID 查询未返回该父 POI；不从地址猜名称
B0IRRND6L0,1,二妹鱼片火锅(阳晨美林花园店),高德 ID 查询未返回该父 POI；不从地址猜名称
B0IRRNDALI,1,柒火锅(清镇店),高德 ID 查询未返回该父 POI；不从地址猜名称
B0IRRNDRB6,1,几木卤粉川味套饭,高德 ID 查询未返回该父 POI；不从地址猜名称
B0IRRNDTJ2,1,大嘴巴土豆(云关小区店),高德 ID 查询未返回该父 POI；不从地址猜名称
B0IRRNDTOA,1,盘县黄牛肉馆,高德 ID 查询未返回该父 POI；不从地址猜名称
B0IRRNE6JL,1,豪来聚酸辣烫(中国邮政小区店),高德 ID 查询未返回该父 POI；不从地址猜名称
B0IRRNETM4,1,香香家常菜(阳关城市花园店),高德 ID 查询未返回该父 POI；不从地址猜名称
B0IRRNFGFB,1,榕江味道强哥家特色餐馆(恒大中央公园店),高德 ID 查询未返回该父 POI；不从地址猜名称
B0IRRNFOFW,1,杨记农家杀猪饭(董家田公租房店),高德 ID 查询未返回该父 POI；不从地址猜名称
B0IRRNFVH3,1,黔城豆花面(碧桂园·西南上城观山府店),高德 ID 查询未返回该父 POI；不从地址猜名称
B0IRRNG3PQ,1,周记惠水干锅马肉(花石路店),高德 ID 查询未返回该父 POI；不从地址猜名称
B0IU3K6EG7,1,花溪·花溪牛肉粉中央厨房(锦·花溪店),高德 ID 查询未返回该父 POI；不从地址猜名称
B0IU3K6LLU,1,优蔚涞蛋糕(龙源聚乐汇店),高德 ID 查询未返回该父 POI；不从地址猜名称
B0IU3K9BL6,1,榕江忠诚侗家生态牛瘪火锅(恒大都会广场店),高德 ID 查询未返回该父 POI；不从地址猜名称
B0IU3K9ZAR,1,段大锅焖烧鱼火锅,高德 ID 查询未返回该父 POI；不从地址猜名称
B0IU3KA1JW,1,龙湖居私房菜余庆剔骨鸭(小碧路店),高德 ID 查询未返回该父 POI；不从地址猜名称
B0IU3KA4ND,1,邓府私厨(世纪新城半山居店),高德 ID 查询未返回该父 POI；不从地址猜名称
B0IU3KADUF,1,黔天下食府(学府1号店),高德 ID 查询未返回该父 POI；不从地址猜名称
B0IU3KAE17,1,BE Outdoor餐吧(电力巷28号院店),高德 ID 查询未返回该父 POI；不从地址猜名称
B0IU3KAELQ,1,彩荷云饭店,高德 ID 查询未返回该父 POI；不从地址猜名称
B0IU3KAJHD,1,地摊豆花鸡,高德 ID 查询未返回该父 POI；不从地址猜名称
B0IU3KANOA,1,花溪辣鸡面•我嘉丈母娘,高德 ID 查询未返回该父 POI；不从地址猜名称
B0IU3KCAHO,1,老家常酒楼(中环国际B3组团店),高德 ID 查询未返回该父 POI；不从地址猜名称
B0IU3KCAXS,1,黄焖鸡米饭(碧桂园·学府1号小区店),高德 ID 查询未返回该父 POI；不从地址猜名称
B0IU3KD3FS,1,梓然Cafe&kitchen,高德 ID 查询未返回该父 POI；不从地址猜名称
B0IU3KDASH,1,乐乐土黄牛肉粉(旭辉观云·魔立方店),高德 ID 查询未返回该父 POI；不从地址猜名称
B0IU3KEG2A,1,贵州龙(甲秀店),高德 ID 查询未返回该父 POI；不从地址猜名称
B0IU3NAHPK,1,味燃食尚烧烤吧(恒大都会广场店),高德 ID 查询未返回该父 POI；不从地址猜名称
B0IU3NAOSP,1,满口福麻辣香锅(三桥商业街店),高德 ID 查询未返回该父 POI；不从地址猜名称
B0IU3NBGVQ,1,六马砂锅香肉馆,高德 ID 查询未返回该父 POI；不从地址猜名称
B0IU3NBXG9,1,仄间咖啡Z-LEVEL ALERT(富力中心店),高德 ID 查询未返回该父 POI；不从地址猜名称
B0IU3NCJZ6,1,唐记原味烧烤,高德 ID 查询未返回该父 POI；不从地址猜名称
B0IU3NCLI2,1,聚福缘(扶风花园店),高德 ID 查询未返回该父 POI；不从地址猜名称
B0IU3ND00F,1,远洋一家菜(总店),高德 ID 查询未返回该父 POI；不从地址猜名称
B0IU3NDM1I,1,晨茶古道(龙洞堡店),高德 ID 查询未返回该父 POI；不从地址猜名称
B0IU3NEUYP,1,杨小平幺铺毛肚火锅(总店),高德 ID 查询未返回该父 POI；不从地址猜名称
B0IU3NFFQW,1,豆是爱你,高德 ID 查询未返回该父 POI；不从地址猜名称
B0IU3NFG8G,1,有家水城羊肉粉(恒大雅苑店),高德 ID 查询未返回该父 POI；不从地址猜名称
B0IU3NFIEO,1,星火土灶柴火鸡(贝地领航店),高德 ID 查询未返回该父 POI；不从地址猜名称
B0IU3NFWFI,1,陈大师烤鸡(未来方舟店),高德 ID 查询未返回该父 POI；不从地址猜名称
B0IU3NG2TW,1,天津灌汤小笼包(星河社区店),高德 ID 查询未返回该父 POI；不从地址猜名称
B0J0LHROSX,1,国宁烘焙(息烽开磷城A区北区店),高德 ID 查询未返回该父 POI；不从地址猜名称
B0J15C26GW,1,西引の牛排手作意面·焗饭,高德 ID 查询未返回该父 POI；不从地址猜名称
B0J15C3VHB,1,盘县原味牛肉(碧桂园印象花溪店),高德 ID 查询未返回该父 POI；不从地址猜名称
B0J15CXGTZ,1,天津灌汤包(首钢贵州之光10号地块店),高德 ID 查询未返回该父 POI；不从地址猜名称
B0J15CXHPB,1,一品夜焰(碧桂园·云顶壹品一期店),高德 ID 查询未返回该父 POI；不从地址猜名称
B0J15CXP9M,1,老贵阳李记息烽阳朗鸡(交通街店),高德 ID 查询未返回该父 POI；不从地址猜名称
B0J15CYZNI,1,隔壁老杨(装修中),高德 ID 查询未返回该父 POI；不从地址猜名称
B0J1MAW87Y,1,周周遵义豆花面,高德 ID 查询未返回该父 POI；不从地址猜名称
B0J26CM87A,1,广大牛肉粉四店,高德 ID 查询未返回该父 POI；不从地址猜名称
B0J26CQHT9,1,息烽李晋辣子鸡店,高德 ID 查询未返回该父 POI；不从地址猜名称
B0J26HQNCX,1,喻姐盖饭,高德 ID 查询未返回该父 POI；不从地址猜名称
B0J2HS1192,1,老熊留一手烤鱼(清东路店),高德 ID 查询未返回该父 POI；不从地址猜名称
B0J2HS324V,1,东北劲水饺馆(麟鑫商业广场店),高德 ID 查询未返回该父 POI；不从地址猜名称
B0J2HS6BEA,1,凯里鹅肉粉店(明珠大道店),高德 ID 查询未返回该父 POI；不从地址猜名称
B0J2HS76HJ,1,阿亮烧烤(甘平路店),高德 ID 查询未返回该父 POI；不从地址猜名称
B0J2HSC1JM,1,广东原味汤粉,高德 ID 查询未返回该父 POI；不从地址猜名称
B0J2M7UQK6,1,花溪区黔聚帮餐饮屋,高德 ID 查询未返回该父 POI；不从地址猜名称
B0J2P7DBCQ,1,品和友,高德 ID 查询未返回该父 POI；不从地址猜名称
B0J2XKAP0F,1,资丰茶舍,高德 ID 查询未返回该父 POI；不从地址猜名称
B0J2XKB406,1,黔牛汇·酸汤跳水牛肉(大学城店),高德 ID 查询未返回该父 POI；不从地址猜名称
B0J2XKB42V,1,贵大锅灰豆腐自助地摊火锅,高德 ID 查询未返回该父 POI；不从地址猜名称
B0J2XKBZVK,1,贵州西江传说苗侗餐饮活态博物馆,高德 ID 查询未返回该父 POI；不从地址猜名称
B0J3CZ8MBJ,1,小安妹古法秘制坨坨牛腩煲,高德 ID 查询未返回该父 POI；不从地址猜名称
B0J6DSBIAS,1,釜沸·红豆渣渣牛肉火锅(远大店),高德 ID 查询未返回该父 POI；不从地址猜名称
B0J6S602VR,1,惠诚滋知(开阳三店),高德 ID 查询未返回该父 POI；不从地址猜名称
B0J6S60AYK,1,余庆剔骨鸭赤水黑豆花火锅店,高德 ID 查询未返回该父 POI；不从地址猜名称
B0J6S613VI,1,澳洲味道(清镇旗舰店),高德 ID 查询未返回该父 POI；不从地址猜名称
B0J6S6WH7O,1,旺签火锅串串,高德 ID 查询未返回该父 POI；不从地址猜名称
B0J6S6X3B9,1,云顶茶咖(南湖里·翡翠湾店),高德 ID 查询未返回该父 POI；不从地址猜名称
B0J6S6Y6EN,1,老久特色湖南粉面馆(西湖巷19号院店),高德 ID 查询未返回该父 POI；不从地址猜名称
B0J6S6YIV3,1,荣晴盛精品全牛火锅馆,高德 ID 查询未返回该父 POI；不从地址猜名称
B0J6S6YSPG,1,老孔家烙锅(清水江生活小区店),高德 ID 查询未返回该父 POI；不从地址猜名称
B0J6S6YY8A,1,沙县小吃,高德 ID 查询未返回该父 POI；不从地址猜名称
B0J6S6ZDVD,1,稻香村炒菜馆(大西南富力中心B5座店),高德 ID 查询未返回该父 POI；不从地址猜名称
B0J6SK0ZPC,1,张记怪噜粉面馆(麓湖宫店),高德 ID 查询未返回该父 POI；不从地址猜名称
B0J6SK1ICO,1,御香源,高德 ID 查询未返回该父 POI；不从地址猜名称
B0J6SK1QTH,1,贵州山货,高德 ID 查询未返回该父 POI；不从地址猜名称
B0J6SK2SKU,1,有间烤鱼鲜货卤烤,高德 ID 查询未返回该父 POI；不从地址猜名称
B0J6SK3FQ3,1,渝黔饭店,高德 ID 查询未返回该父 POI；不从地址猜名称
B0J6SK3OXB,1,蜜雪冰城(广大城店),高德 ID 查询未返回该父 POI；不从地址猜名称
B0J6SK4K6Q,1,大牛盘县牛肉馆(碧桂园·西南上城天悦府店),高德 ID 查询未返回该父 POI；不从地址猜名称
B0J6SK4RGU,1,烹百味(地矿新庄店),高德 ID 查询未返回该父 POI；不从地址猜名称
B0J6SK5D6U,1,遵义老吴汤圆米粉店,高德 ID 查询未返回该父 POI；不从地址猜名称
B0J6SKWI5L,1,甄聚德北京烤鸭,高德 ID 查询未返回该父 POI；不从地址猜名称
B0J6SKXEHG,1,井井咖啡(水云轩店),高德 ID 查询未返回该父 POI；不从地址猜名称
B0J6SKXEY8,1,小星吃货(云凹花园店),高德 ID 查询未返回该父 POI；不从地址猜名称
B0J6SKXKFE,1,金沙羊肉粉(贵阳白云店),高德 ID 查询未返回该父 POI；不从地址猜名称
B0J6SKY0WI,1,中华名小吃遵义虾子羊肉粉(贵阳南环高速店),高德 ID 查询未返回该父 POI；不从地址猜名称
B0J6SKY1FE,1,贞花茶苑,高德 ID 查询未返回该父 POI；不从地址猜名称
B0J6SKY8R6,1,黔王煎饼·肠粉(富力中心店),高德 ID 查询未返回该父 POI；不从地址猜名称
B0J6SKY9MS,1,牛约堡-牛肉汉堡(贵阳金融城店),高德 ID 查询未返回该父 POI；不从地址猜名称
B0J6SKYGA2,1,独山石家虾酸牛肉,高德 ID 查询未返回该父 POI；不从地址猜名称
B0J6SKYPFZ,1,绝味鸭脖(贵阳白云四店),高德 ID 查询未返回该父 POI；不从地址猜名称
B0J6SKYX4H,1,私淑蚝鲜生•鸡汤生蚝烙锅(会展城店),高德 ID 查询未返回该父 POI；不从地址猜名称
B0J6SKZC1L,1,六龙豆干火锅,高德 ID 查询未返回该父 POI；不从地址猜名称
B0J6SKZION,1,菌美鱼(黔龙大厦店),高德 ID 查询未返回该父 POI；不从地址猜名称
B0J6SKZPHA,1,小老王青岩豆腐烤海鲜(幸福大院店),高德 ID 查询未返回该父 POI；不从地址猜名称
B0J6SKZRK8,1,膳食阁云南正宗天麻火腿鸡,高德 ID 查询未返回该父 POI；不从地址猜名称
B0JA6DGZL1,1,瑞幸咖啡(花果园双子塔A座店),高德 ID 查询未返回该父 POI；不从地址猜名称
B0JA6MDOBH,1,沐沐妈手工鲜膳坊,高德 ID 查询未返回该父 POI；不从地址猜名称
B0JA6MEECP,1,三人行烧烤店,高德 ID 查询未返回该父 POI；不从地址猜名称
B0JA6MGB6E,1,御尚会所咖啡(御府一号一期店),高德 ID 查询未返回该父 POI；不从地址猜名称
B0JA6SFQNI,1,巷黔云餐厅(博爱路店),高德 ID 查询未返回该父 POI；不从地址猜名称
B0JA6SGKGI,1,雪咖啡Snowlab(电力巷店),高德 ID 查询未返回该父 POI；不从地址猜名称
B0JA6SHE9C,1,筑里香·贵阳小炒(首钢店),高德 ID 查询未返回该父 POI；不从地址猜名称
B0JA6SHEVF,1,京御楼北京烤鸭(首钢店),高德 ID 查询未返回该父 POI；不从地址猜名称
B0JA6SINL4,1,晓童香辣素粉店,高德 ID 查询未返回该父 POI；不从地址猜名称
B0JA6SINL5,1,酸溜溜豆豉油渣火锅(中天宅吉大厦店),高德 ID 查询未返回该父 POI；不从地址猜名称
B0JA6UFE63,1,梵净山江口鱼店(龙缘聚乐汇店),高德 ID 查询未返回该父 POI；不从地址猜名称
B0JA6UHHOJ,1,猫家榴榴(龙洞堡远洋店),高德 ID 查询未返回该父 POI；不从地址猜名称
B0JA6UIY95,1,湛江人家(银花家园店),高德 ID 查询未返回该父 POI；不从地址猜名称
B0JA6UIYAL,1,高六高宵夜海鲜大排档,高德 ID 查询未返回该父 POI；不从地址猜名称
B0JA6UK0JO,1,桃江-鲜鱼杂火锅(米兰春天店),高德 ID 查询未返回该父 POI；不从地址猜名称
B0JA6UKG07,1,杨莽莽烤肉(白云店),高德 ID 查询未返回该父 POI；不从地址猜名称
B0JA6ZCLGC,1,赤水黑豆花山野菜火锅(百花新城店),高德 ID 查询未返回该父 POI；不从地址猜名称
B0JA6ZGCQA,1,意扬土黄牛肉粉(珑誉店),高德 ID 查询未返回该父 POI；不从地址猜名称
B0JAA7JIBT,1,享哆味·汉堡炸鸡(云岩金关店),高德 ID 查询未返回该父 POI；不从地址猜名称
B0JAA7JIBU,1,佬断桥青椒鱼(金关店),高德 ID 查询未返回该父 POI；不从地址猜名称
B0JAAMI56Z,1,吮芝味韩式炸鸡汉堡贵州花溪店,高德 ID 查询未返回该父 POI；不从地址猜名称
B0JAAMIKOB,1,毕节特色豆干火锅,高德 ID 查询未返回该父 POI；不从地址猜名称
B0JAAMIKOX,1,闽惠香馄饨,高德 ID 查询未返回该父 POI；不从地址猜名称
B0JAAMJ7QX,1,丫米烘焙私厨(金元国际新城北区店),高德 ID 查询未返回该父 POI；不从地址猜名称
B0JAAZ78UQ,1,云栖私房菜,高德 ID 查询未返回该父 POI；不从地址猜名称
B0JAB7PGC6,1,观山湖区刘记牛之味粉面馆,高德 ID 查询未返回该父 POI；不从地址猜名称
B0JAB7QPJF,1,山阅里花艺,高德 ID 查询未返回该父 POI；不从地址猜名称
B0JAB7TXEL,1,领头羊水城羊肉粉(万科城店),高德 ID 查询未返回该父 POI；不从地址猜名称
B0JAGAFWOB,1,袁记小黑猪地摊火锅,高德 ID 查询未返回该父 POI；不从地址猜名称
B0JAGC99D0,1,贵州风味(贵阳北站店),高德 ID 查询未返回该父 POI；不从地址猜名称
B0JAGMABRU,1,黔筑愚夫老三鲜(小河店),高德 ID 查询未返回该父 POI；不从地址猜名称
B0JAGMFWGG,1,华莱士·全鸡汉堡(会展城店),高德 ID 查询未返回该父 POI；不从地址猜名称
B0JAGMFWGJ,1,平坝清真牛肉馆(王武安置房店),高德 ID 查询未返回该父 POI；不从地址猜名称
B0JANAJ1OV,1,黔乡妹活油烙锅(云岩店),高德 ID 查询未返回该父 POI；不从地址猜名称
B0JANANVLG,1,一西西美蛙鱼自助火锅(小河店)(暂停营业),高德 ID 查询未返回该父 POI；不从地址猜名称
B0JANAOPY7,1,艺厨楼(祥厚居店),高德 ID 查询未返回该父 POI；不从地址猜名称
B0JANMHZ36,1,邵记芝麻素粉(天林花园西区店),高德 ID 查询未返回该父 POI；不从地址猜名称
B0JANMIEIM,1,张记怪噜粉(观山湖分店),高德 ID 查询未返回该父 POI；不从地址猜名称
B0JANMIM7A,1,老黄牛肉粉(绿洲湾小区2期店),高德 ID 查询未返回该父 POI；不从地址猜名称
B0JANMLS9J,1,黔渔翁豆花渎鱼(甲秀楼超级店),高德 ID 查询未返回该父 POI；不从地址猜名称
B0JANMMCJO,1,黔味地摊火锅(东山店),高德 ID 查询未返回该父 POI；不从地址猜名称
B0JANMNVJ6,1,贵阳原汤牛肉粉(解放路分店),高德 ID 查询未返回该父 POI；不从地址猜名称
B0JANMOPOG,1,黔味,高德 ID 查询未返回该父 POI；不从地址猜名称
B0JANMOPQ1,1,樊四爷蹄花粉,高德 ID 查询未返回该父 POI；不从地址猜名称
B0JANSJWMF,1,杜府牛羊肉(云人轩新黔小区店),高德 ID 查询未返回该父 POI；不从地址猜名称
B0JANSMKGC,1,杨记胡子烤肉(总店),高德 ID 查询未返回该父 POI；不从地址猜名称
B0JANSPIM1,1,葫芦烤鸡,高德 ID 查询未返回该父 POI；不从地址猜名称
B0JAP72EFX,1,谭胖子私房菜(银地班芙小镇店),高德 ID 查询未返回该父 POI；不从地址猜名称
B0JAP76O1B,1,Doris庄园,高德 ID 查询未返回该父 POI；不从地址猜名称
B0JAPL8D31,1,高记安顺牛肉粉(恒大文化旅游城店),高德 ID 查询未返回该父 POI；不从地址猜名称
B0JAPM0Q3A,1,恩施宋鸭子(观山湖会展城店),高德 ID 查询未返回该父 POI；不从地址猜名称
B0JAPM1ZIU,1,四个朋友(碧桂园映山府店),高德 ID 查询未返回该父 POI；不从地址猜名称
B0JAPS1DFU,1,豪艺粉面馆(洛平新城店),高德 ID 查询未返回该父 POI；不从地址猜名称
B0JAPSZMOR,1,普天社区食堂,高德 ID 查询未返回该父 POI；不从地址猜名称
B0JAPU28JH,1,熊姐私房菜(阳光花园店),高德 ID 查询未返回该父 POI；不从地址猜名称
B0JAPU2E5K,1,悠悠茶·手作EasyDrinks,高德 ID 查询未返回该父 POI；不从地址猜名称
B0JAPU43B2,1,惟惟炒鸡,高德 ID 查询未返回该父 POI；不从地址猜名称
B0JAPZ27FW,1,杨记正宗贵北炸酱面(宅吉路2号院店),高德 ID 查询未返回该父 POI；不从地址猜名称
B0JAXA69RB,1,千友富钰金沙沙土羊肉粉,高德 ID 查询未返回该父 POI；不从地址猜名称
B0JAY59B7C,1,燚椒堂烧椒牛肉(龙湖店),高德 ID 查询未返回该父 POI；不从地址猜名称
B0JAY5A614,1,辣子烧烤,高德 ID 查询未返回该父 POI；不从地址猜名称
B0JAY5GT9R,1,小马哥鲜烫鸡,高德 ID 查询未返回该父 POI；不从地址猜名称
B0JAY5H110,1,盘州普田铜锅牛肉,高德 ID 查询未返回该父 POI；不从地址猜名称
B0JAYZAGLB,1,野步到味,高德 ID 查询未返回该父 POI；不从地址猜名称
B0JAZ53VP3,1,绝味鸭脖(腾龙湾店),高德 ID 查询未返回该父 POI；不从地址猜名称
B0JAZ54Y5D,1,春喜美蛙自助火锅(腾龙湾店),高德 ID 查询未返回该父 POI；不从地址猜名称
B0JAZ58DL5,1,小胖墩销魂鸡腿,高德 ID 查询未返回该父 POI；不从地址猜名称
B0JAZ58DL6,1,薛记瓦罐豆花烤鱼(腾龙湾店),高德 ID 查询未返回该父 POI；不从地址猜名称
B0JB16120T,1,小朱妹小吃店(贵州特色小吃),高德 ID 查询未返回该父 POI；不从地址猜名称
B0JB161H8N,1,贵燃香辣大虾,高德 ID 查询未返回该父 POI；不从地址猜名称
B0JB161HD5,1,seekseeking云涧溪山,高德 ID 查询未返回该父 POI；不从地址猜名称
B0JB161N3R,1,一个茶牌坊,高德 ID 查询未返回该父 POI；不从地址猜名称
B0JB161UCG,1,金顶山三喜清水烫,高德 ID 查询未返回该父 POI；不从地址猜名称
B0JB161UWI,1,万庆餐馆(碧桂园·西南上城天悦府店),高德 ID 查询未返回该父 POI；不从地址猜名称
B0JB1622GR,1,二师兄农家土猪肉地滩火锅(梵华里店),高德 ID 查询未返回该父 POI；不从地址猜名称
B0JB162GMW,1,渔水湾时尚美食(乌当区店),高德 ID 查询未返回该父 POI；不从地址猜名称
B0JB162H9O,1,姜记豆米火锅野菜馆(百花新苑店),高德 ID 查询未返回该父 POI；不从地址猜名称
B0JB162ICH,1,周安全串串香(贵阳青山小区店),高德 ID 查询未返回该父 POI；不从地址猜名称
B0JB163IWT,1,脱骨香(尖山路店),高德 ID 查询未返回该父 POI；不从地址猜名称
B0JB163P6M,1,桥头杀猪饭(旺民路店),高德 ID 查询未返回该父 POI；不从地址猜名称
B0JB163WY2,1,luckin coffee 瑞幸咖啡(金龙国际中心店),高德 ID 查询未返回该父 POI；不从地址猜名称
B0JB163YPZ,1,杨杨小厨(景秀银座组团店),高德 ID 查询未返回该父 POI；不从地址猜名称
B0JB164KQM,1,新疆牧羊人美味羊肉串(碧桂园·西南上城天悦府店),高德 ID 查询未返回该父 POI；不从地址猜名称
B0JB164LBB,1,天意花园厨房(水岸金都店),高德 ID 查询未返回该父 POI；不从地址猜名称
B0JB164XXD,1,迪姐香牛小馆,高德 ID 查询未返回该父 POI；不从地址猜名称
B0JB164Z2A,1,康小卤冷吃炸卤,高德 ID 查询未返回该父 POI；不从地址猜名称
B0JB164ZJ8,1,猕香园饭庄(利尔·上河城店),高德 ID 查询未返回该父 POI；不从地址猜名称
B0JB1656VV,1,四妹砂锅卤串(中天未来方舟G5组团店),高德 ID 查询未返回该父 POI；不从地址猜名称
B0JB165M3Y,1,品味隆饭庄,高德 ID 查询未返回该父 POI；不从地址猜名称
B0JB165T85,1,福聚德餐厅(德福中心店),高德 ID 查询未返回该父 POI；不从地址猜名称
B0JB165TYP,1,白云区聚香园家常菜馆(旭辉观云·魔立方店),高德 ID 查询未返回该父 POI；不从地址猜名称
B0JB1661A7,1,兴苹自助烤涮一体火锅,高德 ID 查询未返回该父 POI；不从地址猜名称
B0JB166FLU,1,老堂牛羊肉,高德 ID 查询未返回该父 POI；不从地址猜名称
B0JB166GYC,1,天津灌汤小笼包重庆小面(远大美域店),高德 ID 查询未返回该父 POI；不从地址猜名称
B0JB166VBW,1,张烤鸡特色烧烤 竹荪炖鸡砂锅粉(天悦府店),高德 ID 查询未返回该父 POI；不从地址猜名称
B0JB167BOT,1,老六烤肉(首钢店),高德 ID 查询未返回该父 POI；不从地址猜名称
B0JB167REA,1,小院里食堂(山水黔城十一组团店),高德 ID 查询未返回该父 POI；不从地址猜名称
B0JB168DKG,1,小锅鲜汤粉(中天未来方舟H6组团店),高德 ID 查询未返回该父 POI；不从地址猜名称
B0JB168DUC,1,金牌罗记肠旺面(青云路店),高德 ID 查询未返回该父 POI；不从地址猜名称
B0JBD7YTUU,1,汪记鱿鱼炖鸡(旭东路店),高德 ID 查询未返回该父 POI；不从地址猜名称
B0JG07BFBX,1,卢记杭州小笼包(北衙路店),高德 ID 查询未返回该父 POI；不从地址猜名称
B0JG07D5AL,1,蜜雪冰城(建发央著店),高德 ID 查询未返回该父 POI；不从地址猜名称
B0JG0H6KIK,1,拉风私厨(恒大中央公园D区店),高德 ID 查询未返回该父 POI；不从地址猜名称
B0JG0MBLVF,1,得时茶舍(恒大金阳新世界观麓店),高德 ID 查询未返回该父 POI；不从地址猜名称
B0JG0MCFNR,1,腾丰烧烤店,高德 ID 查询未返回该父 POI；不从地址猜名称
B0JG0S6CN2,1,代幺妹夺夺粉火锅(蓝波湾·新天卫城卫央街区店),高德 ID 查询未返回该父 POI；不从地址猜名称
B0JG0U5382,1,余庆杀猪饭草根刨汤,高德 ID 查询未返回该父 POI；不从地址猜名称
B0JG0U7NCH,1,灌木咖啡(未来方舟店),高德 ID 查询未返回该父 POI；不从地址猜名称
B0JG0U7NCM,1,天利小吃青岩状元蹄(金阳新世界花园店),高德 ID 查询未返回该父 POI；不从地址猜名称
B0JG0UB7GX,1,MounGar423(未来方舟店),高德 ID 查询未返回该父 POI；不从地址猜名称
B0JG0UB7H3,1,吉缘茶社,高德 ID 查询未返回该父 POI；不从地址猜名称
B0JG0UCO88,1,老广味道(泰和花园C段店),高德 ID 查询未返回该父 POI；不从地址猜名称
B0JG0UD4T0,1,鳄霸养生宴,高德 ID 查询未返回该父 POI；不从地址猜名称
B0JG0UDRQL,1,黔西人家烧椒牛肉(贵安新区店),高德 ID 查询未返回该父 POI；不从地址猜名称
B0JG0UDRQO,1,三碗饭牛肉豆米火锅,高德 ID 查询未返回该父 POI；不从地址猜名称
B0JG5S206G,1,阿洋烤肉店(万科店),高德 ID 查询未返回该父 POI；不从地址猜名称
B0JG5SV7LR,1,花江狗肉,高德 ID 查询未返回该父 POI；不从地址猜名称
B0JG5SWCOD,1,老北京涮羊肉(梦想城店),高德 ID 查询未返回该父 POI；不从地址猜名称
B0JG5SXTOF,1,杰哥豆花烤鱼(富力新天地店),高德 ID 查询未返回该父 POI；不从地址猜名称
B0JG5SYECQ,1,沙土羊肉粉(多彩贵州城店),高德 ID 查询未返回该父 POI；不从地址猜名称
B0JG5SZ9A0,1,安顺李记牛肉粉(巢东路店),高德 ID 查询未返回该父 POI；不从地址猜名称
B0JG5SZQJ1,1,雷老弟旋转自助小火锅清汤(玉溪路三号院店),高德 ID 查询未返回该父 POI；不从地址猜名称
B0JGJ50BRM,1,珍惜食间(清鸥府店),高德 ID 查询未返回该父 POI；不从地址猜名称
B0JGJ7Y2RS,1,最时光西餐厅,高德 ID 查询未返回该父 POI；不从地址猜名称
B0JGJU41D4,1,都都牛肉馆,高德 ID 查询未返回该父 POI；不从地址猜名称
B0JGJU41DN,1,勿忘酱爆烤肉,高德 ID 查询未返回该父 POI；不从地址猜名称
B0JGJZ3KO8,1,华莱士·全鸡汉堡(文城店),高德 ID 查询未返回该父 POI；不从地址猜名称
B0JGTRTYCY,1,蒸香早餐,高德 ID 查询未返回该父 POI；不从地址猜名称
B0JGVH6ACC,1,方记黔西牛肉粉,高德 ID 查询未返回该父 POI；不从地址猜名称
B0JGVS8G2N,1,有间烧烤(半岛国际店),高德 ID 查询未返回该父 POI；不从地址猜名称
B0JGVZ6Q93,1,独味乌江片片鱼(碧水人家店),高德 ID 查询未返回该父 POI；不从地址猜名称
B0JR9AGRQC,1,友酒烤肉(万科麓山店),高德 ID 查询未返回该父 POI；不从地址猜名称
B0K07H7LTT,1,麻加辣火锅,高德 ID 查询未返回该父 POI；不从地址猜名称
B0K07H7LTU,1,转角串串火锅,高德 ID 查询未返回该父 POI；不从地址猜名称
B0K07HFIFS,1,兄弟牛杂火锅,高德 ID 查询未返回该父 POI；不从地址猜名称
B0K095Z7FQ,1,重庆鲜菜火锅(暂停营业),高德 ID 查询未返回该父 POI；不从地址猜名称
B0K095ZMAV,1,黔小毅酸汤牛肉,高德 ID 查询未返回该父 POI；不从地址猜名称
B0K0VDF2FZ,1,绝味·土黄牛肉粉(奥特莱斯店),高德 ID 查询未返回该父 POI；不从地址猜名称
B0K33C16GH,1,永彬活油烙锅(恒大都会店),高德 ID 查询未返回该父 POI；不从地址猜名称
B0K64NIH5H,1,爱克汀咖啡馆,高德 ID 查询未返回该父 POI；不从地址猜名称
B0K64NIK8A,1,贵州源习餐饮有限公司,高德 ID 查询未返回该父 POI；不从地址猜名称
B0KAKDPVM5,1,花溪何记牛肉粉(保利溪湖2期店),高德 ID 查询未返回该父 POI；不从地址猜名称
B0KAV7F9U6,1,王二哥烤猪脚(花果园一分店),高德 ID 查询未返回该父 POI；不从地址猜名称
B0KAZKETOB,1,小崔饺子(团坡桥店),高德 ID 查询未返回该父 POI；不从地址猜名称
B0KAZNGBIB,1,浩欣轩,高德 ID 查询未返回该父 POI；不从地址猜名称
B0KB4NRHZW,1,三品汤包(阳光城启航中心店),高德 ID 查询未返回该父 POI；不从地址猜名称
B0KB77H4LS,1,姜记竹签烤肉(乌当店),高德 ID 查询未返回该父 POI；不从地址猜名称
B0KD2C2NO4,1,新里城三姑私房菜(绿地海德公馆店),高德 ID 查询未返回该父 POI；不从地址猜名称
B0KD35FUC6,1,好锅配好羊清香羊肉粉(凤凰栖B区店),高德 ID 查询未返回该父 POI；不从地址猜名称
B0KG5S9VGZ,1,膳姨水城羊肉粉(中央公园店),高德 ID 查询未返回该父 POI；不从地址猜名称
B0KG5SBD5O,1,鸡咯咯芝麻素粉,高德 ID 查询未返回该父 POI；不从地址猜名称
B0KGHMOESV,1,宝器老火锅,高德 ID 查询未返回该父 POI；不从地址猜名称
B0KGHMP1ZZ,1,冯大师鸭爪爪特色火锅(大学城店),高德 ID 查询未返回该父 POI；不从地址猜名称
B0KGHMPNEW,1,大嫂东北铁锅炖,高德 ID 查询未返回该父 POI；不从地址猜名称
B0KGPKM14W,1,三人行魔鬼小黄鱼,高德 ID 查询未返回该父 POI；不从地址猜名称
B0KGPKT2Z4,1,CHAGEE霸王茶姬(贵州贵阳息烽商贸城店),高德 ID 查询未返回该父 POI；不从地址猜名称
B0KGPKUWYU,1,刘记酸辣烫(安怀小区店),高德 ID 查询未返回该父 POI；不从地址猜名称
B0KGPKW7AJ,1,多喜蛋糕店,高德 ID 查询未返回该父 POI；不从地址猜名称
B0KGPKX21L,1,乌蒙彝家特色烧烤,高德 ID 查询未返回该父 POI；不从地址猜名称
B0KGSCN5Q7,1,烤研鲜肉烤串(中南林樾店),高德 ID 查询未返回该父 POI；不从地址猜名称
B0KGSH9WT2,1,面之味重庆小面馆,高德 ID 查询未返回该父 POI；不从地址猜名称
B0KGT5F896,1,喻记麻酱老贵阳铁签烤肉,高德 ID 查询未返回该父 POI；不从地址猜名称
B0KGTCF23I,1,鑫火酱爆烤肉(万科·翰林店),高德 ID 查询未返回该父 POI；不从地址猜名称
B0KGTUF8QA,1,苗仡当鲜切酸汤牛肉(万花城店),高德 ID 查询未返回该父 POI；不从地址猜名称
B0KGYSAKFZ,1,库迪咖啡(金科中泰天镜店),高德 ID 查询未返回该父 POI；不从地址猜名称
B0KU6M1TOX,1,糯米张玉琳素粉店,高德 ID 查询未返回该父 POI；不从地址猜名称
B0KU6MUJMW,1,老盛和餐馆(开阳店),高德 ID 查询未返回该父 POI；不从地址猜名称
B0KUNLYARI,1,夏埠村中式糕点(新民巷店),高德 ID 查询未返回该父 POI；不从地址猜名称
B0L12CVB5J,1,烽火烤蹄(太升国际店),高德 ID 查询未返回该父 POI；不从地址猜名称
B0L16SRK5Y,1,赵哥余庆剔骨鸭卫城辣子鸡,高德 ID 查询未返回该父 POI；不从地址猜名称
B0L16SS55X,1,百味餐厅,高德 ID 查询未返回该父 POI；不从地址猜名称
B0L1CL6CGQ,1,渝味鲜•美蛙鱼火锅,高德 ID 查询未返回该父 POI；不从地址猜名称
B0L1MKFL6D,1,武松醉鹅(合朋店),高德 ID 查询未返回该父 POI；不从地址猜名称
B0L1RDC0F6,1,莽扯扯串串火锅(吾悦店),高德 ID 查询未返回该父 POI；不从地址猜名称
B0L1RDC0FA,1,小叼嘴清水烫(融汇店),高德 ID 查询未返回该父 POI；不从地址猜名称
B0L1Y1EOWB,1,贵阳观山湖珍珀酒店·珍珀·舞阳法餐厅(大唐·东原财富广场店),高德 ID 查询未返回该父 POI；不从地址猜名称
B0L1YLF9B1,1,解记餐饮店石磨肠粉,高德 ID 查询未返回该父 POI；不从地址猜名称
B0L1YXF63B,1,申师傅小菜馆,高德 ID 查询未返回该父 POI；不从地址猜名称
B0L1YXFJK2,1,辣子千红成都火锅(息烽店),高德 ID 查询未返回该父 POI；不从地址猜名称
B0L2B5K2XJ,1,K6LABOCOFFEE(未来方舟店),高德 ID 查询未返回该父 POI；不从地址猜名称
B0L2GKSRG1,1,糕幸遇见蛋糕店,高德 ID 查询未返回该父 POI；不从地址猜名称
B0L2P1RDOE,1,兄弟铁板烧,高德 ID 查询未返回该父 POI；不从地址猜名称
B0L2R5M1QT,1,刘二妈米皮(保利凤凰湾店),高德 ID 查询未返回该父 POI；不从地址猜名称
B0L3ASSGP4,1,叶记活油烙锅,高德 ID 查询未返回该父 POI；不从地址猜名称
B0L3AZQ3QF,1,滋味厨房(方舟实验二中店),高德 ID 查询未返回该父 POI；不从地址猜名称
B0L3F16FKD,1,班布熊创意网红蛋糕(观山湖店),高德 ID 查询未返回该父 POI；不从地址猜名称
B0L3JLENBM,1,巧八角·冰浆·冰粉(麦架店),高德 ID 查询未返回该父 POI；不从地址猜名称
B0L3ZZ0DR2,1,赵记铁桥肉饼,高德 ID 查询未返回该父 POI；不从地址猜名称
B0L6PM83IE,1,趣可食研社(中南紫云集店),高德 ID 查询未返回该父 POI；不从地址猜名称
B0LAA7OGGV,1,众玉六盘水羊肉粉(总店),高德 ID 查询未返回该父 POI；不从地址猜名称
B0LAGDT1TR,1,菌遇鹅鲜馆,高德 ID 查询未返回该父 POI；不从地址猜名称
B0LAX74H1Z,1,黄记老字号原汤牛羊肉粉(磷矿小区店),高德 ID 查询未返回该父 POI；不从地址猜名称
B0LAX7X2G0,1,喷火蛙辣卤牛蛙(中央公园店),高德 ID 查询未返回该父 POI；不从地址猜名称
B0LAYD01QF,1,梨烧记贵州刺梨白酸汤,高德 ID 查询未返回该父 POI；不从地址猜名称
B0LAYDXCLX,1,以鲸心选海鲜餐厅(未来方舟店),高德 ID 查询未返回该父 POI；不从地址猜名称
B0LBOLAP34,1,黔山壹牛(多彩贵州城澜庭店),高德 ID 查询未返回该父 POI；不从地址猜名称
B0LG0L6RJ0,1,众聚德·老北京铜锅涮羊肉(清镇店),高德 ID 查询未返回该父 POI；不从地址猜名称
B0LG1512EA,1,亿诺淳香特色火锅,高德 ID 查询未返回该父 POI；不从地址猜名称
B0LG154MMS,1,杨家现蒸卷粉(椿棠府店),高德 ID 查询未返回该父 POI；不从地址猜名称
B0LG154U4A,1,四季嘉肴·好厨当道,高德 ID 查询未返回该父 POI；不从地址猜名称
B0LG154U4C,1,宁丰餐饮四季贵州椿棠府二期二组团店),高德 ID 查询未返回该父 POI；不从地址猜名称
B0LG31C9C7,1,小保冰浆(十字街店),高德 ID 查询未返回该父 POI；不从地址猜名称
B0LG4ZEMEC,1,库迪咖啡(贵阳中京国际D栋店),高德 ID 查询未返回该父 POI；不从地址猜名称
B0LGF7S6EJ,1,刘老四烤鸡(长江路店),高德 ID 查询未返回该父 POI；不从地址猜名称
B0LGHCTP07,1,鹅生菌富力中心店,高德 ID 查询未返回该父 POI；不从地址猜名称
B0LGO920X5,1,乾御楼,高德 ID 查询未返回该父 POI；不从地址猜名称
B0LGZ7W4X4,1,何家会砂锅粉(谦翔樾峰店),高德 ID 查询未返回该父 POI；不从地址猜名称
B0LKB6RNB5,1,二狗咖啡馆D&C,高德 ID 查询未返回该父 POI；不从地址猜名称
B0LRCZEWVZ,1,成都光头蟹(花果园m区店),高德 ID 查询未返回该父 POI；不从地址猜名称
B0LRNLMJQQ,1,福缘家常菜(广信四季家园南),高德 ID 查询未返回该父 POI；不从地址猜名称
B0LRV6JAOM,1,鼎红虾王(花溪店),高德 ID 查询未返回该父 POI；不从地址猜名称
B0M61RKDBO,1,息烽九酒八酒楼(河滨路店),高德 ID 查询未返回该父 POI；不从地址猜名称
B0M6O7MZYL,1,新疆儿子娃娃烤肉店,高德 ID 查询未返回该父 POI；不从地址猜名称
B0MA4UUE7H,1,嘎嘎好吃东北老饭盒(世纪城店),高德 ID 查询未返回该父 POI；不从地址猜名称
B0MACXXDTA,1,避风塘(康宁路店),高德 ID 查询未返回该父 POI；不从地址猜名称
B0MAV64TW3,1,侑序|咖啡·Tea,高德 ID 查询未返回该父 POI；不从地址猜名称
B0MAZAC6TG,1,土黄牛牛肉粉,高德 ID 查询未返回该父 POI；不从地址猜名称
B0MBFS4IX4,1,巧可Choco精品巧克力专门店,高德 ID 查询未返回该父 POI；不从地址猜名称
B0MDJXL6MZ,1,霸王茶姬(贵州贵阳白云梵华里店),高德 ID 查询未返回该父 POI；不从地址猜名称
B0MDMOZOFB,1,小懒猫·麻辣小吃(恒大中央广场店),高德 ID 查询未返回该父 POI；不从地址猜名称
B0MDMX0602,1,惠诚滋知(小河黄河路一店),高德 ID 查询未返回该父 POI；不从地址猜名称
B0MG0CHWJN,1,有家牛羊肉粉,高德 ID 查询未返回该父 POI；不从地址猜名称
B0MG1ARZQA,1,库迪咖啡(梵华里奥特莱斯店),高德 ID 查询未返回该父 POI；不从地址猜名称
B0MGCDEFSS,1,都匀兄弟酸汤虾酸(花果园第一分店),高德 ID 查询未返回该父 POI；不从地址猜名称
B0MGJ7CWFY,1,兴义香菇炖鸡粉馆(友谊大楼店),高德 ID 查询未返回该父 POI；不从地址猜名称
B0MGJ7DK1E,1,旋转小火锅(红树东方店),高德 ID 查询未返回该父 POI；不从地址猜名称
B0MGJCCD7J,1,傅记肠旺面·豆花饭,高德 ID 查询未返回该父 POI；不从地址猜名称
B0MGJCCJXA,1,黔之牧牛馆(合肥路店),高德 ID 查询未返回该父 POI；不从地址猜名称
B0MGSNL8HH,1,新幸福浪漫艺术婚博园·1号楼520浪漫法餐厅,高德 ID 查询未返回该父 POI；不从地址猜名称
B0MRONF6RZ,1,朱记隆江猪脚饭,高德 ID 查询未返回该父 POI；不从地址猜名称
B0MUR66F3M,1,树厨地道黔菜(花溪店),高德 ID 查询未返回该父 POI；不从地址猜名称
B0MUSUCGH5,1,二筒菜馆(黄金路店),高德 ID 查询未返回该父 POI；不从地址猜名称
