行政区,POI业务类型,POI名称,外文/地图名,POI细分类型,地理位置描述,引用小红书帖子数,名称直接命中帖子数（非热度）,现库匹配状态,现库匹配记录,固定实体审核,最终处理结论,适合人群,主要到访/入住理由,证据样例标题,证据样例URL,重要口径
巴蜀府,交通服务,华欣火车站,Hua Hin Railway Station,火车站,华欣市区；华欣区,51,6,疑似已存在,THXHSFINAL-1331:华欣火车站,固定实体候选,合并既有记录，不新增,适合打卡/交通,1911年拉玛六世时期修建、泰国最美火车站之一、无检票随便进出,"周末华欣Ace of Hua Hin resort酒店躺平
🇹🇭华欣！四天三晚最满意的海边度假酒店
从曼谷花9元坐6个多小时火车去趟华欣值吗？
曼谷去华欣坐车一天搞定🤣
🇹🇭华欣！心中no.1的漂亮度假酒店💚🌴","https://www.xiaohongshu.com/explore/6791c42a0000000018007fa3?xsec_token_redacted=1&xsec_source=pc_dots
https://www.xiaohongshu.com/explore/69a4f1bf000000002202ea11?xsec_token_redacted=1&xsec_source=pc_dots
https://www.xiaohongshu.com/explore/6445161c00000000120336e3?xsec_token_redacted=1&xsec_source=pc_dots
https://www.xiaohongshu.com/explore/6918a1d7000000000402a91e?xsec_token_redacted=1&xsec_source=pc_dots
https://www.xiaohongshu.com/explore/698089c3000000000a03dda2?xsec_token_redacted=1&xsec_source=pc_dots",回答名称来自点点AI；正文直接命中是引用帖内字符串核对，不代表热度，也不等于Google事实核验
巴蜀府,交通服务,曼谷华南蓬火车站,Hua Lamphong Railway Station,百年火车站/火车博物馆,市中心靠近唐人街,51,1,疑似已存在,THXHSFINAL-0727:华南蓬火车站,固定实体候选,合并既有记录，不新增,适合体验绿皮火车,意大利建筑风格、每天1趟9:20发车到华欣44泰铢约4小时,曼谷～华欣 泰国风情火车🚞 仅44🐷,https://www.xiaohongshu.com/explore/69e07202000000001a033e28?xsec_token_redacted=1&xsec_source=pc_dots,回答名称来自点点AI；正文直接命中是引用帖内字符串核对，不代表热度，也不等于Google事实核验
罗勇府,交通服务,班佩码头,Ban Phe Pier,官方码头,去沙美岛,75,22,疑似已存在,THXHSFINAL-1348:班佩码头(Ban Phe Pier),固定实体候选,合并既有记录，不新增,所有游客,"大船往返120铢/人40分钟,单程70铢,上岛费200铢/人,认准官方码头别被司机带去私人码头","Staycation，泰国罗勇府班佩码头住到不想走
泰国罗勇Rayong遛娃推荐，比芭提雅人少景美
🇹🇭罗勇府的一天
沙美岛班佩码头必吃美食🦐
🇹🇭沙美岛美食总结","https://www.xiaohongshu.com/explore/6a71f006000000000502b174?xsec_token_redacted=1&xsec_source=pc_dots
https://www.xiaohongshu.com/explore/69a292230000000022023a7c?xsec_token_redacted=1&xsec_source=pc_dots
https://www.xiaohongshu.com/explore/66f8c9df000000001b0231ab?xsec_token_redacted=1&xsec_source=pc_dots
https://www.xiaohongshu.com/explore/6874b165000000002400db8e?xsec_token_redacted=1&xsec_source=pc_dots
https://www.xiaohongshu.com/explore/6794bce600000000290173d1?xsec_token_redacted=1&xsec_source=pc_dots",回答名称来自点点AI；正文直接命中是引用帖内字符串核对，不代表热度，也不等于Google事实核验
罗勇府,交通服务,Nuanthip Pier,Nuanthip Pier,官方码头,去沙美岛,75,22,疑似已存在,THXHSFINAL-1348:班佩码头(Ban Phe Pier),固定实体候选,合并既有记录，不新增,所有游客,"从干货市场进去的码头,沙美岛回曼谷大巴票也在这里买,对面有711和Amazon咖啡店","Staycation，泰国罗勇府班佩码头住到不想走
泰国罗勇Rayong遛娃推荐，比芭提雅人少景美
🇹🇭罗勇府的一天
沙美岛班佩码头必吃美食🦐
🇹🇭沙美岛美食总结","https://www.xiaohongshu.com/explore/6a71f006000000000502b174?xsec_token_redacted=1&xsec_source=pc_dots
https://www.xiaohongshu.com/explore/69a292230000000022023a7c?xsec_token_redacted=1&xsec_source=pc_dots
https://www.xiaohongshu.com/explore/66f8c9df000000001b0231ab?xsec_token_redacted=1&xsec_source=pc_dots
https://www.xiaohongshu.com/explore/6874b165000000002400db8e?xsec_token_redacted=1&xsec_source=pc_dots
https://www.xiaohongshu.com/explore/6794bce600000000290173d1?xsec_token_redacted=1&xsec_source=pc_dots",回答名称来自点点AI；正文直接命中是引用帖内字符串核对，不代表热度，也不等于Google事实核验
清莱府,交通服务,清莱巴士站,Bus Terminal 1,汽车站,市中心,69,2,疑似已存在,THXHSFINAL-0763:普吉汽车总站1,固定实体候选,合并既有记录，不新增,适合坐大巴去美斯乐/白庙,去白庙巴士写有white temple、去美斯乐50泰铢,"曼谷清莱一日✈️游极限逛白红蓝三庙
清莱如何去美斯乐","https://www.xiaohongshu.com/explore/691c7309000000001f004eff?xsec_token_redacted=1&xsec_source=pc_dots
https://www.xiaohongshu.com/explore/69d368a9000000001b023d55?xsec_token_redacted=1&xsec_source=pc_dots",回答名称来自点点AI；正文直接命中是引用帖内字符串核对，不代表热度，也不等于Google事实核验
素可泰府,交通服务,素可泰历史公园,Sukhothai Historical Park,历史遗迹,,42,15,疑似已存在,THXHSFINAL-1312:素可泰历史公园(中区),固定实体候选,合并既有记录，不新增,所有游客,"联合国教科文组织世界遗产,分中区/北区/西区/南区/东区,门票200泰铢(中区)","吹爆性价比天花板！素可泰Taitai Sukhothai
200的酒店，无价的服务，在素可泰🇹🇭
来泰国绝对不能错过这间Resort!!🇹🇭
素可泰平均房价不到800泰铢的独栋小屋泳池度假村和它还算丰富的早餐。
​推荐指数
素可泰｜被问爆了的莫奈花园酒店！","https://www.xiaohongshu.com/explore/679dc88c000000001902fb29?xsec_token_redacted=1&xsec_source=pc_dots
https://www.xiaohongshu.com/explore/6666d5f3000000000e0318ea?xsec_token_redacted=1&xsec_source=pc_dots
https://www.xiaohongshu.com/explore/68207754000000000f038e7d?xsec_token_redacted=1&xsec_source=pc_dots
https://www.xiaohongshu.com/explore/6a2caacb00000000170298c0?xsec_token_redacted=1&xsec_source=pc_dots
https://www.xiaohongshu.com/explore/6793c6a000000000290126f3?xsec_token_redacted=1&xsec_source=pc_dots",回答名称来自点点AI；正文直接命中是引用帖内字符串核对，不代表热度，也不等于Google事实核验
素可泰府,交通服务,Wat Saphan Hin,石桥寺,寺庙,,42,2,疑似已存在,THXHSFINAL-1337:沙潘欣寺,固定实体候选,合并既有记录，不新增,日出观赏,"看日出地点,有流浪狗需注意","这家远离中心的小店，让我总想再回到素可泰
120r 泰国6城火车游第三站：素可泰","https://www.xiaohongshu.com/explore/695f65a5000000000b0100cd?xsec_token_redacted=1&xsec_source=pc_dots
https://www.xiaohongshu.com/explore/694286bc000000001f0055f1?xsec_token_redacted=1&xsec_source=pc_dots",回答名称来自点点AI；正文直接命中是引用帖内字符串核对，不代表热度，也不等于Google事实核验
夜丰颂府,交通服务,拜县汽车站(Th Chaisongkhram),汽车站,拜县,交通枢纽,43,6,疑似已存在,THXHSFINAL-1326:汽车站(艾卡麦车站)；THXHSFINAL-1333:汽车站(莫奇车站),固定实体候选,合并既有记录，不新增,清迈-拜县-夜丰颂环线长途车停靠,强,"泰国夜丰颂～实用完整攻略～旅居旅行
泰国旅行攻略14 | 拐760弯去住拜县这家酒店
🇹🇭Mae Hong Son夜丰颂P.L.P Guest House
泰国牛洞寺禅修最全攻略～旅拍
泰国的免费内观静修所！包吃包住可以住10天","https://www.xiaohongshu.com/explore/6989bad0000000002801c286?xsec_token_redacted=1&xsec_source=pc_dots
https://www.xiaohongshu.com/explore/5fab74f3000000000101d9f9?xsec_token_redacted=1&xsec_source=pc_dots
https://www.xiaohongshu.com/explore/670f97800000000016020d86?xsec_token_redacted=1&xsec_source=pc_dots
https://www.xiaohongshu.com/explore/694ad023000000001e024079?xsec_token_redacted=1&xsec_source=pc_dots
https://www.xiaohongshu.com/explore/641ee2f60000000013013aa2?xsec_token_redacted=1&xsec_source=pc_dots",回答名称来自点点AI；正文直接命中是引用帖内字符串核对，不代表热度，也不等于Google事实核验
巴蜀府,交通服务,曼谷阿皮瓦中央车站,Krung Thep Aphiwat Central Terminal,新火车站,MRT蓝线Chatuchak Park附近,51,1,本轮新增名称候选,,固定实体候选,通过｜新增进入Google候选,适合乘坐空调火车,空调火车在此站、车票410泰铢有免费餐食和水,泰国华欣攻略,https://www.xiaohongshu.com/explore/6a8ff731000000001f01f5e6?xsec_token_redacted=1&xsec_source=pc_dots,回答名称来自点点AI；正文直接命中是引用帖内字符串核对，不代表热度，也不等于Google事实核验
北碧府,交通服务,北碧府汽车站,Kanchanaburi Transportation,巴士站,市区,27,1,本轮新增名称候选,,固定实体候选,通过｜新增进入Google候选,巴士到达/离开游客,有minibus运营公司、可去爱侣湾瀑布和孟族村,全网首发，泰国北碧府3天2夜自助游攻略,https://www.xiaohongshu.com/explore/6852ada4000000002400ed0f?xsec_token_redacted=1&xsec_source=pc_dots,回答名称来自点点AI；正文直接命中是引用帖内字符串核对，不代表热度，也不等于Google事实核验
北碧府,交通服务,北碧火车站,Kanchanaburi Station,火车站,市区,27,1,本轮新增名称候选,,固定实体候选,通过｜新增进入Google候选,火车到达/离开游客,可步行到桂河大桥、有夜市和餐厅,🇹🇭北碧府四天三夜背包旅行攻略—P1,https://www.xiaohongshu.com/explore/67e40184000000001d018e56?xsec_token_redacted=1&xsec_source=pc_dots,回答名称来自点点AI；正文直接命中是引用帖内字符串核对，不代表热度，也不等于Google事实核验
北碧府,交通服务,桂河大桥站,Saphan Kwae Yai Station,火车站,桂河大桥旁,27,1,本轮新增名称候选,,固定实体候选,通过｜新增进入Google候选,死亡铁路游客,可直接上火车、步行到观音寺和夜市,北碧府tips,https://www.xiaohongshu.com/explore/6a843ae000000000250002fa?xsec_token_redacted=1&xsec_source=pc_dots,回答名称来自点点AI；正文直接命中是引用帖内字符串核对，不代表热度，也不等于Google事实核验
北碧府,交通服务,甲赛站,Tham Krasae Station,火车站,死亡铁路悬崖段,27,1,本轮新增名称候选,,固定实体候选,通过｜新增进入Google候选,摄影游客,经典机位、悬崖木栈道看火车驶过,花200泰铢，坐上泰国最美铁路！,https://www.xiaohongshu.com/explore/6a648900000000000100f5bc?xsec_token_redacted=1&xsec_source=pc_dots,回答名称来自点点AI；正文直接命中是引用帖内字符串核对，不代表热度，也不等于Google事实核验
北碧府,交通服务,曼谷南部巴士总站,Sai Tai Mai Bus Terminal,巴士站,吞武里区,27,1,本轮新增名称候选,,固定实体候选,通过｜新增进入Google候选,巴士前往北碧游客,每小时一班小巴、130泰铢、车程约2.5小时,"北碧府3天2晚！桂河大桥、爱侣瀑布、死亡铁路一站打卡
	
这是原先打算走的行程，",https://www.xiaohongshu.com/explore/6a510fbf0000000017008e06?xsec_token_redacted=1&xsec_source=pc_dots,回答名称来自点点AI；正文直接命中是引用帖内字符串核对，不代表热度，也不等于Google事实核验
北碧府,交通服务,桑卡武里县汽车站,Sangkhla Buri Minibus Terminal,巴士站,孟族村附近,27,1,本轮新增名称候选,,固定实体候选,通过｜新增进入Google候选,前往孟族村游客,每天早8:05一班、5小时车程、复古大巴无空调,全网首发，泰国北碧府3天2夜自助游攻略,https://www.xiaohongshu.com/explore/6852ada4000000002400ed0f?xsec_token_redacted=1&xsec_source=pc_dots,回答名称来自点点AI；正文直接命中是引用帖内字符串核对，不代表热度，也不等于Google事实核验
北碧府,交通服务,Wang Pho火车站,Wang Pho Station,火车站,孟族村附近,27,1,本轮新增名称候选,,固定实体候选,通过｜新增进入Google候选,深度游游客,可体验水中寺庙和清晨布施,全网首发，泰国北碧府3天2夜自助游攻略,https://www.xiaohongshu.com/explore/6852ada4000000002400ed0f?xsec_token_redacted=1&xsec_source=pc_dots,回答名称来自点点AI；正文直接命中是引用帖内字符串核对，不代表热度，也不等于Google事实核验
春蓬府,交通服务,春蓬火车站,Chumphon Railway Station,火车站,市区,41,1,本轮新增名称候选,,固定实体候选,通过｜新增进入Google候选,中转游客,"有小火车站,有退役火车头可看,去码头皮卡车150泰铢/人30分钟",春蓬火车站到春蓬码头（150🐷，皮卡车）,https://www.xiaohongshu.com/explore/6704598a000000002c016b0e?xsec_token_redacted=1&xsec_source=pc_dots,回答名称来自点点AI；正文直接命中是引用帖内字符串核对，不代表热度，也不等于Google事实核验
春蓬府,交通服务,春蓬机场,Chumphon Airport,机场,市区附近,41,3,本轮新增名称候选,,固定实体候选,通过｜新增进入Google候选,飞机抵达/离开,"迷你机场一天1-3航班,有minibus去市区300泰铢/人,约半小时一班","【泰国春蓬至龟岛出行全攻略】深度解析，避免
🇹🇭春蓬｜比苏梅更安静的度假天堂💙
我终于知道为什么涛岛的中国人那么少了","https://www.xiaohongshu.com/explore/66bcc3b80000000005021ecc?xsec_token_redacted=1&xsec_source=pc_dots
https://www.xiaohongshu.com/explore/68f233610000000005000e10?xsec_token_redacted=1&xsec_source=pc_dots
https://www.xiaohongshu.com/explore/66a5c3870000000009016513?xsec_token_redacted=1&xsec_source=pc_dots",回答名称来自点点AI；正文直接命中是引用帖内字符串核对，不代表热度，也不等于Google事实核验
春蓬府,交通服务,春蓬码头,Chumphon Pier (Lomprayah),码头,市区附近,41,4,本轮新增名称候选,,固定实体候选,通过｜新增进入Google候选,涛岛中转,"Lomprayah公司码头,去涛岛/苏梅岛,船票750泰铢,等船近3小时有室外躺椅","春蓬火车站到春蓬码头（150🐷，皮卡车）
从曼谷苏万那普机场坐火车到涛岛的行程
我终于知道为什么涛岛的中国人那么少了
春蓬🌴🌊","https://www.xiaohongshu.com/explore/6704598a000000002c016b0e?xsec_token_redacted=1&xsec_source=pc_dots
https://www.xiaohongshu.com/explore/6664eaef0000000006006e08?xsec_token_redacted=1&xsec_source=pc_dots
https://www.xiaohongshu.com/explore/66a5c3870000000009016513?xsec_token_redacted=1&xsec_source=pc_dots
https://www.xiaohongshu.com/explore/67d94b50000000001b03e2e6?xsec_token_redacted=1&xsec_source=pc_dots",回答名称来自点点AI；正文直接命中是引用帖内字符串核对，不代表热度，也不等于Google事实核验
春蓬府,交通服务,曼谷新火车站,Bangkok New Railway Station,火车站,曼谷,41,1,本轮新增名称候选,,固定实体候选,通过｜新增进入Google候选,火车中转,"去春蓬的火车在此乘车,有卧铺单间,19:50检票上车约6小时到春蓬",从曼谷苏万那普机场坐火车到涛岛的行程,https://www.xiaohongshu.com/explore/6664eaef0000000006006e08?xsec_token_redacted=1&xsec_source=pc_dots,回答名称来自点点AI；正文直接命中是引用帖内字符串核对，不代表热度，也不等于Google事实核验
春蓬府,交通服务,涛岛码头,Koh Tao Pier,码头与渡轮,涛岛,41,2,本轮新增名称候选,,固定实体候选,通过｜新增进入Google候选,潜水/海岛游客,"船票需在Lomprayah官网或淘宝预订,有餐厅和休息区,等船时可喝果汁","【泰国春蓬至龟岛出行全攻略】深度解析，避免
我终于知道为什么涛岛的中国人那么少了","https://www.xiaohongshu.com/explore/66bcc3b80000000005021ecc?xsec_token_redacted=1&xsec_source=pc_dots
https://www.xiaohongshu.com/explore/66a5c3870000000009016513?xsec_token_redacted=1&xsec_source=pc_dots",回答名称来自点点AI；正文直接命中是引用帖内字符串核对，不代表热度，也不等于Google事实核验
大城府,交通服务,大城府火车站,Ayutthaya Railway Station,火车站,城区中心,72,8,本轮新增名称候选,,固定实体候选,通过｜新增进入Google候选,所有游客,"曼谷往返枢纽,15-50泰铢,班次密集","泰国🇹🇭大城府民宿推荐-罗望子宾馆
大城府两日游，民宿推荐
202508 泰国大城府必经码头 美味烫嘴早点摊
曼谷大城府一日游极简攻略
#游玩攻略[话题]#
1、游玩交通
曼谷｜坐火车从曼谷去大城府一日游
第一步：出","https://www.xiaohongshu.com/explore/69f7262a000000003502687f?xsec_token_redacted=1&xsec_source=pc_dots
https://www.xiaohongshu.com/explore/68d16947000000000e021ae7?xsec_token_redacted=1&xsec_source=pc_dots
https://www.xiaohongshu.com/explore/68a08a6d000000001d00f02b?xsec_token_redacted=1&xsec_source=pc_dots
https://www.xiaohongshu.com/explore/66c0bea2000000000503b577?xsec_token_redacted=1&xsec_source=pc_dots
https://www.xiaohongshu.com/explore/6a8529280000000028004615?xsec_token_redacted=1&xsec_source=pc_dots",回答名称来自点点AI；正文直接命中是引用帖内字符串核对，不代表热度，也不等于Google事实核验
大城府,交通服务,Ayutthaya Train Station Pier,ท่าเทียบเรือสถานีรถไฟอยุธยา,码头,火车站对面小巷,72,4,本轮新增名称候选,,固定实体候选,通过｜新增进入Google候选,过河游客,"10泰铢/人摆渡船,2分钟到对岸","泰国🇹🇭大城府民宿推荐-罗望子宾馆
202508 泰国大城府必经码头 美味烫嘴早点摊
曼谷大城府一日游极简攻略
#游玩攻略[话题]#
1、游玩交通
曼谷｜坐火车从曼谷去大城府一日游
第一步：出","https://www.xiaohongshu.com/explore/69f7262a000000003502687f?xsec_token_redacted=1&xsec_source=pc_dots
https://www.xiaohongshu.com/explore/68a08a6d000000001d00f02b?xsec_token_redacted=1&xsec_source=pc_dots
https://www.xiaohongshu.com/explore/66c0bea2000000000503b577?xsec_token_redacted=1&xsec_source=pc_dots
https://www.xiaohongshu.com/explore/6a8529280000000028004615?xsec_token_redacted=1&xsec_source=pc_dots",回答名称来自点点AI；正文直接命中是引用帖内字符串核对，不代表热度，也不等于Google事实核验
大城府,交通服务,Chao Phrom Market Pier,Chao Phrom Market Pier,码头,河对岸,72,1,本轮新增名称候选,,固定实体候选,通过｜新增进入Google候选,租车/逛市场,"下船即租车店,近古城核心区",曼谷大城府一日游极简攻略,https://www.xiaohongshu.com/explore/66c0bea2000000000503b577?xsec_token_redacted=1&xsec_source=pc_dots,回答名称来自点点AI；正文直接命中是引用帖内字符串核对，不代表热度，也不等于Google事实核验
大城府,交通服务,Minibus Station,Minibus Station Chatuchak,汽车站,曼谷Mo Chit附近,72,2,本轮新增名称候选,,固定实体候选,通过｜新增进入Google候选,曼谷往返,"80泰铢/人,40分钟一班,灵活","从曼谷到大城 正确的打开方式
大城回曼谷必看！一张地图看完立省200🐷","https://www.xiaohongshu.com/explore/6a76b9f500000000260349d3?xsec_token_redacted=1&xsec_source=pc_dots
https://www.xiaohongshu.com/explore/697e237b000000000c0368a9?xsec_token_redacted=1&xsec_source=pc_dots",回答名称来自点点AI；正文直接命中是引用帖内字符串核对，不代表热度，也不等于Google事实核验
大城府,交通服务,December house租车行,December house,租车与自驾服务,河对岸,72,1,本轮新增名称候选,,固定实体候选,通过｜新增进入Google候选,自行车,"60泰铢/天,老板娘态度好,只收30泰铢钥匙费",推荐阿育陀耶的一家租车行,https://www.xiaohongshu.com/explore/695f35e0000000001a02966c?xsec_token_redacted=1&xsec_source=pc_dots,回答名称来自点点AI；正文直接命中是引用帖内字符串核对，不代表热度，也不等于Google事实核验
董里府,交通服务,Hat Yao Pier,Hat Yao Pier,码头,长滩,42,2,本轮新增名称候选,,固定实体候选,通过｜新增进入Google候选,去利邦岛的游客,"长尾船8:00-17:00,40泰铢/单程,30分钟到利邦岛","🇹🇭 泰国董里 | 99%游客不知道的宝藏
一张图看懂董里的岛怎么玩","https://www.xiaohongshu.com/explore/698f1beb000000001a028c27?xsec_token_redacted=1&xsec_source=pc_dots
https://www.xiaohongshu.com/explore/67430b4200000000070280a1?xsec_token_redacted=1&xsec_source=pc_dots",回答名称来自点点AI；正文直接命中是引用帖内字符串核对，不代表热度，也不等于Google事实核验
董里府,交通服务,Khuan Tung Ku Pier,Khuan Tung Ku Pier,码头,甘当区,42,2,本轮新增名称候选,,固定实体候选,通过｜新增进入Google候选,自驾游客,"有停车场,可乘船去穆岛等","🇹🇭 泰国董里 | 99%游客不知道的宝藏
一张图看懂董里的岛怎么玩","https://www.xiaohongshu.com/explore/698f1beb000000001a028c27?xsec_token_redacted=1&xsec_source=pc_dots
https://www.xiaohongshu.com/explore/67430b4200000000070280a1?xsec_token_redacted=1&xsec_source=pc_dots",回答名称来自点点AI；正文直接命中是引用帖内字符串核对，不代表热度，也不等于Google事实核验
董里府,交通服务,Pak Meng Pier,Pak Meng Pier,码头,市区,42,2,本轮新增名称候选,,固定实体候选,通过｜新增进入Google候选,去董里四岛的游客,"有出海旅游公司,可租船去各岛","一张图看懂董里的岛怎么玩
超级适合度假的奈岛⛱️","https://www.xiaohongshu.com/explore/67430b4200000000070280a1?xsec_token_redacted=1&xsec_source=pc_dots
https://www.xiaohongshu.com/explore/6708b6da000000001a021d67?xsec_token_redacted=1&xsec_source=pc_dots",回答名称来自点点AI；正文直接命中是引用帖内字符串核对，不代表热度，也不等于Google事实核验
呵叻府,交通服务,呵叻火车站,Nakhon Ratchasima Railway Station,交通节点,呵叻市区,55,1,本轮新增名称候选,,固定实体候选,通过｜新增进入Google候选,公共交通游客,"从曼谷乘火车可到达,转车去披迈石宫",素林出发披迈石宫，值得一去吗？,https://www.xiaohongshu.com/explore/6644752f000000001e033103?xsec_token_redacted=1&xsec_source=pc_dots,回答名称来自点点AI；正文直接命中是引用帖内字符串核对，不代表热度，也不等于Google事实核验
罗勇府,交通服务,罗勇老汽车站,Rayong Old Bus Terminal,汽车站,紧邻星光夜市,75,1,本轮新增名称候选,,固定实体候选,通过｜新增进入Google候选,本地交通,"站内超多线路双条车,去往班佩码头认准藏蓝色车身,10-40泰铢按距离计费",罗勇｜班佩码头双条车完整版攻略✨（本地人平,https://www.xiaohongshu.com/explore/6a6de6a50000000025016000?xsec_token_redacted=1&xsec_source=pc_dots,回答名称来自点点AI；正文直接命中是引用帖内字符串核对，不代表热度，也不等于Google事实核验
罗勇府,交通服务,Ao Prao Pier,Ao Prao Pier,私人码头,萨凯酒店专属,75,2,本轮新增名称候选,,固定实体候选,通过｜新增进入Google候选,酒店客人,"萨凯酒店集团专属码头,和公共码头班佩离得不远几百米,快艇15分钟到达","沙美岛-萨凯酒店sai kaew beach resort
🇹🇭 试试把沙美岛AoPrao海滩说明白","https://www.xiaohongshu.com/explore/693f4250000000001e034566?xsec_token_redacted=1&xsec_source=pc_dots
https://www.xiaohongshu.com/explore/65cf93e4000000002d001ba8?xsec_token_redacted=1&xsec_source=pc_dots",回答名称来自点点AI；正文直接命中是引用帖内字符串核对，不代表热度，也不等于Google事实核验
攀牙府,交通服务,HinRomPier,欣罗姆码头,长尾船码头,攀牙湾入口,51,1,本轮新增名称候选,,固定实体候选,通过｜新增进入Google候选,跳岛游,2000泰铢包船、皮划艇探洞,攀牙2天纯玩真实体验,https://www.xiaohongshu.com/explore/66e1103e0000000027000e7f?xsec_token_redacted=1&xsec_source=pc_dots,回答名称来自点点AI；正文直接命中是引用帖内字符串核对，不代表热度，也不等于Google事实核验
攀牙府,交通服务,Jian Wanich Pier,建瓦尼奇码头,轮渡码头,返回普吉,51,1,本轮新增名称候选,,固定实体候选,通过｜新增进入Google候选,跨岛交通,150-200泰铢/人、1小时船程,如何去瑶亚岛（Koh Yao yai）也叫大长岛,https://www.xiaohongshu.com/explore/65c841f0000000000c007228?xsec_token_redacted=1&xsec_source=pc_dots,回答名称来自点点AI；正文直接命中是引用帖内字符串核对，不代表热度，也不等于Google事实核验
攀牙府,交通服务,Laem Hin Pier,莱姆欣码头(皇家码头),轮渡码头,瑶亚岛方向,51,1,本轮新增名称候选,,固定实体候选,通过｜新增进入Google候选,跨岛交通,140-300泰铢/人、1.5小时船程,如何去瑶亚岛（Koh Yao yai）也叫大长岛,https://www.xiaohongshu.com/explore/65c841f0000000000c007228?xsec_token_redacted=1&xsec_source=pc_dots,回答名称来自点点AI；正文直接命中是引用帖内字符串核对，不代表热度，也不等于Google事实核验
攀牙府,交通服务,Sarasin Bridge,萨拉辛桥,跨海大桥,渔村,51,1,本轮新增名称候选,,固定实体候选,通过｜新增进入Google候选,海鲜餐厅,桥边渔村、Mum Aroi餐厅,攀牙府渔村里的海鲜小餐馆~普吉岛,https://www.xiaohongshu.com/explore/68a9e40d000000001b033b38?xsec_token_redacted=1&xsec_source=pc_dots,回答名称来自点点AI；正文直接命中是引用帖内字符串核对，不代表热度，也不等于Google事实核验
清莱府,交通服务,清莱机场,Chiang Rai Airport,机场,市区4.5公里,69,5,本轮新增名称候选,,固定实体候选,通过｜新增进入Google候选,适合进出清莱,机场很小、已无机场大巴、需打Grab/Bolt、对面有711,"清迈、清莱之旅——住宿篇
曼谷清莱一日✈️游极限逛白红蓝三庙
到了清莱机场如何最便宜进城？
🇹🇭清莱艾美大促！928💰两人！豪华客房➕双早
泰国🇹🇭 | 泰北美斯乐，深山华人村落","https://www.xiaohongshu.com/explore/66e67972000000000c018696?xsec_token_redacted=1&xsec_source=pc_dots
https://www.xiaohongshu.com/explore/691c7309000000001f004eff?xsec_token_redacted=1&xsec_source=pc_dots
https://www.xiaohongshu.com/explore/65f968400000000012032fa7?xsec_token_redacted=1&xsec_source=pc_dots
https://www.xiaohongshu.com/explore/660233ae000000000d00d7cc?xsec_token_redacted=1&xsec_source=pc_dots
https://www.xiaohongshu.com/explore/5ca4b61d000000000f027912?xsec_token_redacted=1&xsec_source=pc_dots",回答名称来自点点AI；正文直接命中是引用帖内字符串核对，不代表热度，也不等于Google事实核验
沙敦府,交通服务,瓜镇码头,Kuah Jetty,码头,前往丽贝岛,70,3,本轮新增名称候选,,固定实体候选,通过｜新增进入Google候选,B公司航线起点、离机场27分钟、市区方便,强(兰卡威航线主要码头),"泰国小马尔代夫✨兰卡威直达丽贝岛｜上岛攻略
兰卡威前往丽贝岛坐轮渡攻略看这篇！🚢
2026最新｜兰卡威→丽贝岛坐船攻略","https://www.xiaohongshu.com/explore/6a69b66e000000000f031192?xsec_token_redacted=1&xsec_source=pc_dots
https://www.xiaohongshu.com/explore/69f41b8e000000003502830c?xsec_token_redacted=1&xsec_source=pc_dots
https://www.xiaohongshu.com/explore/69ac5ea1000000002203852b?xsec_token_redacted=1&xsec_source=pc_dots",回答名称来自点点AI；正文直接命中是引用帖内字符串核对，不代表热度，也不等于Google事实核验
沙敦府,交通服务,丽贝岛码头,Lipe Pier,码头,丽贝岛,70,4,本轮新增名称候选,,固定实体候选,通过｜新增进入Google候选,所有上岛游客,快艇停靠点、换乘长尾船上岸、需排队领护照交上岛费,"丽贝岛最全攻略及避坑指南（交通篇）
合艾→丽贝岛｜亲测不踩雷车船联运全攻略
丽贝岛车船联运推荐
丽贝游记👋","https://www.xiaohongshu.com/explore/69ff37f8000000001e00da71?xsec_token_redacted=1&xsec_source=pc_dots
https://www.xiaohongshu.com/explore/69feaac6000000002301ce5a?xsec_token_redacted=1&xsec_source=pc_dots
https://www.xiaohongshu.com/explore/6a79383d0000000025004aa4?xsec_token_redacted=1&xsec_source=pc_dots
https://www.xiaohongshu.com/explore/69ddf2d4000000001b02137a?xsec_token_redacted=1&xsec_source=pc_dots",回答名称来自点点AI；正文直接命中是引用帖内字符串核对，不代表热度，也不等于Google事实核验
沙敦府,交通服务,沙墩码头,Pak Bara Pier,码头,朴巴拉,70,4,本轮新增名称候选,,固定实体候选,通过｜新增进入Google候选,前往丽贝岛、自驾游客,车船联运终点、每天有3趟快艇9:30/11:30/13:30、上岛费220泰铢,"沙墩码头到丽贝岛
成都—曼谷—合艾—丽贝岛超详细攻略
丽贝岛最全攻略及避坑指南（交通篇）
合艾至丽贝岛交通全攻略","https://www.xiaohongshu.com/explore/6a3e5aff00000000060348b3?xsec_token_redacted=1&xsec_source=pc_dots
https://www.xiaohongshu.com/explore/6a64a527000000000f016ca7?xsec_token_redacted=1&xsec_source=pc_dots
https://www.xiaohongshu.com/explore/69ff37f8000000001e00da71?xsec_token_redacted=1&xsec_source=pc_dots
https://www.xiaohongshu.com/explore/6a6da51a000000002402ec1a?xsec_token_redacted=1&xsec_source=pc_dots",回答名称来自点点AI；正文直接命中是引用帖内字符串核对，不代表热度，也不等于Google事实核验
沙敦府,交通服务,Tammalang 码头,Tammalang Pier,边境码头,沙敦边境,70,1,本轮新增名称候选,,固定实体候选,通过｜新增进入Google候选,前往兰卡威、跨国轮渡,泰国马来西亚边境关口、可办理出境、车程1小时从朴巴拉,泰国Tammalang 码头,https://www.xiaohongshu.com/explore/67930723000000001800b76c?xsec_token_redacted=1&xsec_source=pc_dots,回答名称来自点点AI；正文直接命中是引用帖内字符串核对，不代表热度，也不等于Google事实核验
宋卡府,交通服务,Hatyai Bus Terminal 1,Hatyai Bus Terminal 1,巴士总站,市区,42,1,本轮新增名称候选,,固定实体候选,通过｜新增进入Google候选,长途巴士,"去往宋卡的车(面包车大小),在柜台不收费上车后才收费",穷游第12天泰国（合艾-宋卡）暮色打卡,https://www.xiaohongshu.com/explore/66b1fe8b0000000005022d1b?xsec_token_redacted=1&xsec_source=pc_dots,回答名称来自点点AI；正文直接命中是引用帖内字符串核对，不代表热度，也不等于Google事实核验
素可泰府,交通服务,曼谷北部巴士站,Bangkok Bus Terminal (Chatuchak/Mo Chit 2),汽车站,靠近恰图恰市场,42,4,本轮新增名称候选,,固定实体候选,通过｜新增进入Google候选,曼谷出发游客,"5号窗口买素可泰票,票价376-479泰铢,车程7-9小时","从国内出发到素可泰交通攻略
曼谷市区坐大巴到素可泰
曼谷到素可泰的大巴
素可泰交通攻略（26年5月版）","https://www.xiaohongshu.com/explore/6a82e6350000000022011a5e?xsec_token_redacted=1&xsec_source=pc_dots
https://www.xiaohongshu.com/explore/6980b686000000001a021946?xsec_token_redacted=1&xsec_source=pc_dots
https://www.xiaohongshu.com/explore/69908043000000002800b905?xsec_token_redacted=1&xsec_source=pc_dots
https://www.xiaohongshu.com/explore/6a0acdfb000000003502ce02?xsec_token_redacted=1&xsec_source=pc_dots",回答名称来自点点AI；正文直接命中是引用帖内字符串核对，不代表热度，也不等于Google事实核验
素可泰府,交通服务,彭世洛汽车站1号,Phitsanulok Bus Terminal 1,汽车站,离彭世洛火车站2.3公里,42,2,本轮新增名称候选,,固定实体候选,通过｜新增进入Google候选,中转游客,"32号窗口买素可泰老城票100-120泰铢,13号窗口46泰铢到新城(不靠谱)","从国内出发到素可泰交通攻略
11元彭世洛到素可泰巴士攻略~~","https://www.xiaohongshu.com/explore/6a82e6350000000022011a5e?xsec_token_redacted=1&xsec_source=pc_dots
https://www.xiaohongshu.com/explore/69be9c73000000002102dadf?xsec_token_redacted=1&xsec_source=pc_dots",回答名称来自点点AI；正文直接命中是引用帖内字符串核对，不代表热度，也不等于Google事实核验
素可泰府,交通服务,素可泰新城汽车站,Sukhothai Bus Terminal,汽车站,离历史公园14公里,42,5,本轮新增名称候选,,固定实体候选,通过｜新增进入Google候选,长途游客,"有较多班次往返曼谷、清迈,Wintour公司运营","11元彭世洛到素可泰巴士攻略~~
曼谷市区坐大巴到素可泰
彭世洛-素可泰的公共交通详解
从彭世洛如何去素可泰？超详细坐车攻略
🔥素可泰交通全攻略| 彭世洛→老城往返指南","https://www.xiaohongshu.com/explore/69be9c73000000002102dadf?xsec_token_redacted=1&xsec_source=pc_dots
https://www.xiaohongshu.com/explore/6980b686000000001a021946?xsec_token_redacted=1&xsec_source=pc_dots
https://www.xiaohongshu.com/explore/66b784570000000005031c09?xsec_token_redacted=1&xsec_source=pc_dots
https://www.xiaohongshu.com/explore/6948c263000000001e03a321?xsec_token_redacted=1&xsec_source=pc_dots
https://www.xiaohongshu.com/explore/67d44e43000000001a007e4a?xsec_token_redacted=1&xsec_source=pc_dots",回答名称来自点点AI；正文直接命中是引用帖内字符串核对，不代表热度，也不等于Google事实核验
夜丰颂府,交通服务,牛洞寺接待处,,交通节点与游船服务,拜县与夜丰颂之间,43,1,本轮新增名称候选,,固定实体候选,通过｜新增进入Google候选,禅修交通,黄色松条车120泰铢+每天两班7:00/11:00,泰国牛洞寺禅修最全攻略～旅拍,https://www.xiaohongshu.com/explore/694ad023000000001e024079?xsec_token_redacted=1&xsec_source=pc_dots,回答名称来自点点AI；正文直接命中是引用帖内字符串核对，不代表热度，也不等于Google事实核验
夜丰颂府,交通服务,清迈长途汽车站(Chiang Mai Arcade2),,汽车与巴士站,清迈,43,1,本轮新增名称候选,,固定实体候选,通过｜新增进入Google候选,发往拜县,80泰铢/人+4小时车程,泰国旅行攻略14 | 拐760弯去住拜县这家酒店,https://www.xiaohongshu.com/explore/5fab74f3000000000101d9f9?xsec_token_redacted=1&xsec_source=pc_dots,回答名称来自点点AI；正文直接命中是引用帖内字符串核对，不代表热度，也不等于Google事实核验
北碧府,交通服务,南托站,Nam Tok Station,火车站,铁路终点站,27,0,本轮新增名称候选,,固定实体候选,暂缓｜引用正文未直接命中名称,深度游游客,可去Sai Yok Noi瀑布、时间充裕可多住几晚,,,回答名称来自点点AI；正文直接命中是引用帖内字符串核对，不代表热度，也不等于Google事实核验
董里府,交通服务,Koh Kradan Beach,Koh Kradan Beach,海滩,全岛,42,0,本轮新增名称候选,,固定实体候选,暂缓｜引用正文未直接命中名称,追求最美海滩的游客,"2023年英国卫报评选全球最佳海滩No.1,白沙滩砂质细腻",,,回答名称来自点点AI；正文直接命中是引用帖内字符串核对，不代表热度，也不等于Google事实核验
董里府,交通服务,Koh Ngai Beach,Koh Ngai Beach,海滩,东侧,42,0,本轮新增名称候选,,固定实体候选,暂缓｜引用正文未直接命中名称,喜欢安静海滩的游客,"绵长白色沙滩,清澈海水,游客少",,,回答名称来自点点AI；正文直接命中是引用帖内字符串核对，不代表热度，也不等于Google事实核验
呵叻府,交通服务,呵叻府汽车站2,Nakhon Ratchasima Bus Terminal 2,交通节点,呵叻市区,55,0,本轮新增名称候选,,固定实体候选,暂缓｜引用正文未直接命中名称,公共交通游客,可乘车前往披迈石宫等周边景点,,,回答名称来自点点AI；正文直接命中是引用帖内字符串核对，不代表热度，也不等于Google事实核验
罗勇府,交通服务,沙美岛公共码头,Samet Public Pier,公共码头,主街附近,75,0,本轮新增名称候选,,固定实体候选,暂缓｜引用正文未直接命中名称,所有游客,"有标志性雕塑,双条车20-60铢/人,摩托车400铢/天",,,回答名称来自点点AI；正文直接命中是引用帖内字符串核对，不代表热度，也不等于Google事实核验
清莱府,交通服务,清莱夜市车站,Chiang Rai Night Market Station,夜市旁,市中心,69,0,本轮新增名称候选,,固定实体候选,暂缓｜引用正文未直接命中名称,适合逛吃,夜市5点-10点营业、有舞台表演,,,回答名称来自点点AI；正文直接命中是引用帖内字符串核对，不代表热度，也不等于Google事实核验
宋卡府,交通服务,合艾钟楼 Van Terminal,Hatyai Clock Tower Van Terminal,面包车站点,钟楼附近,42,0,本轮新增名称候选,,固定实体候选,暂缓｜引用正文未直接命中名称,往返宋卡,"去宋卡城区,车程约1小时,35泰铢/人,自备零钱",,,回答名称来自点点AI；正文直接命中是引用帖内字符串核对，不代表热度，也不等于Google事实核验
宋卡府,交通服务,宋卡钟楼 Van Terminal,Songkhla Clock Tower Van Terminal,面包车站点,钟楼附近,42,0,本轮新增名称候选,,固定实体候选,暂缓｜引用正文未直接命中名称,返回合艾,返程也在宋卡钟楼附近,,,回答名称来自点点AI；正文直接命中是引用帖内字符串核对，不代表热度，也不等于Google事实核验
素可泰府,交通服务,素可泰老城车站,Sukhothai Old City Station,车站,历史公园800米街上,42,0,本轮新增名称候选,,固定实体候选,暂缓｜引用正文未直接命中名称,清迈/曼谷往返,一家商店代售少量清迈和曼谷巴士票,,,回答名称来自点点AI；正文直接命中是引用帖内字符串核对，不代表热度，也不等于Google事实核验
夜丰颂府,交通服务,Aya Service车站,迷你巴士站,拜县,清迈往返,43,0,本轮新增名称候选,,固定实体候选,暂缓｜引用正文未直接命中名称,150泰铢/人+7:30-17:30每小时发车,强,,,回答名称来自点点AI；正文直接命中是引用帖内字符串核对，不代表热度，也不等于Google事实核验
